direction,gene,p,n_prom,screen_p_simes,screen_fdr,screen_rank,strict_fdr05,kappa,kappa_split_sd,mean_abs_cor,frac_same_sign_alpha_screen,kappaB_mean,omega2_mean,random_loss_mean,retained_ratio_mean_vs_random,kappaB_prom,omega2_prom,random_loss_prom,retained_ratio_prom_vs_random,kappaB_prom_nonprom,omega2_prom_nonprom,random_loss_prom_nonprom,retained_ratio_pnp_vs_random,n_splits,standardized_means
screen1_estimate2,SCARF1,13,6,0.00000745870805304529,0.0527752261456958,1,FALSE,0.367314834583971,0.160940064645888,0.236334634749037,0.615384615384615,0.0141045330182574,0.96160097091033,0.923076923076923,0.499187378165717,-0.0157763354256093,1.04295044452391,0.923076923076923,-0.558355778810876,0.0075520777702395,0.979439769213805,0.846153846153846,0.133641500110268,25,FALSE
screen1_estimate2,RILP,14,10,0.00000803245482635647,0.0527752261456958,2,FALSE,0.430022238379758,0.121458222565866,0.305902362494022,0.714285714285714,0.154343796855565,0.641079499894929,0.928571428571429,5.024887001471,0.160137479696649,0.627606515653664,0.928571428571429,5.21350878084871,0.139509721609138,0.675575565266615,0.857142857142857,2.27097104313369,25,FALSE
screen1_estimate2,ACCN1,55,22,0.0000101124942621336,0.0527752261456958,3,FALSE,0.945727845374795,0.615913169333679,0.373814310211073,0.6,0.0305511541526291,0.967695617399822,0.981818181818182,1.77674104300978,-0.0181021547784651,1.01914097683281,0.981818181818182,-1.05275372580472,0.228594571153781,0.758287151772307,0.963636363636364,6.64710332626155,25,FALSE
screen1_estimate2,TCTEX1D4,8,4,0.0000241665414393233,0.0527752261456958,4,FALSE,0.162580506132998,0.122073006829023,0.387245387616823,1,0.016000875504381,0.901581832379759,0.875,0.787345340961928,0.109002927134907,0.329544914531523,0.875,5.36364068374781,0.130044994452752,0.200119389797142,0.75,3.19952244081143,25,FALSE
screen1_estimate2,HERC1,13,6,0.0000266018811528596,0.0527752261456958,5,FALSE,0.318400367154785,0.221841173927045,0.117828013286984,0.538461538461538,-0.0292413367096314,1.09183826316198,0.923076923076923,-1.19389742110571,-0.032676723446932,1.10262778193044,0.923076923076923,-1.33416116509567,-0.0589254963681924,1.18506730031359,0.846153846153846,-1.20293745203835,25,FALSE
screen1_estimate2,C21orf84,7,6,0.0000280134633013094,0.0527752261456958,6,FALSE,-0.0169210876806786,0.132681837146599,0.307676912438571,0.857142857142857,0.0303133520610683,2.79145410939993,0.857142857142857,-12.5401787657995,-0.00205676663628902,0.878449501881753,0.857142857142857,0.85085348682773,0.120009049232054,8.09227748811247,0.714285714285714,-24.8229712083937,25,FALSE
screen1_estimate2,PRDX6,5,3,0.0000284144504673262,0.0527752261456958,7,FALSE,0.201945606756872,0.149568275552257,0.113195427985377,0.8,-0.00876635682695029,1.04340949509986,0.8,-0.21704747549929,0.062770386337225,0.689171815394845,0.8,1.55414092302578,0.175874833373454,0.129097997238459,0.6,2.17725500690385,25,FALSE
screen1_estimate2,UCP2,9,8,0.0000296868168106366,0.0527752261456958,8,FALSE,0.243693094155913,0.183974571344578,0.205299051638989,0.888888888888889,-0.0220517598770005,1.09048988422664,0.888888888888889,-0.814408958039767,-0.0116972373894428,1.04799987225719,0.888888888888889,-0.431998850314693,0.137098324048606,0.437413995979338,0.777777777777778,2.53163701809298,25,FALSE
screen1_estimate2,MED20,9,6,0.000032973699970572,0.0527752261456958,9,FALSE,0.289946208231439,0.183270057968513,0.276460658961529,0.555555555555556,-0.0333069638912607,1.11487290726932,0.888888888888889,-1.03385616542387,-0.0236047169887506,1.08141067659664,0.888888888888889,-0.732696089369726,0.0716249239059742,0.752971682772267,0.777777777777778,1.1116274275248,25,FALSE
screen1_estimate2,BTBD19,12,3,0.0000362498121589849,0.0527752261456958,10,FALSE,0.445685986120919,0.134025005668962,0.265729584626008,0.583333333333333,-0.0395354943369638,1.08870706185103,0.916666666666667,-1.06448474221231,0.107859961412929,0.757991131038916,0.916666666666667,2.904106427533,0.131263677413681,0.705479459751135,0.833333333333333,1.76712324149319,25,FALSE
screen1_estimate2,BYSL,11,7,0.0000403011888529213,0.0527752261456958,11,FALSE,0.343750478522401,0.219735375014673,0.23985380469043,0.545454545454545,-0.0294371551428366,1.08563524120569,0.909090909090909,-0.941987653262573,-0.0312498158186966,1.09090842855848,0.909090909090909,-0.999992714143268,-0.0677330770369192,1.19704140435838,0.818181818181818,-1.08372772397109,25,FALSE
screen1_estimate2,SYNPO,37,16,0.0000417040431325093,0.0527752261456958,12,FALSE,0.695996153506714,0.469209370535097,0.201908821626891,0.756756756756757,-0.0293808776249983,1.04221413793304,0.972972972972973,-1.56192310352252,-0.0125421741322527,1.01802046472392,0.972972972972973,-0.666757194785097,-0.0261098713001288,1.03751439022842,0.945945945945946,-0.694016219225734,25,FALSE
screen1_estimate2,NINJ1,9,4,0.0000435383893827926,0.0527752261456958,13,FALSE,-0.0615526741597405,0.154675435848721,0.190848824014686,0.666666666666667,-0.00131877832013713,0.978574800556761,0.888888888888889,0.192826794989148,-0.0135111026846274,0.780495277109104,0.888888888888889,1.97554250601806,-0.041566872267981,0.324694290940026,0.777777777777778,3.03887569076988,25,FALSE
screen1_estimate2,COQ4,5,2,0.0000536610346981896,0.0603993274838622,14,FALSE,-0.0672262335002465,0.125065765726722,0.117026262878949,0.6,-0.0188189941868593,0.720064724631788,0.8,1.39967637684106,-0.0515971231790485,0.232485288962987,0.8,3.83757355518506,-0.0676472405691283,-0.00626254137650273,0.6,2.51565635344126,25,FALSE
screen1_estimate2,SSR2,6,3,0.0000852873336937891,0.0895971869564485,15,FALSE,-0.00589528091232105,0.164769831363282,0.144666405932284,0.5,-0.0303917440951355,-4.15526648299613,0.833333333333333,30.9315988979768,0.0163602473805452,3.77514297009199,0.833333333333333,-16.6508578205519,-0.00636824601947318,-0.0802277472755613,0.666666666666667,3.24068324182668,25,FALSE
screen1_estimate2,KIAA1279,12,11,0.0000990833516403723,0.0975847159468116,16,FALSE,0.174896813482905,0.206387318369019,0.289933536454956,0.833333333333333,0.0346954932883482,0.80162306792548,0.916666666666667,2.38052318489424,0.0272960785557165,0.843930383795217,0.916666666666667,1.87283539445739,0.00194073091618213,0.98890356617977,0.833333333333333,0.0665786029213784,25,FALSE
screen1_estimate2,NOL7,5,3,0.000105599099178412,0.0978841532266716,17,FALSE,0.216486418461159,0.0954668616727567,0.210328616939627,0.6,-0.0143265132753108,1.06617742294019,0.8,-0.330887114700944,0.015739931848715,0.927293675230998,0.8,0.363531623845009,-0.0207564713066262,1.09587886138155,0.6,-0.239697153453881,25,FALSE
screen1_estimate2,LUC7L3,5,3,0.000126515467994068,0.105944162930111,18,FALSE,0.0201164238907412,0.111862976005804,0.202296513913237,0.8,-0.0000711742238675958,1.00353811513687,0.8,-0.0176905756843682,-0.0226226818159194,2.12458764732691,0.8,-5.62293823663454,0.0893742539686721,-3.44285000425983,0.6,11.1071250106496,25,FALSE
screen1_estimate2,MYO1G,11,7,0.000127740772666081,0.105944162930111,19,FALSE,1.59780949195504,0.225422714016553,0.425017774320751,0.909090909090909,0.4398312048284,0.724728631890757,0.909090909090909,3.02798504920168,-0.0361919701787809,1.0226509920995,0.909090909090909,-0.249160913094507,1.26680838090469,0.207159309490234,0.818181818181818,4.36062379780371,25,FALSE
screen1_estimate2,PARM1,10,3,0.000143498761097882,0.110750645829422,20,FALSE,0.161447950473648,0.180548319547432,0.197653802402227,0.6,-0.0353895493207013,1.21920098221673,0.9,-2.19200982216727,-0.0433204815106952,1.26832475348001,0.9,-2.68324753480014,-0.00334990401054791,1.02074912689025,0.8,-0.103745634451231,25,FALSE
screen1_estimate2,SLC9A1,19,6,0.000150726265420338,0.110750645829422,21,FALSE,1.08326152847391,0.28438461621242,0.202381036767292,0.789473684210526,0.022910535178257,0.978850411857113,0.947368421052632,0.401842174714846,0.0887332143197226,0.918086988241215,0.947368421052632,1.55634722341691,0.15160700511811,0.860045795836862,0.894736842105263,1.32956493954981,25,FALSE
screen1_estimate2,ATXN7L2,9,7,0.00015462077727169,0.110750645829422,22,FALSE,0.094436737019443,0.145060074366719,0.235824546876529,0.777777777777778,-0.0202856726303474,1.21480700488594,0.888888888888889,-1.93326304397342,-0.0241411410396655,1.25563294329722,0.888888888888889,-2.30069648967495,0.0215119684605566,0.772207626613278,0.777777777777778,1.02506568024025,25,FALSE
screen1_estimate2,ASH2L,5,3,0.000190442996491604,0.130478292987595,23,FALSE,0.066454518213132,0.132607307482739,0.216855341205016,0.6,0.0778817279384862,-0.171955346793803,0.8,5.85977673396902,-0.0348613580641907,1.5245897344765,0.8,-2.62294867238251,0.15826411339571,-1.38154030231816,0.6,5.95385075579539,25,FALSE
screen1_estimate2,PEX10,29,11,0.00020484295634753,0.134496471088516,24,FALSE,1.05600041339585,0.284790510839678,0.299578903409214,0.758620689655172,0.0790058919523443,0.925183843727598,0.96551724137931,2.16966853189965,0.271727696004206,0.742682206789679,0.96551724137931,7.46221600309932,0.246076614484325,0.76697299417431,0.931034482758621,3.37889158447251,25,FALSE
screen1_estimate2,IL6R,14,3,0.000214918474637679,0.135467412933622,25,FALSE,0.406713927543235,0.220012855163529,0.245620763193806,0.785714285714286,-0.0345679709011859,1.08499332961129,0.928571428571429,-1.18990661455811,0.0395582284977314,0.902736971077721,0.928571428571429,1.36168240491191,0.0265074480583108,0.934825324968757,0.857142857142857,0.456222725218702,25,FALSE
screen1_estimate2,HEMK1,9,6,0.000225101254798192,0.136428675888842,26,FALSE,-0.0593067528352406,0.144955495598973,0.203481528548994,0.666666666666667,0.0420443768126262,1.70893068331408,0.888888888888889,-6.38037614982668,0.0710277878863005,2.1976340718505,0.888888888888889,-10.7787066466545,0.0332780064134316,1.56111664899073,0.777777777777778,-2.52502492045828,25,FALSE
screen1_estimate2,GRB2,21,5,0.000247089523391361,0.144208767022262,27,FALSE,0.165141467519625,0.270169665007089,0.287955189060211,0.619047619047619,-0.00242066061285762,1.01465810283277,0.952380952380952,-0.307820159488224,-0.0509588525822267,1.30857696342181,0.952380952380952,-6.48011623185791,-0.0564839585245244,1.34203376882195,0.904761904761905,-3.59135457263043,25,FALSE
screen1_estimate2,PSMC6,6,2,0.000263743887506884,0.148431292119053,28,FALSE,-0.0722524834559258,0.182544285490112,0.235312041722864,0.833333333333333,-0.0504559365431615,0.301671940813776,0.833333333333333,4.18996835511735,-0.0162535508471254,0.775045090913172,0.833333333333333,1.34972945452097,-0.0716286118505277,0.00863460431472496,0.666666666666667,2.97409618705583,25,FALSE
screen1_estimate2,CECR2,7,6,0.000296780238254649,0.150520986051368,29,FALSE,0.185723100684025,0.10728699734832,0.52503492739217,0.714285714285714,-0.00685700802934184,1.03692059848283,0.857142857142857,-0.258444189379838,0.0135042581335617,0.927288215177191,0.857142857142857,0.508982493759662,0.321419394467675,-0.730637671263701,0.714285714285714,6.05723184942295,25,FALSE
screen1_estimate2,RAP1GDS1,5,1,0.000324675591157851,0.150520986051368,30,FALSE,0.0112732816458768,0.165561874015848,0.159695958157805,0.6,-0.0428436531803213,4.80045975308275,0.8,-19.0022987654138,-0.0399385145383767,4.54275851459669,0.8,-17.7137925729834,-0.0965083061199803,9.56079969893043,0.6,-21.4019992473261,25,FALSE
screen1_estimate2,SUFU,16,2,0.000328592567803612,0.150520986051368,31,FALSE,0.811504461496899,0.283417723593079,0.151156165405351,0.625,-0.0169581854221241,1.02089721773167,0.9375,-0.334355483706755,-0.0292658978936824,1.03606375476938,0.9375,-0.577020076310088,-0.0577676253235505,1.07118583823556,0.875,-0.569486705884451,25,FALSE
screen1_estimate2,B3GALTL,13,4,0.000348563653880993,0.150520986051368,32,FALSE,0.208560676606393,0.205724979673617,0.162693440952482,0.538461538461538,-0.00667004614910164,1.0319813219713,0.923076923076923,-0.415757185626928,-0.0252837326156071,1.12122962500416,0.923076923076923,-1.57598512505409,-0.0371507336575904,1.17812913854179,0.846153846153846,-1.15783940052166,25,FALSE
screen1_estimate2,TRUB1,6,4,0.000356210582967004,0.150520986051368,33,FALSE,-0.104429812129612,0.164310993876818,0.24010729861445,0.833333333333333,-0.0361884831958087,0.653465974343669,0.833333333333333,2.07920415393798,0.00233685359206992,1.0223772651163,0.833333333333333,-0.134263590697811,0.0568537634738511,1.54442081542087,0.666666666666667,-1.6332624462626,25,FALSE
screen1_estimate2,BDNF,72,72,0.000358531532866242,0.150520986051368,34,FALSE,-0.047630068994174,0.658054330878615,0.277741305845794,0.736111111111111,-0.019955074091661,0.58104041180159,0.986111111111111,30.1650903502856,-0.019955074091661,0.58104041180159,0.986111111111111,30.1650903502856,,,0.972222222222222,,25,FALSE
screen1_estimate2,TNNT3,30,9,0.00036081059530257,0.150520986051368,35,FALSE,0.678376770579688,0.303141530131364,0.577325655578069,1,0.0711372562993915,0.895136066881236,0.966666666666667,3.14591799356292,0.0589051287346972,0.913167532720259,0.966666666666667,2.60497401839223,0.0512126359536682,0.924507090786871,0.933333333333333,1.13239363819694,25,FALSE
screen1_estimate2,SAPS2,21,2,0.000369489562361289,0.150520986051368,36,FALSE,0.0999676854757678,0.329455741864216,0.221130921923958,0.619047619047619,0.118505572593635,-0.185438794842967,0.952380952380952,24.8942146917023,-0.0170453366752085,1.17050846575157,0.952380952380952,-3.58067778078292,0.110076244606659,-0.101118267195863,0.904761904761905,11.5617418055566,25,FALSE
screen1_estimate2,PHLPP1,12,7,0.000373463301184383,0.150520986051368,37,FALSE,0.216066359963026,0.202057402976427,0.177065049326931,0.583333333333333,-0.0428052789240321,1.19811172332128,0.916666666666667,-2.37734067985542,-0.0343994723333331,1.15920790417916,0.916666666666667,-1.9104948501499,-0.0245810390567189,1.11376615527251,0.833333333333333,-0.682596931635039,25,FALSE
screen1_estimate2,CHCHD2,5,3,0.000374319951627757,0.150520986051368,38,FALSE,0.0962148276938753,0.116134915127406,0.199588159373659,0.6,-0.0374895162060513,1.38964385328768,0.8,-1.94821926643838,-0.045558113469137,1.47350407999574,0.8,-2.3675203999787,-0.0764369669376466,1.79444061554467,0.6,-1.98610153886167,25,FALSE
screen1_estimate2,NETO1,7,7,0.000399634905256683,0.150520986051368,39,FALSE,-0.114450403685892,0.148833173471834,0.726679224212329,1,-0.0295927891716266,0.74143569425195,0.857142857142857,1.80995014023635,-0.0295927891716266,0.74143569425195,0.857142857142857,1.80995014023635,,,0.714285714285714,,25,FALSE
screen1_estimate2,C3orf59,32,10,0.000403092839769754,0.150520986051368,40,FALSE,0.588518408252418,0.326647747131935,0.256619562292815,0.53125,0.0374638294975145,0.936342128007921,0.96875,2.03705190374653,0.00297280800354248,0.994948657574926,0.96875,0.161642957602368,0.0871146358608649,0.8519763619297,0.9375,2.3683782091248,25,FALSE
screen1_estimate2,C12orf73,6,4,0.000409841555589616,0.150520986051368,41,FALSE,0.0434408309778089,0.189304628031158,0.372253519797282,0.833333333333333,0.0616342254675249,-0.418808620373996,0.833333333333333,8.51285172224398,-0.0229283086378616,1.52780547981631,0.833333333333333,-3.16683287889785,0.103244012864994,-1.37665833136882,0.666666666666667,7.12997499410648,25,FALSE
screen1_estimate2,STX10,7,4,0.000420620496721425,0.150520986051368,42,FALSE,-0.118767542977105,0.15588803044532,0.22564935569431,1,-0.0294641104308241,0.751917824581889,0.857142857142857,1.73657522792678,-0.0366214817117469,0.691654127097615,0.857142857142857,2.1584211103167,-0.0540059153343134,0.545280520413525,0.714285714285714,1.59151817855266,25,FALSE
screen1_estimate2,RPS6KC1,11,5,0.000442423030578935,0.150520986051368,43,FALSE,0.0708847875555032,0.144785843980576,0.174603708013139,0.636363636363636,-0.0264707255359537,1.37343309402214,0.909090909090909,-4.10776403424354,-0.0250658060639629,1.35361333409282,0.909090909090909,-3.88974667502105,-0.0563605390496778,1.79510062727559,0.818181818181818,-4.37305345001576,25,FALSE
screen1_estimate2,TNFRSF10A,13,10,0.00044452266099674,0.150520986051368,44,FALSE,0.217369381938642,0.124682373900839,0.28652782481794,0.615384615384615,0.0547485330788123,0.748131348626338,0.923076923076923,3.27429246785761,0.0378012337221389,0.826096787942245,0.923076923076923,2.26074175675082,0.0283786176399588,0.869445193307081,0.846153846153846,0.848606243503975,25,FALSE
screen1_estimate2,DNAI1,6,4,0.000451266887839701,0.150520986051368,45,FALSE,0.313412614775124,0.174245052700995,0.183236045809138,0.666666666666667,-0.0234578268482291,1.07484646674181,0.833333333333333,-0.449078800450842,0.00763203662799166,0.97564859782856,0.833333333333333,0.14610841302864,0.232105486399369,0.259425193954281,0.666666666666667,2.22172441813716,25,FALSE
screen1_estimate2,KIAA0776,5,2,0.000454369632916349,0.150520986051368,46,FALSE,0.36345954378841,0.103046222978634,0.29667219627965,1,0.139814932784402,0.615321883346126,0.8,1.92339058326937,0.154117766983384,0.575969954243092,0.8,2.12015022878454,0.130317592945918,0.641452273924102,0.6,0.896369315189745,25,FALSE
screen1_estimate2,KCTD20,10,8,0.000454400957716188,0.150520986051368,47,FALSE,0.175908230096624,0.174366725084396,0.253744135815725,0.5,0.394102782424823,-1.2403885378663,0.9,22.403885378663,0.217920817970076,-0.238832417621254,0.9,12.3883241762125,0.427339783958234,-1.42933365723424,0.8,12.1466682861712,25,FALSE
screen1_estimate2,ADAMTS10,34,6,0.0004600665631667,0.150520986051368,48,FALSE,0.0170527820575466,0.3835237614707,0.280958828952428,0.617647058823529,0.0154814533123529,0.092145008356467,0.970588235294118,30.8670697158801,-0.0250944333917188,2.47157415763802,0.970588235294118,-50.0335213596926,0.0262265586261259,-0.537963631835634,0.941176470588235,26.1453817412058,25,FALSE
screen1_estimate2,PSMB5,9,8,0.000468049772592779,0.150520986051368,49,FALSE,-0.115049215161092,0.131915395280616,0.218971818704377,0.888888888888889,0.00739234420029844,1.0642537560117,0.888888888888889,-0.578283804105304,0.00828866785878772,1.07204454065316,0.888888888888889,-0.64840086587846,-0.0244819977995437,0.78720413029099,0.777777777777778,0.957581413690546,25,FALSE
screen1_estimate2,PCDHB5,15,15,0.000479505027851478,0.151120804577672,50,FALSE,-0.0951576578736126,0.281942067801763,0.468897898042001,0.6,-0.0254978934360021,0.732045806866451,0.933333333333333,4.01931289700323,-0.0254978934360021,0.732045806866451,0.933333333333333,4.01931289700323,,,0.866666666666667,,25,FALSE
screen1_estimate2,PEAR1,12,5,0.000505703132231932,0.155797899668271,51,FALSE,0.769081527915935,0.12037656601269,0.320021013077321,0.583333333333333,-0.00980270340099111,1.01274598731757,0.916666666666667,-0.152951847810796,-0.010969213448653,1.01426274465124,0.916666666666667,-0.171152935814917,0.059278773815073,0.922922639975885,0.833333333333333,0.46246416014469,25,FALSE
screen1_estimate2,FAM53B,38,9,0.000521285793438418,0.155797899668271,52,FALSE,0.580172658163856,0.426278064729648,0.192850191864498,0.552631578947369,-0.01936047394214,1.03337019363066,0.973684210526316,-1.26806735796491,0.0413800952401587,0.928676240326251,0.973684210526316,2.71030286760245,0.180746991084661,0.68845999800009,0.947368421052632,5.9192600379983,25,FALSE
screen1_estimate2,VARS,67,6,0.000524006135449828,0.155797899668271,53,FALSE,1.70385098932498,0.535351349231391,0.255729238464318,0.567164179104478,0.156518822230313,0.908138197993287,0.985074626865672,6.15474073444975,-0.0230043144432826,1.01350136519415,0.985074626865672,-0.904591468007751,0.179865312645298,0.894436007742346,0.970149253731343,3.53639374063141,25,FALSE
screen1_estimate2,CEP55,7,4,0.000571782178256371,0.165447107168181,54,FALSE,-0.00112368178358684,0.183684084338876,0.180932567470706,0.571428571428571,0.130404102546375,117.050740032573,0.857142857142857,-812.355180228014,0.187064998927585,167.475065859362,0.857142857142857,-1165.32546101553,0.16122928040635,144.483041873029,0.714285714285714,-502.190646555601,25,FALSE
screen1_estimate2,CD276,12,9,0.000581355836191491,0.165447107168181,55,FALSE,0.0587364711185128,0.188863221720822,0.181648807757529,0.666666666666667,0.0229286782554376,0.609634732580813,0.916666666666667,4.68438320903024,-0.015414932205612,1.26244225967388,0.916666666666667,-3.14930711608655,0.0305153241973813,0.480470589800834,0.833333333333333,3.117176461195,25,FALSE
screen1_estimate2,BRIP1,6,5,0.000620939965611896,0.165447107168181,56,FALSE,0.0111892308325656,0.1991262431553,0.418187781297636,1,-0.0636986713326219,6.69285523605704,0.833333333333333,-34.1571314163422,-0.0560580389214618,6.00999932527161,0.833333333333333,-30.0599959516297,-0.0341307466238213,4.05032107519722,0.666666666666667,-9.15096322559165,25,FALSE
screen1_estimate2,PXT1,14,10,0.000636161340802664,0.165447107168181,57,FALSE,0.0935061466774184,0.217824713892498,0.235122882528934,0.642857142857143,0.0638242880124739,0.317432165901801,0.928571428571429,9.55594967737478,0.0990482901040322,-0.0592703648213995,0.928571428571429,14.8297851074996,0.105403032362964,-0.127231054944316,0.857142857142857,7.89061738461022,25,FALSE
screen1_estimate2,SENP7,7,3,0.000646662263108067,0.165447107168181,58,FALSE,-0.119764979636425,0.186923077322365,0.156955834404524,0.714285714285714,-0.0286327927727066,0.760925164771636,0.857142857142857,1.67352384659855,-0.0392289009349013,0.672450986473758,0.857142857142857,2.29284309468369,-0.0403623061909771,0.662987408226457,0.714285714285714,1.1795440712074,25,FALSE
screen1_estimate2,GCHFR,5,2,0.000648337786394906,0.165447107168181,59,FALSE,0.0588930360982257,0.139728492313872,0.265711770930849,1,0.0830700399210372,-0.410523984236226,0.8,7.05261992118113,0.0489086079162825,0.16953495427355,0.8,4.15232522863225,0.0200594385726335,0.65939201132071,0.6,0.851519971698225,25,FALSE
screen1_estimate2,CLN3,5,3,0.000663601692660488,0.165447107168181,60,FALSE,-0.105068272725171,0.12821422960164,0.143154189528166,0.6,-0.0283738399370635,0.72994854487347,0.8,1.35025727563265,-0.051908426373721,0.505955270536341,0.8,2.47022364731829,-0.100892588862912,0.0397425764596049,0.6,2.40064355885099,25,FALSE
screen1_estimate2,MRPS5,5,5,0.000682456655401646,0.165447107168181,61,FALSE,0.0803721436908626,0.193902851897869,0.156602191956115,0.6,-0.0738817626954314,1.9192458892176,0.8,-4.59622944608798,-0.0738817626954314,1.9192458892176,0.8,-4.59622944608798,,,0.6,,25,FALSE
screen1_estimate2,PFDN1,12,6,0.000705227759352996,0.165447107168181,62,FALSE,-0.211622339328356,0.150476356175833,0.135948459952136,0.833333333333333,-0.0309355816491775,0.853817032042267,0.916666666666667,1.75419561549279,0.00765953490401622,1.03619435891469,0.916666666666667,-0.434332306976246,-0.0178663804285159,0.915574222999235,0.833333333333333,0.506554662004588,25,FALSE
screen1_estimate2,PDX1,30,12,0.000717354724653616,0.165447107168181,63,FALSE,-0.170534067086385,0.454810325375214,0.378356869796883,0.966666666666667,-0.0255150133323208,0.85038172273581,0.966666666666667,4.48854831792571,-0.0344127692600562,0.79820589605346,0.966666666666667,6.0538231183962,-0.0514208926509796,0.698471434303317,0.933333333333333,4.52292848545025,25,FALSE
screen1_estimate2,PSD4,10,4,0.000717929761345827,0.165447107168181,64,FALSE,0.758779479706743,0.241292958934028,0.440705628960902,0.6,0.0524788947203363,0.930837751779188,0.9,0.69162248220812,0.258040394016649,0.659927026339223,0.9,3.40072973660777,0.247984129298962,0.673180237564142,0.8,1.63409881217929,25,FALSE
screen1_estimate2,C2orf60,9,4,0.000721059473624919,0.165447107168181,65,FALSE,-0.162022677033324,0.196592263199022,0.217711513365454,0.888888888888889,-0.0107075434003041,0.933913304011748,0.888888888888889,0.594780263894269,-0.0467124261945665,0.711692047990549,0.888888888888889,2.59477156808506,-0.0599165453712055,0.630196547370452,0.777777777777778,1.66411553683297,25,FALSE
screen1_estimate2,THBS1,24,15,0.000727466482353714,0.165447107168181,66,FALSE,-0.303252219342947,0.367848618759103,0.278322253184063,0.708333333333333,0.0733441035629832,1.24185842307073,0.958333333333333,-5.80460215369745,0.183894621587032,1.60640816408689,0.958333333333333,-14.5537959380854,0.156597543643756,1.51639372659186,0.916666666666667,-6.1967247191023,25,FALSE
screen1_estimate2,GRM7,25,9,0.000727471200505358,0.165447107168181,67,FALSE,-0.0353731403103342,0.276612994726287,0.403124558343537,0.56,0.0553456119014991,2.56462251911883,0.96,-39.1155629779708,-0.0127217307541362,0.640356195618303,0.96,8.99109510954243,0.047860042063629,2.35300517974218,0.92,-16.9125647467772,25,FALSE
screen1_estimate2,BTBD16,9,5,0.000741893434561087,0.165447107168181,68,FALSE,0.186324435828957,0.126679093990305,0.305932989028067,0.555555555555556,0.0455706200854694,0.755423276164902,0.888888888888889,2.20119051451588,0.173205165153267,0.0704108970856271,0.888888888888889,8.36630192622935,0.139479731566926,0.25141471140712,0.777777777777778,3.36863379866796,25,FALSE
screen1_estimate2,IER2,13,10,0.000781152351054075,0.165447107168181,69,FALSE,0.257620674951371,0.165467802296241,0.269246077728174,0.923076923076923,-0.034374014679062,1.13342878899588,0.923076923076923,-1.7345742569464,-0.0269189539959466,1.10449065860505,0.923076923076923,-1.35837856186567,-0.0442151567275233,1.17162891423939,0.846153846153846,-1.11558794255605,25,FALSE
screen1_estimate2,CENPH,5,4,0.000781377153930016,0.165447107168181,70,FALSE,-0.0427395439990342,0.250384833491643,0.163860186752476,1,0.0548411067876445,2.28314674552643,0.8,-6.41573372763216,0.0231691118060614,1.5421001170856,0.8,-2.71050058542798,-0.0209834718021362,0.509038472600214,0.6,1.22740381849946,25,FALSE
screen1_estimate2,C2orf47,10,7,0.000801177192916577,0.165447107168181,71,FALSE,-0.182518822057287,0.172248354502921,0.184217878109761,0.9,0.000543793280111857,1.00297938192885,0.9,-0.0297938192884662,-0.00309494458067937,0.983043148395359,0.9,0.169568516046414,-0.0426145060817958,0.766519936949733,0.8,1.16740031525133,25,FALSE
screen1_estimate2,RRM2,10,5,0.000805217682713714,0.165447107168181,72,FALSE,0.345079497545117,0.18044262303643,0.161722717910423,0.6,-0.00634706359042945,1.01839304750234,0.9,-0.183930475023355,-0.0354340006873582,1.10268358722971,0.9,-1.02683587229709,-0.0372126334801402,1.10783785691375,0.8,-0.539189284568765,25,FALSE
screen1_estimate2,CLK4,7,4,0.000805932807833758,0.165447107168181,73,FALSE,0.186297236220505,0.171403165347066,0.146213271695495,0.714285714285714,0.00137823502958661,0.992601956649774,0.857142857142857,0.0517863034515827,0.0407957066468219,0.781018186450521,0.857142857142857,1.53287269484635,0.0483195420253287,0.740631997523911,0.714285714285714,0.907788008666313,25,FALSE
screen1_estimate2,SLC11A2,9,6,0.000806681850219496,0.165447107168181,74,FALSE,-0.167456511696835,0.181296064258246,0.190570043175373,0.555555555555556,-0.0107692080857277,0.935689523347863,0.888888888888889,0.578794289869235,-0.0192531050814428,0.885026238237312,0.888888888888889,1.0347638558642,-0.08025797744699,0.520723460474981,0.777777777777778,2.15674442786258,25,FALSE
screen1_estimate2,TAX1BP1,6,5,0.000808784242813592,0.165447107168181,75,FALSE,0.255812702047914,0.114855872794702,0.231455648113991,0.833333333333333,-0.0441186749958859,1.17246475504419,0.833333333333333,-1.03478853026514,0.00697595577080537,0.972730221310517,0.833333333333333,0.1636186721369,0.251461620164102,0.0170088578439588,0.666666666666667,2.94897342646812,25,FALSE
screen1_estimate2,GMCL1,8,2,0.000809046118531161,0.165447107168181,76,FALSE,0.464640571417789,0.151757955135353,0.17768585915047,0.875,0.106464758044287,0.770866418919416,0.875,1.83306864864467,0.245780405362402,0.471031114195568,0.875,4.23175108643545,0.224344847215279,0.517164748375888,0.75,1.93134100649645,25,FALSE
screen1_estimate2,ZNF662,10,9,0.000839205084271701,0.165447107168181,77,FALSE,0.149760421185812,0.201225317439706,0.387859605674217,0.6,0.00612778808114409,0.959082726713615,0.9,0.409172732863855,0.0489122651006843,0.673396584268434,0.9,3.26603415731566,0.334530845046367,-1.23377339885619,0.8,11.168866994281,25,FALSE
screen1_estimate2,FLII,14,4,0.00084465809128526,0.165447107168181,78,FALSE,0.143772310043217,0.27186168453613,0.195564936995461,0.571428571428571,-0.049669080182286,1.3454704189378,0.928571428571429,-4.83658586512925,-0.0385861337808492,1.26838362525615,0.928571428571429,-3.75737075358604,-0.099559502300573,1.6924803689295,0.857142857142857,-4.84736258250648,25,FALSE
screen1_estimate2,EARS2,9,8,0.000847722026881092,0.165447107168181,79,FALSE,0.0854995309516477,0.187065106152407,0.198771190682511,0.555555555555556,-0.001500142917602,1.01754562745438,0.888888888888889,-0.157910647089437,-0.0229830765387082,1.26880938740712,0.888888888888889,-2.41928448666405,0.0916273674395486,-0.0716709953808563,0.777777777777778,4.82251947921385,25,FALSE
screen1_estimate2,MACC1,8,6,0.000859976132808771,0.165447107168181,80,FALSE,0.560061445571495,0.165017643442884,0.249930242996604,0.5,-0.0699725067752632,1.12493719631756,0.875,-0.999497570540491,-0.011790136528208,1.02105150536862,0.875,-0.168412042948997,0.181438383352048,0.676038433306356,0.75,1.29584626677457,25,FALSE
screen1_estimate2,ALOX15,9,4,0.000867272412655377,0.165447107168181,81,FALSE,-0.0768060285270095,0.190345040136865,0.266935988849417,0.777777777777778,0.00125726287477606,1.01636932541479,0.888888888888889,-0.147323928733087,0.0423667134676731,1.55160661578504,0.888888888888889,-4.96445954206538,0.0488485511600027,1.63599891957471,0.777777777777778,-2.86199513808622,25,FALSE
screen1_estimate2,LEKR1,8,5,0.000884352360747716,0.165447107168181,82,FALSE,0.153317157110918,0.14675761417804,0.15076212472261,0.625,0.0274693198462886,0.820833360310642,0.875,1.43333311751486,0.0365808450727081,0.761404100088789,0.875,1.90876719928969,0.00971926123768765,0.936606825871053,0.75,0.25357269651579,25,FALSE
screen1_estimate2,MIR1185-2,5,5,0.000899154453745029,0.165447107168181,83,FALSE,-0.113179921016479,0.100543374344798,0.807182992443697,1,0.0244712478109762,1.21621545227455,0.8,-1.08107726137277,0.0244712478109762,1.21621545227455,0.8,-1.08107726137277,,,0.6,,25,FALSE
screen1_estimate2,C9orf25,12,2,0.000902533775679402,0.165447107168181,84,FALSE,0.567810785973492,0.232263925853489,0.225000135619869,0.916666666666667,0.012335175517463,0.978275904892658,0.916666666666667,0.260689141288108,0.144290251902868,0.745883214149433,0.916666666666667,3.0494014302068,0.263380696728798,0.536147070053907,0.833333333333333,2.78311757967656,25,FALSE
screen1_estimate2,CRTC1,28,2,0.000910040660089741,0.165447107168181,85,FALSE,1.11756703501131,0.344188028660509,0.206300449955654,0.535714285714286,-0.0223795640740856,1.02002525430061,0.964285714285714,-0.560707120417213,0.0669523498401524,0.940090976431249,0.964285714285714,1.67745265992504,0.0602629456960571,0.946076661347257,0.928571428571429,0.754926741138404,25,FALSE
screen1_estimate2,C9orf119,6,5,0.000915852407400644,0.165447107168181,86,FALSE,-0.20610474084829,0.192981035807904,0.130053489827196,0.666666666666667,-0.0192383396968361,0.906657461552536,0.833333333333333,0.560055230684783,-0.0197201284476788,0.90431986975887,0.833333333333333,0.57408078144678,-0.049689901916872,0.75890946655396,0.666666666666667,0.723271600338119,25,FALSE
screen1_estimate2,GOLGA2,6,2,0.000915852407400644,0.165447107168181,87,FALSE,-0.159553121296374,0.219818381663336,0.144482428430077,0.833333333333333,-0.0119675472321762,0.9249933367963,0.833333333333333,0.450039979222199,-0.0229949988362952,0.855878727727418,0.833333333333333,0.864727633635495,-0.030114045280389,0.811260067896438,0.666666666666667,0.566219796310685,25,FALSE
screen1_estimate2,GNAI3,8,3,0.000931962821312339,0.165447107168181,88,FALSE,0.069142075032395,0.149052923264884,0.233293923950337,0.625,0.0139519884976182,0.798212759870437,0.875,1.6142979210365,0.0747995938181117,-0.0818245443612449,0.875,8.65459635488996,0.0265059044605725,0.61664580578246,0.75,1.53341677687016,25,FALSE
screen1_estimate2,NOLC1,7,5,0.000954495872939379,0.165447107168181,89,FALSE,0.317575759763224,0.169942173931289,0.169448999450369,0.571428571428571,0.0388570731999826,0.877644713094748,0.857142857142857,0.856487008336764,-0.0165378076327374,1.05207515726347,0.857142857142857,-0.364526100844324,0.190992325447171,0.398592872486335,0.714285714285714,2.10492494629783,25,FALSE
screen1_estimate2,MIR329-2,9,9,0.000965113649327221,0.165447107168181,90,FALSE,-0.0974441709762978,0.177037963190827,0.747958368058766,1,0.0313320157214824,1.32153812185547,0.888888888888889,-2.89384309669925,0.0313320157214824,1.32153812185547,0.888888888888889,-2.89384309669925,,,0.777777777777778,,25,FALSE
screen1_estimate2,PHF11,10,10,0.000966568571676532,0.165447107168181,91,FALSE,0.191130232157568,0.157526270374722,0.423193434684145,0.8,-0.000173978048761055,1.00091025918191,0.9,-0.00910259181905016,-0.000173978048761055,1.00091025918191,0.9,-0.00910259181905016,,,0.8,,25,FALSE
screen1_estimate2,EED,9,5,0.000972435586821021,0.165447107168181,92,FALSE,-0.102582065882997,0.152388057164877,0.234719739282607,0.555555555555556,-0.0411050079338243,0.599296352827329,0.888888888888889,3.60633282455404,-0.00504687610259251,0.950801574727995,0.888888888888889,0.442785827448042,-0.103306628809751,-0.00706325146131959,0.777777777777778,4.53178463157594,25,FALSE
screen1_estimate2,PANK4,42,12,0.000978192170362619,0.165447107168181,93,FALSE,0.513175998834426,0.502549999651005,0.178530840630693,0.595238095238095,0.119636167959624,0.766871076918341,0.976190476190476,9.79141476942966,0.0512954799877462,0.900043103917071,0.976190476190476,4.19818963548303,0.0826905956692357,0.838865036835218,0.952380952380952,3.38383422646043,25,FALSE
screen1_estimate2,RPS18,31,13,0.000997001762343986,0.165447107168181,94,FALSE,1.91888641218414,0.438479587697966,0.266656353027448,0.645161290322581,0.354758448971187,0.815122746860566,0.967741935483871,5.73119484732245,-0.0185526716991823,1.00966845748731,0.967741935483871,-0.29972218210666,0.732581559059171,0.61822567797261,0.935483870967742,5.91750199142455,25,FALSE
screen1_estimate2,REXO2,6,4,0.00101053183745871,0.165447107168181,95,FALSE,0.128768705707005,0.155156032141084,0.219634561656974,0.666666666666667,0.059181421573925,0.540405246375747,0.833333333333333,2.75756852174552,0.159997171195297,-0.242515953832352,0.833333333333333,7.45509572299411,0.151131521824088,-0.173666544167698,0.666666666666667,3.5209996325031,25,FALSE
screen1_estimate2,ACBD6,11,7,0.00101364446819932,0.165447107168181,96,FALSE,0.292014570436572,0.195098745400251,0.132019601571467,0.636363636363636,0.00256370744283251,0.991220618070531,0.909090909090909,0.0965732012241593,-0.0352483613790758,1.12070754321053,0.909090909090909,-1.32778297531579,0.0822020392755926,0.718500213353404,0.818181818181818,1.54824882655628,25,FALSE
screen1_estimate2,UBFD1,11,7,0.00103610469952133,0.165447107168181,97,FALSE,0.00396705396912849,0.234497894670958,0.167617628325544,0.545454545454545,0.031040807877972,-6.82464975761124,0.909090909090909,86.0711473337236,0.0114694890176081,-1.89118552630322,0.909090909090909,31.8030407893355,-0.0138799622432509,4.49880852422588,0.818181818181818,-19.2434468832423,25,FALSE
screen1_estimate2,FAM168A,10,7,0.00104477141468848,0.165447107168181,98,FALSE,0.0286958948327843,0.136842404247724,0.168466898768313,0.6,0.0395373447277384,-0.377804907570542,0.9,13.7780490757054,0.00809505032656169,0.717902146849475,0.9,2.82097853150525,0.0828733631369498,-1.88798671795623,0.8,14.4399335897811,25,FALSE
screen1_estimate2,TUBGCP6,13,5,0.00104690649413355,0.165447107168181,99,FALSE,-0.00817826296204844,0.224672020151571,0.174424669257199,0.538461538461538,-0.0279812463099314,-2.42141680204947,0.923076923076923,44.4784184266432,-0.0330971832532367,-3.046969803591,0.923076923076923,52.610607446683,-0.0617799435515298,-6.55416447700717,0.846153846153846,49.1020691005466,25,FALSE
screen1_estimate2,BTBD1,8,5,0.00104992452829154,0.165447107168181,100,FALSE,0.360506521563835,0.153457090858047,0.140959732714405,0.5,0.0444197807134457,0.876785084162256,0.875,0.98571932670195,-0.0164429492151883,1.04561068449986,0.875,-0.364885475998841,0.000197492820505116,0.999452179617588,0.75,0.00219128152964787,25,FALSE
screen1_estimate2,HNRPA1L-2,15,8,0.00106810524312526,0.166234097986843,101,FALSE,0.211635627915442,0.241139670691044,0.337063790038021,0.666666666666667,-0.0319568876618953,1.15099956456605,0.933333333333333,-2.26499346849082,-0.00584809387008634,1.027632842011,0.933333333333333,-0.414492630165012,0.196436851979947,0.0718157716883434,0.866666666666667,6.96138171233743,25,FALSE
screen1_estimate2,C3orf67,12,9,0.00108146978516043,0.166234097986843,102,FALSE,0.350672748587713,0.140761165913134,0.214237234759439,0.583333333333333,0.125217628096134,0.642921702355172,0.916666666666667,4.28493957173794,0.187631539584649,0.464938349671284,0.916666666666667,6.4207398039446,0.179989450216417,0.486731002219876,0.833333333333333,3.07961398668074,25,FALSE
screen1_estimate2,ZMIZ2,12,10,0.00110965519002258,0.166234097986843,103,FALSE,0.459123884785249,0.192577164387796,0.195156203491677,0.833333333333333,-0.02522782190607,1.05494774448049,0.916666666666667,-0.659372933765885,0.0119079636779306,0.974063724252768,0.916666666666667,0.311235308966785,0.00644022210406303,0.985972800985783,0.833333333333333,0.0841631940853007,25,FALSE
screen1_estimate2,CA8,10,5,0.00111800864672084,0.166234097986843,104,FALSE,0.167920688961322,0.166455882371955,0.44795766128602,0.5,0.0582302437509671,0.653227698676369,0.9,3.46772301323631,0.0871066496642839,0.48126314748299,0.9,5.18736852517011,0.0502903330877502,0.700511393808455,0.8,1.49744303095773,25,FALSE
screen1_estimate2,DNAJB1,7,3,0.0011243148462838,0.166234097986843,105,FALSE,0.141726922745685,0.121174452615766,0.20140012516962,0.714285714285714,-0.0248945817852311,1.17565174846773,0.857142857142857,-1.22956223927414,-0.0241018118086959,1.17005810428795,0.857142857142857,-1.19040673001565,-0.0424497297116732,1.29951775491411,0.714285714285714,-1.04831214219939,25,FALSE
screen1_estimate2,CORO6,15,5,0.00112995966524022,0.166234097986843,106,FALSE,0.380484547164277,0.186694198682883,0.266192774509875,0.666666666666667,-0.0338038988626462,1.08884434102406,0.933333333333333,-1.33266511536083,0.0245257270625495,0.935540806465498,0.933333333333333,0.966887903017529,0.036842690348872,0.903169023227204,0.866666666666667,0.726232325795971,25,FALSE
screen1_estimate2,FAM83G,15,3,0.00113348511432188,0.166234097986843,107,FALSE,0.150978829936491,0.274951266617627,0.138729960770151,0.666666666666667,0.210466619524864,-0.394014111868509,0.933333333333333,20.9102116780276,0.0639086091283833,0.576704832357845,0.933333333333333,6.34942751463233,0.130468090278802,0.135851759258676,0.866666666666667,6.48111180555994,25,FALSE
screen1_estimate2,HNRNPA1,16,11,0.00113931225933361,0.166234097986843,108,FALSE,0.152603791614944,0.244744672838177,0.346011864229696,0.6875,-0.0324385013733803,1.21256681128363,0.9375,-3.40106898053809,0.00293273634242038,0.980782021787372,0.9375,0.307487651402044,0.356640275647166,-1.33703417112371,0.875,18.6962733689897,25,FALSE
screen1_estimate2,TTN,26,4,0.00116016267389746,0.167071308788442,109,FALSE,0.653516515479971,0.271545666899553,0.368277598915665,0.961538461538461,0.00874144609032727,0.986623985954039,0.961538461538461,0.347776365194975,-0.0299106481879386,1.0457687716828,0.961538461538461,-1.18998806375268,-0.00652682122169914,1.00998723225366,0.923076923076923,-0.129834019297543,25,FALSE
screen1_estimate2,PSMB10,9,3,0.00116994530400897,0.167071308788442,110,FALSE,-0.0974436776875092,0.189458329053404,0.215016826557189,0.666666666666667,-0.0396138097797617,0.593469676844518,0.888888888888889,3.65877290839934,-0.0185941788109226,0.809180243888659,0.888888888888889,1.71737780500207,-0.0385572920602886,0.60431201925755,0.777777777777778,1.78059591334102,25,FALSE
screen1_estimate2,SPINLW1,5,4,0.0011768571694071,0.167071308788442,111,FALSE,0.0535596571586396,0.145483688937888,0.718232236949955,1,0.107910016383227,-1.01476301582003,0.8,10.0738150791001,0.103461858395995,-0.931712484446055,0.8,9.65856242223028,0.0751297791610737,-0.402730770634791,0.6,3.50682692658698,25,FALSE
screen1_estimate2,TRIM14,5,0,0.00119769023051367,0.168089887936249,112,FALSE,0.106353823079446,0.155746226906378,0.159388255632065,0.6,-0.0400533393358922,1.37660460316478,0.8,-1.88302301582391,,,0.8,,,,0.6,,25,FALSE
screen1_estimate2,MIR1247,7,7,0.00120685317866734,0.168089887936249,113,FALSE,-0.173874669442008,0.14451162481061,0.765772764375327,1,-0.0152134836538931,0.912503162750988,0.857142857142857,0.612477860743083,-0.0152134836538931,0.912503162750988,0.857142857142857,0.612477860743083,,,0.714285714285714,,25,FALSE
screen1_estimate2,SPRED2,25,9,0.0012242557697408,0.168089887936249,114,FALSE,0.0789883945322757,0.279288429384926,0.172394080448764,0.68,-0.0232933815106926,1.2948962521472,0.96,-7.37240630368004,-0.0390180672414362,1.4939721521431,0.96,-12.3493038035774,-0.0656269618186132,1.83084309039598,0.92,-10.3855386299498,25,FALSE
screen1_estimate2,TBX15,52,50,0.00123774178764774,0.168089887936249,115,FALSE,1.20303626480444,0.439716229442146,0.530109918082261,0.923076923076923,-0.0173261946802049,1.0144020551891,0.980769230769231,-0.748906869833313,-0.0166447065098801,1.01383558168347,0.980769230769231,-0.719450247540501,-0.0161372788430322,1.01341379251411,0.961538461538461,-0.348758605366762,25,FALSE
screen1_estimate2,C14orf64,7,4,0.00124243947518259,0.168089887936249,116,FALSE,0.238308434782951,0.142159056212118,0.518229654785571,0.857142857142857,0.0261859963673424,0.890117207176522,0.857142857142857,0.769179549764346,0.204303616958253,0.142692464308575,0.857142857142857,6.00115274983998,0.340692813618088,-0.429629689475266,0.714285714285714,5.00370391316343,25,FALSE
screen1_estimate2,STK32B,21,10,0.00124819589599741,0.168089887936249,117,FALSE,0.486170467045284,0.198852589594875,0.316102421702048,0.523809523809524,-0.01436598648144,1.02954927840177,0.952380952380952,-0.620534846437186,-0.0281908986865115,1.05798562561367,0.952380952380952,-1.21769813788709,0.0346593481226381,0.928709474408675,0.904761904761905,0.74855051870891,25,FALSE
screen1_estimate2,SPTY2D1,5,3,0.00127133360323551,0.168089887936249,118,FALSE,-0.060140957117204,0.134046694178502,0.0812644319223593,0.6,0.0224152417287343,1.37271175590124,0.8,-1.8635587795062,-0.0295474640043829,0.508696478727464,0.8,2.45651760636268,-0.0363978651966738,0.394790722639468,0.6,1.51302319340133,25,FALSE
screen1_estimate2,C11orf1,5,4,0.00128153485097493,0.168089887936249,119,FALSE,0.252555229616819,0.100899250622951,0.20261120287831,0.8,-0.0540195547457489,1.21389204582185,0.8,-1.06946022910926,-0.0560759631142738,1.22203445638149,0.8,-1.11017228190747,-0.0396062814188777,1.15682225816099,0.6,-0.392055645402483,25,FALSE
screen1_estimate2,PELO,17,15,0.0012907476408085,0.168089887936249,120,FALSE,0.18542001638789,0.241649778133606,0.278811006551498,0.882352941176471,-0.0396137046048771,1.21364308652636,0.941176470588235,-3.63193247094813,-0.052518235044597,1.2832392967474,0.941176470588235,-4.81506804470577,0.035046987006584,0.810985956698076,0.882352941176471,1.60661936806635,25,FALSE
screen1_estimate2,PTGDR,15,7,0.00129106485077786,0.168089887936249,121,FALSE,-0.242119775509581,0.260354190353575,0.360049589908996,0.733333333333333,-0.00740709516745427,0.969407310279118,0.933333333333333,0.458890345813234,-0.0310339615242666,0.87182392904937,0.933333333333333,1.92264106425945,0.0232198766868791,1.09590243770055,0.866666666666667,-0.719268282754138,25,FALSE
screen1_estimate2,WDTC1,10,7,0.00130136859552115,0.168089887936249,122,FALSE,0.159619730092114,0.19523116199022,0.126782554766428,0.8,-0.0587834261940007,1.36827168019942,0.9,-3.68271680199419,-0.043914384793198,1.2751187761554,0.9,-2.75118776155402,-0.018394150352145,1.11523732273905,0.8,-0.576186613695251,25,FALSE
screen1_estimate2,NALCN,25,16,0.00133806541772661,0.169132850113523,123,FALSE,-0.45933983761705,0.410786114246131,0.33409560411142,0.56,-0.0348496745534438,0.924130955559535,0.96,1.89672611101161,-0.0357332176147962,0.922207449281621,0.96,1.94481376795946,-0.0210290351628178,0.954219004230263,0.92,0.572262447121712,25,FALSE
screen1_estimate2,DDX60L,10,10,0.00133867272485342,0.169132850113523,124,FALSE,0.198658141739485,0.240045611428994,0.406930299019804,0.8,0.0400900777237378,0.798195647192196,0.9,2.01804352807804,0.0400900777237378,0.798195647192196,0.9,2.01804352807804,,,0.8,,25,FALSE
screen1_estimate2,PKMYT1,7,4,0.00134164273792299,0.169132850113523,125,FALSE,0.553551095801216,0.161310421080629,0.209814370739906,0.857142857142857,0.197484424745563,0.643240838572053,0.857142857142857,2.49731412999563,0.0496769350993399,0.910257724217063,0.857142857142857,0.628195930480562,0.200902567201487,0.637065902813004,0.714285714285714,1.27026934015449,25,FALSE
screen1_estimate2,BOP1,18,1,0.0013538244130787,0.16931400874043,126,FALSE,0.850122367079811,0.273074982211053,0.156162895590038,0.666666666666667,0.00525628184182641,0.993817029117959,0.944444444444444,0.111293475876742,0.0536868739743332,0.936848063227946,0.944444444444444,1.13673486189697,0.0340289040831463,0.959971757712909,0.888888888888889,0.360254180583823,25,FALSE
screen1_estimate2,FBXO5,8,8,0.00138350860073275,0.17044721112759,127,FALSE,0.0776156403384326,0.187202091043363,0.163582312681548,0.5,-0.0456674907915391,1.58838000424157,0.875,-4.70704003393255,-0.0456674907915391,1.58838000424157,0.875,-4.70704003393255,,,0.75,,25,FALSE
screen1_estimate2,PALMD,6,5,0.00138451853181442,0.17044721112759,128,FALSE,0.192710279700735,0.103120099945908,0.558193369979412,0.833333333333333,-0.0191398751411185,1.09931943003166,0.833333333333333,-0.595916580189949,-0.039914344551707,1.20712099330503,0.833333333333333,-1.2427259598302,0.119395256801624,0.380441681746108,0.666666666666667,1.85867495476168,25,FALSE
screen1_estimate2,TPSD1,8,2,0.00142916046851706,0.174178466470807,129,FALSE,0.244731224772891,0.156029347775253,0.620919381282529,0.875,0.0897592857667803,0.633233209819971,0.875,2.93413432144023,0.0188830323823975,0.922841752620979,0.875,0.617265979032167,0.0686447247691111,0.719509740398623,0.75,1.12196103840551,25,FALSE
screen1_estimate2,MRPL16,5,2,0.00147062404576934,0.174178466470807,130,FALSE,0.118329973406331,0.110470373773864,0.0842305137957606,0.6,-0.0182820170206123,1.15450030532699,0.8,-0.772501526634934,0.118220817739606,0.000922468446351132,0.8,4.99538765776825,0.133909115384821,-0.131658459222278,0.6,2.82914614805569,25,FALSE
screen1_estimate2,USP15,9,7,0.00148613264816558,0.174178466470807,131,FALSE,-0.0562696838047985,0.186990874371032,0.224834900461291,0.888888888888889,0.0637171418867246,2.1323529399554,0.888888888888889,-10.1911764595986,0.127266980492149,3.26173263979308,0.888888888888889,-20.3555937581377,0.0969529056083022,2.72300427250729,0.777777777777778,-7.75351922628281,25,FALSE
screen1_estimate2,IQGAP2,26,4,0.00149325050570102,0.174178466470807,132,FALSE,0.645666712169092,0.286686695294447,0.367654926017069,0.769230769230769,0.180668367804548,0.720183239433857,0.961538461538461,7.27523577471973,0.358866791664239,0.444191895136362,0.961538461538461,14.4510107264546,0.604441731027598,0.0638487014500091,0.923076923076923,12.1699668811499,25,FALSE
screen1_estimate2,CBX5,21,21,0.00149534734037537,0.174178466470807,133,FALSE,-0.235628585796521,0.278909289701566,0.260063735985559,0.80952380952381,-0.0138507833070584,0.941217729333488,0.952380952380952,1.23442768399674,-0.0138507833070584,0.941217729333488,0.952380952380952,1.23442768399674,,,0.904761904761905,,25,FALSE
screen1_estimate2,SPG11,10,8,0.00150787030834836,0.174178466470807,134,FALSE,0.0264643146992414,0.284878680533208,0.17891872135172,0.6,-0.0283950255204507,2.07295525477048,0.9,-10.7295525477048,-0.0639057213754205,3.41478844631682,0.9,-24.1478844631682,0.0217259386075593,0.179047753381573,0.8,4.10476123309214,25,FALSE
screen1_estimate2,ITGA1,20,9,0.00151852663624529,0.174178466470807,135,FALSE,0.372336555091729,0.287481921814818,0.227471563825838,0.85,-0.00207326148930469,1.00556824588119,0.95,-0.111364917623731,-0.0546697992267254,1.14682898705247,0.95,-2.93657974104944,-0.0207244324389363,1.05566048284953,0.9,-0.556604828495302,25,FALSE
screen1_estimate2,FDXACB1,6,3,0.00153784182116992,0.174178466470807,136,FALSE,0.389552608512919,0.152088606511945,0.204456202945917,0.666666666666667,0.0163956307159003,0.957911639255891,0.833333333333333,0.252530164464652,-0.0652995819464552,1.1676271202386,0.833333333333333,-1.0057627214316,-0.00743065431571327,1.01907484163456,0.666666666666667,-0.0572245249036769,25,FALSE
screen1_estimate2,MTHFD1,16,7,0.00154112628771445,0.174178466470807,137,FALSE,0.67703216168189,0.187771582125576,0.135656761659748,0.5625,-0.0120963838422031,1.01786677875413,0.9375,-0.285868460066137,-0.0229562136060528,1.03390712421848,0.9375,-0.542513987495653,-0.049803226339979,1.07356109378358,0.875,-0.588488750268612,25,FALSE
screen1_estimate2,SETD7,11,3,0.0015490396844929,0.174178466470807,138,FALSE,-0.0145448371043143,0.185089498902003,0.206760872142736,0.636363636363636,0.0632519946117637,5.34875923038025,0.909090909090909,-47.8363515341827,-0.0320038915469797,-1.2003609471492,0.909090909090909,24.2039704186412,0.0344059735699894,3.36551109670276,0.818181818181818,-13.0103110318652,25,FALSE
screen1_estimate2,HTR1A,14,14,0.00157841734337699,0.174178466470807,139,FALSE,0.37927074858466,0.198354483052481,0.548429103184068,1,-0.0252089018113033,1.06646677052047,0.928571428571429,-0.930534787286574,-0.0252089018113033,1.06646677052047,0.928571428571429,-0.930534787286574,,,0.857142857142857,,25,FALSE
screen1_estimate2,ZSWIM7,7,2,0.00158971608962966,0.174178466470807,140,FALSE,-0.148956166911551,0.149256551218221,0.154648636923165,0.714285714285714,-0.0498145316567757,0.665575902699248,0.857142857142857,2.34096868110527,-0.032166877100874,0.78405139063511,0.857142857142857,1.51164026555423,-0.105389299634915,0.29248112501784,0.714285714285714,2.47631606243756,25,FALSE
screen1_estimate2,TTC19,7,4,0.00158971608962966,0.174178466470807,141,FALSE,-0.0571380996916882,0.14185864328075,0.13755590821332,0.857142857142857,-0.0452300881757925,0.208407552581382,0.857142857142857,5.54114713193033,0.0366363140612634,1.64118887850575,0.857142857142857,-4.48832214954026,0.0659204148862825,2.15370331253547,0.714285714285714,-4.03796159387414,25,FALSE
screen1_estimate2,NUP188,6,4,0.00162443453647725,0.174178466470807,142,FALSE,0.3074257278028,0.0866233119472034,0.149663438593593,0.5,-0.025746284729373,1.08374798333693,0.833333333333333,-0.502487900021592,0.015561192454062,0.949382270100556,0.833333333333333,0.303706379396662,0.0295150378666615,0.903992947897991,0.666666666666667,0.288021156306028,25,FALSE
screen1_estimate2,DOLK,6,6,0.00162443453647725,0.174178466470807,143,FALSE,0.3074257278028,0.0866233119472034,0.149663438593593,0.5,-0.025746284729373,1.08374798333693,0.833333333333333,-0.502487900021592,-0.025746284729373,1.08374798333693,0.833333333333333,-0.502487900021592,,,0.666666666666667,,25,FALSE
screen1_estimate2,GRIN3A,10,6,0.00162817840186932,0.174178466470807,144,FALSE,0.0045449906133504,0.168656230262143,0.387902657623615,0.6,-0.0187767328856015,5.13130289652237,0.9,-41.3130289652237,-0.0416772408320115,10.1699289124139,0.9,-91.6992891241387,0.0469820709111567,-9.33711065830415,0.8,51.6855532915208,25,FALSE
screen1_estimate2,SNX32,16,11,0.00164527911825827,0.174178466470807,145,FALSE,0.440081344831107,0.22681024624938,0.364964031650861,1,0.0616273143709864,0.859963811020807,0.9375,2.24057902366709,0.0669692760926284,0.847825233041111,0.9375,2.43479627134223,0.0409007503069144,0.907060931377105,0.875,0.743512548983164,25,FALSE
screen1_estimate2,CDH16,5,4,0.00164668200822971,0.174178466470807,146,FALSE,0.0531174570148139,0.0990296053212908,0.44963118689681,0.6,0.0892305529361922,-0.679872455326819,0.8,8.3993622766341,0.111769221138379,-1.10418998611338,0.8,10.5209499305669,0.0823270524026068,-0.549905756588585,0.6,3.87476439147146,25,FALSE
screen1_estimate2,CAMSAP1L1,8,3,0.00167263866773629,0.174178466470807,147,FALSE,0.35615099978301,0.129324783041225,0.205852066101146,0.5,0.00265576219473803,0.992543156705004,0.875,0.0596547463599677,0.00130471107685144,0.99633663508555,0.875,0.0293069193156015,0.0839190699527288,0.764372218514457,0.75,0.942511125942173,25,FALSE
screen1_estimate2,ZNF154,11,9,0.00169039759452784,0.174178466470807,148,FALSE,0.189421338264426,0.195491760995158,0.745587572204071,0.909090909090909,0.0237835444452898,0.874441049444553,0.909090909090909,1.38114845610992,0.0269518951526213,0.857714577462243,0.909090909090909,1.56513964791533,-0.00207666033157044,1.01096318055082,0.818181818181818,-0.0602974930294985,25,FALSE
screen1_estimate2,ZCCHC8,5,3,0.0016937796230737,0.174178466470807,149,FALSE,-0.0584012525012374,0.104896724984822,0.204113952160834,0.6,-0.0437571000924697,0.250750656562673,0.8,3.74624671718664,-0.0360268943517566,0.383114354422565,0.8,3.08442822788717,-0.0630763939599385,-0.0800520752290717,0.6,2.70013018807268,25,FALSE
screen1_estimate2,MEST,64,59,0.00169712304712303,0.174178466470807,150,FALSE,0.0950478289906139,0.438277220836912,0.433378090070624,0.75,-0.0491794579636463,1.51741800402935,0.984375,-33.1147522578783,-0.0491242355855099,1.5168370083483,0.984375,-33.0775685342914,-0.0304391932813744,1.32025132614423,0.96875,-10.2480424366155,25,FALSE
screen1_estimate2,KIAA1967,13,9,0.0016979168482801,0.174178466470807,151,FALSE,0.342281761140857,0.168275340712373,0.156312862716503,0.615384615384615,-0.0330878872056201,1.09666856654978,0.923076923076923,-1.25669136514711,-0.0286194513922321,1.08361372016096,0.923076923076923,-1.08697836209248,0.0135907090177032,0.960293797214307,0.846153846153846,0.258090318107008,25,FALSE
screen1_estimate2,MOSPD3,8,7,0.00170292661134121,0.174178466470807,152,FALSE,0.177741716343493,0.140816062914525,0.248861758088332,0.625,0.119851691656092,0.325697455151868,0.875,5.39442035878505,0.146284589760109,0.176982237093917,0.875,6.58414210324866,0.129170692251526,0.273267441606682,0.75,2.90693023357327,25,FALSE
screen1_estimate2,MIR431,7,6,0.00172045288459816,0.174178466470807,153,FALSE,0.158689174664822,0.15379223026994,0.813813676527815,1,0.0944245168381091,0.404971907897628,0.857142857142857,4.16519664471661,0.0915350491758939,0.423180255557877,0.857142857142857,4.03773821109486,0.0531112664602239,0.665312605145223,0.714285714285714,1.17140588199172,25,FALSE
screen1_estimate2,HSF1,23,5,0.00172988675004501,0.174178466470807,154,FALSE,0.370270379317678,0.273572566642156,0.205065265558088,0.565217391304348,-0.0314260058650785,1.08487312953034,0.956521739130435,-1.95208197919789,0.127124471409703,0.656671236721759,0.956521739130435,7.89656155539954,0.114472047363584,0.690842006928749,0.91304347826087,3.55531692031939,25,FALSE
screen1_estimate2,PCDH1,22,5,0.00175130966695694,0.174178466470807,155,FALSE,0.138689905884413,0.286040247075788,0.218820515084157,0.636363636363636,-0.0209076683719247,1.150751190136,0.954545454545455,-3.31652618299195,-0.00844561715634596,1.06089568741495,0.954545454545455,-1.33970512312889,0.00939792050626819,0.932237891097131,0.909090909090909,0.745383197931553,25,FALSE
screen1_estimate2,C14orf37,17,11,0.00175319100026509,0.174178466470807,156,FALSE,0.582046947717064,0.190187643512286,0.33276401421653,0.529411764705882,-0.0143816433628348,1.02470873426833,0.941176470588235,-0.420048482561649,0.0172640888890521,0.970339009667921,0.941176470588235,0.504236835645349,0.133544983675511,0.770559773229103,0.882352941176471,1.95024192755262,25,FALSE
screen1_estimate2,CD2BP2,6,4,0.00176917199733427,0.174178466470807,157,FALSE,-0.0255324515977183,0.111225568594431,0.154275589899124,0.833333333333333,-0.00926982776983161,0.636939377546494,0.833333333333333,2.17836373472104,-0.016491321464911,0.354103486623871,0.833333333333333,3.87537908025678,0.0556501053235975,3.17958330834829,0.666666666666667,-6.53874992504488,25,FALSE
screen1_estimate2,AIMP1,5,4,0.00177371321371438,0.174178466470807,158,FALSE,0.0943120967079447,0.123149959998654,0.271961876617435,0.8,-0.0397934410219868,1.42193358446069,0.8,-2.10966792230347,-0.0255212574895059,1.2706042849258,0.8,-1.35302142462898,-0.0401483403045056,1.42569661481318,0.6,-1.06424153703296,25,FALSE
screen1_estimate2,NME1,9,8,0.00178392729885086,0.174178466470807,159,FALSE,0.25963239580173,0.190545698294978,0.208498176253545,0.555555555555556,0.100406496821441,0.613274389309581,0.888888888888889,3.48053049621377,0.0890145658905903,0.657151544530033,0.888888888888889,3.0856360992297,0.084944497391449,0.672827818234526,0.777777777777778,1.47227481794463,25,FALSE
screen1_estimate2,MAGI2,60,14,0.00179487743238521,0.174178466470807,160,FALSE,1.19500239569385,0.541762051361013,0.263695471020752,0.516666666666667,-0.0234513737093502,1.01962454116733,0.983333333333333,-1.17747247003971,0.129021099873528,0.892032768855986,0.983333333333333,6.47803386864083,0.147858976144976,0.876268887260996,0.966666666666667,3.71193338217014,25,FALSE
screen1_estimate2,LCE6A,6,5,0.00179542746835658,0.174178466470807,161,FALSE,0.150750492358793,0.159195884734424,0.815966794487033,1,0.0498458196770354,0.669348876430863,0.833333333333333,1.98390674141482,0.0446484398773467,0.703825578419463,0.833333333333333,1.77704652948322,-0.0154984117617912,1.10280836579229,0.666666666666667,-0.308425097376883,25,FALSE
screen1_estimate2,SPATA5L1,8,6,0.00179716577707047,0.174178466470807,162,FALSE,0.0452505014630537,0.129126499099968,0.177188690730166,0.625,-0.0388427317063831,1.85839339787422,0.875,-6.86714718299378,0.00356676436272724,0.921177351688811,0.875,0.630581186489515,0.218186436752233,-3.82174627236736,0.75,19.2869850894695,25,FALSE
screen1_estimate2,PROX1,23,12,0.00180804162362669,0.174178466470807,163,FALSE,0.376908506406294,0.266976020353104,0.432348221128167,0.521739130434783,-0.0150236590841605,1.03986022822198,0.956521739130435,-0.91678524910554,-0.0113582091869129,1.03013518929358,0.956521739130435,-0.693109353752263,-0.0369439943850776,1.09801846802909,0.91304347826087,-1.12721238233454,25,FALSE
screen1_estimate2,EID1,7,7,0.00181274708092476,0.174178466470807,164,FALSE,-0.0763082179546745,0.198195099549048,0.289951659015947,0.714285714285714,0.00165713420995324,1.0217163269484,0.857142857142857,-0.152014288638778,0.00165713420995324,1.0217163269484,0.857142857142857,-0.152014288638778,,,0.714285714285714,,25,FALSE
screen1_estimate2,ANKS1B,41,10,0.00183241212901644,0.174870458744322,165,FALSE,0.92783594057252,0.394609791624059,0.381258550418091,0.658536585365854,0.127622929188946,0.862450974780955,0.975609756097561,5.63951003398085,-0.018976436122394,1.02045236155724,0.975609756097561,-0.838546823846969,0.310200109500005,0.665673535659121,0.951219512195122,6.85369251898801,25,FALSE
screen1_estimate2,C9orf3,31,2,0.00184214342883345,0.174870458744322,166,FALSE,0.14632869463348,0.346927536127546,0.222560848722737,0.67741935483871,-0.0153693653666537,1.10503316116603,0.967741935483871,-3.25602799614706,0.117692142119017,0.19570018434314,0.967741935483871,24.9332942853627,0.103496802442835,0.292710136572521,0.935483870967742,10.9629928831259,25,FALSE
screen1_estimate2,SPRY4,20,16,0.00186713924166601,0.17519562995742,167,FALSE,-0.374697126949406,0.200230529529678,0.195462746403116,0.9,-0.0150595953727284,0.959808617975441,0.95,0.803827640491187,0.018946189800187,1.05056401140419,0.95,-1.0112802280838,0.0475433819664518,1.12688483190017,0.9,-1.26884831900169,25,FALSE
screen1_estimate2,MGC26597,5,0,0.00189264610091142,0.17519562995742,168,FALSE,0.208473435349552,0.104564006568002,0.4449274947753,0.8,0.0031838166234306,0.984727950503179,0.8,0.0763602474841035,,,0.8,,,,0.6,,25,FALSE
screen1_estimate2,FUT9,10,9,0.00189683837800115,0.17519562995742,169,FALSE,-0.247083911260159,0.174246264634339,0.449772294208973,0.7,-0.0164476879580092,0.93343278453816,0.9,0.665672154618402,-0.0097334457583444,0.960606719762924,0.9,0.393932802370766,0.0196383249107312,1.07948038709025,0.8,-0.397401935451266,25,FALSE
screen1_estimate2,RIOK2,9,7,0.00189775554075631,0.17519562995742,170,FALSE,0.0816516133023433,0.141517375899352,0.392554939649636,0.888888888888889,0.00711243829400614,0.912892862659432,0.888888888888889,0.783964236065108,-0.00335033175522306,1.04103203378012,0.888888888888889,-0.36928830402108,-0.0234837994867672,1.28760974262456,0.777777777777778,-1.29424384181053,25,FALSE
screen1_estimate2,ANKRD12,6,4,0.00190115831467945,0.17519562995742,171,FALSE,0.204420598687036,0.111030422493474,0.180505056088587,0.833333333333333,-0.0327845079002957,1.1603777119863,0.833333333333333,-0.962266271917776,-0.0574432533171125,1.28100521026776,0.833333333333333,-1.68603126160657,-0.0870240633680882,1.42571083309134,0.666666666666667,-1.27713249927401,25,FALSE
screen1_estimate2,COX8A,5,3,0.00191471861495412,0.175419394967716,172,FALSE,-0.0302251695533172,0.12426711378836,0.240646381409764,1,-0.0450887727029844,-0.491762440685328,0.8,7.45881220342664,-0.0354300201038423,-0.172202526154362,0.8,5.86101263077181,-0.0484289552815669,-0.602272410619175,0.6,4.00568102654794,25,FALSE
screen1_estimate2,HTR7,8,5,0.0019479666966508,0.175837636545312,173,FALSE,-0.0458340426243608,0.141380707038354,0.221572415693604,0.75,-0.0226493873860034,0.505839195297923,0.875,3.95328643761662,-0.0283787952119483,0.380835868122507,0.875,4.95331305501994,-0.050363252783315,-0.098817601494898,0.75,4.39527040597959,25,FALSE
screen1_estimate2,CACNB4,30,18,0.00195712362196593,0.175837636545312,174,FALSE,0.47036410498202,0.264089971223096,0.290400215366259,0.5,-0.0090815439388361,1.01930747657537,0.966666666666667,-0.579224297261154,-0.00884808606352727,1.01881114219774,0.966666666666667,-0.564334265932058,-0.00324005037583969,1.00688838782875,0.933333333333333,-0.10332581743127,25,FALSE
screen1_estimate2,CD80,5,4,0.00198981518447867,0.175837636545312,175,FALSE,0.000762270754482424,0.0936172498870908,0.297979130240061,0.8,0.0264847898111793,-33.7445965300903,0.8,173.722982650451,0.0150268891494109,-18.7133224133911,0.8,98.5666120669556,0.0153685353753861,-19.161517787497,0.6,50.4037944687424,25,FALSE
screen1_estimate2,C10orf105,18,14,0.00199168786652874,0.175837636545312,176,FALSE,0.511957095138706,0.219396931289282,0.382011105558381,0.555555555555556,0.111002123408049,0.783180808583237,0.944444444444444,3.90274544550173,0.186918416355602,0.634894372730668,0.944444444444444,6.57190129084798,0.307470972101564,0.399420429912668,0.888888888888889,5.40521613078599,25,FALSE
screen1_estimate2,CADM3,17,5,0.00199377420590501,0.175837636545312,177,FALSE,0.00774799851458334,0.317871526695038,0.423190687013809,0.529411764705882,0.0463292228008256,-4.97950847739896,0.941176470588235,101.651644115782,0.100992973551212,-12.0347177224056,0.941176470588235,221.590201280895,0.110862336958535,-13.3085129340008,0.882352941176471,121.622359939007,25,FALSE
screen1_estimate2,MED18,7,6,0.00199561960991802,0.175837636545312,178,FALSE,0.0714258686195381,0.133439164049772,0.175399251730906,0.857142857142857,0.11037595879119,-0.545321897016415,0.857142857142857,10.8172532791149,0.097298073446928,-0.362224573917365,0.857142857142857,9.53557201742156,0.0722705930451403,-0.0118265894686105,0.714285714285714,3.54139306314014,25,FALSE
screen1_estimate2,PDE1C,16,9,0.00199739414529831,0.175837636545312,179,FALSE,-0.018793186213524,0.217258011253914,0.342131485160792,0.75,-0.00482547778784651,0.74323258796989,0.9375,4.10827859248176,0.0475956543740477,3.53260164792049,0.9375,-40.5216263667279,0.0340157163494318,2.81000262344834,0.875,-14.4800209875867,25,FALSE
screen1_estimate2,SNX33,7,3,0.00202017319560166,0.176854940090506,180,FALSE,-0.0264616054845516,0.142609898577439,0.277803648958775,0.571428571428571,-0.0338653947966344,-0.279793654863654,0.857142857142857,8.95855558404558,-0.0276306752865748,-0.0441798515477705,0.857142857142857,7.3092589608344,-0.00117500198399441,0.955595967724619,0.714285714285714,0.155414112963832,25,FALSE
screen1_estimate2,CXCL5,7,5,0.00204052733680756,0.177445842276659,181,FALSE,0.222361088699801,0.123137055154957,0.315463492765238,0.714285714285714,-0.0222235666933483,1.09994359545231,0.857142857142857,-0.699605168166174,-0.01707358659432,1.07678315794438,0.857142857142857,-0.537482105610625,0.032560853384368,0.853567665211755,0.714285714285714,0.512513171758859,25,FALSE
screen1_estimate2,ST13,12,7,0.00205883870162387,0.177445842276659,182,FALSE,-0.0771468286795412,0.218721560844276,0.198837898524842,0.916666666666667,-0.0655665974876001,0.150106380134484,0.916666666666667,10.1987234383862,-0.0508790756081615,0.340490380758136,0.916666666666667,7.91411543090236,-0.0752427556863911,0.0246811570318644,0.833333333333333,5.85191305780882,25,FALSE
screen1_estimate2,HRK,25,12,0.00206070498392109,0.177445842276659,183,FALSE,0.715128259289345,0.333433369860443,0.321196506547212,0.76,-0.0192220052441437,1.02687910174777,0.96,-0.67197754369424,0.021320245148259,0.970186823312722,0.96,0.745329417181955,0.152169980166383,0.78721302341261,0.92,2.65983720734238,25,FALSE
screen1_estimate2,ZNF766,11,6,0.00211486744558704,0.180468574982863,184,FALSE,-0.140954668569171,0.22405634104699,0.1819186727562,0.636363636363636,-0.0395179849352702,0.719640467843906,0.909090909090909,3.08395485371703,-0.00622038640274043,0.955869596474643,0.909090909090909,0.485434438778922,0.00469125635930185,1.03328202185087,0.818181818181818,-0.183051120179806,25,FALSE
screen1_estimate2,ZNF828,8,6,0.00212800509028956,0.180468574982863,185,FALSE,-0.0399041113704774,0.180806624555661,0.155274540661604,0.75,0.03281576099079,1.82236541207802,0.875,-6.57892329662418,0.135582526700209,4.39770820709262,0.875,-27.1816656567409,0.109869990793971,3.75335014414724,0.75,-11.013400576589,25,FALSE
screen1_estimate2,PNLIP,7,6,0.00215731898176769,0.180468574982863,186,FALSE,0.130387613745789,0.164039496655334,0.754821712758392,1,0.100544803817113,0.228877644673053,0.857142857142857,5.39785648728864,0.0798645378403145,0.387483706880144,0.857142857142857,4.28761405183899,0.111981416256432,0.141165230044345,0.714285714285714,3.00592169484479,25,FALSE
screen1_estimate2,OR9Q1,6,4,0.00216845456932245,0.180468574982863,187,FALSE,0.40507116707995,0.145270783523475,0.50403103527931,0.833333333333333,0.0148808806652339,0.96326354015146,0.833333333333333,0.220418759091242,0.0449317775615293,0.889076830904973,0.833333333333333,0.665539014570163,0.127506566690549,0.685224283896309,0.666666666666667,0.944327148311072,25,FALSE
screen1_estimate2,PHLDB2,21,16,0.00218371320301672,0.180468574982863,188,FALSE,0.298072550582248,0.315730360999829,0.158400962513039,0.619047619047619,-0.029531405079464,1.09907455423781,0.952380952380952,-2.08056563899406,0.0382403114666719,0.871708040904893,0.952380952380952,2.69413114099724,0.0475852678171042,0.840356759707822,0.904761904761905,1.67625402306787,25,FALSE
screen1_estimate2,GNA12,43,3,0.00218902864868136,0.180468574982863,189,FALSE,0.35559657578169,0.433065766593344,0.198145552435312,0.627906976744186,-0.0396056365274715,1.11137800312168,0.976744186046512,-4.78925413423219,0.133402374293246,0.624849103228865,0.976744186046512,16.1314885611588,0.0952184902333558,0.732228888807375,0.953488372093023,5.75707889064145,25,FALSE
screen1_estimate2,ZAK,25,12,0.0021908455783694,0.180468574982863,190,FALSE,0.634186093956945,0.342752426859008,0.242452615506075,0.52,-0.0112928143130616,1.01780678324654,0.96,-0.445169581163518,0.0183751081996871,0.971025684141011,0.96,0.724357896474728,0.0203378639959075,0.96793076324173,0.92,0.400865459478371,25,FALSE
screen1_estimate2,SLC5A10,29,4,0.00219140455435564,0.180468574982863,191,FALSE,0.32728188346949,0.273694704224125,0.182122868742625,0.689655172413793,0.112566652722009,0.656055961519475,0.96551724137931,9.97437711593522,-0.0147018750299734,1.04492113915417,0.96551724137931,-1.30271303547107,0.081625123978933,0.750596876571256,0.931034482758621,3.61634528971679,25,FALSE
screen1_estimate2,SH3PXD2B,31,4,0.00220528493492891,0.180468574982863,192,FALSE,0.516817444041947,0.283523219729404,0.274380819857362,0.645161290322581,-0.0470638923790842,1.0910648294125,0.967741935483871,-2.8230097117875,-0.0236965159004877,1.04585084380117,0.967741935483871,-1.4213761578363,-0.0692709189277429,1.13403363165528,0.935483870967742,-2.07752129065688,25,FALSE
screen1_estimate2,DYNC1I2,8,7,0.00222967619306411,0.180468574982863,193,FALSE,-0.162651888564666,0.146401268592368,0.192957176971987,0.625,-0.0439618621578339,0.729718095831665,0.875,2.16225523334668,-0.0110555321452834,0.93202948798908,0.875,0.543764096087356,0.0034348929232007,1.02111806357437,0.75,-0.0844722542974985,25,FALSE
screen1_estimate2,XPNPEP3,13,10,0.00223040859342586,0.180468574982863,194,FALSE,0.545830419233342,0.232957457267584,0.201239027549099,0.769230769230769,-0.0339688594269239,1.0622333571563,0.923076923076923,-0.809033643031956,-0.0740251928401369,1.13561939795168,0.923076923076923,-1.76305217337179,0.00900437882422385,0.983503340035773,0.846153846153846,0.107228289767475,25,FALSE
screen1_estimate2,NOTCH2,7,1,0.0022526667804973,0.180468574982863,195,FALSE,0.299577310860979,0.118131771592759,0.112813624751169,1,-0.037167262219304,1.12406567811323,0.857142857142857,-0.86845974679258,-0.0328515675752173,1.10965973184285,0.857142857142857,-0.767618122899957,-0.0738768774845626,1.24660371398702,0.714285714285714,-0.863112998954584,25,FALSE
screen1_estimate2,PGBD4,9,9,0.00229980386608005,0.180468574982863,196,FALSE,0.0248285191614494,0.159981620930149,0.157382383933471,0.555555555555556,-0.0119962849214936,1.48316554215283,0.888888888888889,-4.34848987937547,-0.0119962849214936,1.48316554215283,0.888888888888889,-4.34848987937547,,,0.777777777777778,,25,FALSE
screen1_estimate2,C15orf24,9,5,0.00229980386608005,0.180468574982863,197,FALSE,-0.243866300388919,0.15585028974195,0.155225581740518,0.555555555555556,-0.0318733641436353,0.869299841377002,0.888888888888889,1.17630142760698,-0.0207672064962284,0.914841835616037,0.888888888888889,0.766423479455666,-0.05316009472263,0.782011312601003,0.777777777777778,0.980949093295489,25,FALSE
screen1_estimate2,CDH7,9,8,0.00233363727754697,0.180468574982863,198,FALSE,-0.149002510643665,0.212748844611284,0.496127281054618,0.888888888888889,-0.0355564674906461,0.761370010900835,0.888888888888889,2.14766990189248,-0.0343878817190182,0.76921273627895,0.888888888888889,2.07708537348945,-0.0304707131870072,0.79550201499707,0.777777777777778,0.920240932513185,25,FALSE
screen1_estimate2,BCL2L1,10,4,0.00234156175497157,0.180468574982863,199,FALSE,0.201357156054398,0.159612360088084,0.213687554384077,0.9,0.19252613452927,0.0438575002655566,0.9,9.56142499734444,0.178417713133621,0.113924150351924,0.9,8.86075849648076,0.268233659093848,-0.332128762393638,0.8,6.66064381196819,25,FALSE
screen1_estimate2,NME2,16,11,0.00236443781784694,0.180468574982863,200,FALSE,0.612454733892699,0.185215572034436,0.302031166536888,0.75,-0.0145857203453854,1.02381518100559,0.9375,-0.381042896089447,-0.0211718320157418,1.03456881112042,0.9375,-0.553100977926668,0.208311867132166,0.659873855806195,0.875,2.72100915355044,25,FALSE
screen1_estimate2,MIR548N,53,0,0.00236494698909867,0.180468574982863,201,FALSE,0.704800579004251,0.51701795568088,0.166849473219013,0.528301886792453,0.0031483216626814,0.995533031957594,0.981132075471698,0.236749306247529,,,0.981132075471698,,,,0.962264150943396,,25,FALSE
screen1_estimate2,RPL39L,8,7,0.00237020685836621,0.180468574982863,202,FALSE,0.13386323593879,0.121652044517885,0.432195558518534,0.625,-0.019577965175855,1.14625348803616,0.875,-1.17002790428925,-0.0133758472924195,1.09992173877028,0.875,-0.799373910162201,0.0989997551368222,0.260441043109922,0.75,2.95823582756031,25,FALSE
screen1_estimate2,TRIM45,5,4,0.00238049684071887,0.180468574982863,203,FALSE,0.0566635642300531,0.113454889056452,0.245792751221878,0.6,-0.0203133553140342,1.35849060308953,0.8,-1.79245301544767,-0.0235686964752544,1.41594094539422,0.8,-2.0797047269711,-0.0195940003349425,1.34579540841079,0.6,-0.864488521026987,25,FALSE
screen1_estimate2,NAA20,9,9,0.00241143187725205,0.180468574982863,204,FALSE,0.311197708578255,0.232079450742526,0.28208055163625,1,-0.0350885096283414,1.11275311051822,0.888888888888889,-1.014777994664,-0.0350885096283414,1.11275311051822,0.888888888888889,-1.014777994664,,,0.777777777777778,,25,FALSE
screen1_estimate2,PPIL4,7,5,0.00241162224628911,0.180468574982863,205,FALSE,0.09904083322044,0.15817455494932,0.198227596518061,0.857142857142857,-0.0223693462522584,1.22585983502855,0.857142857142857,-1.58101884519983,-0.0418078969378256,1.42212787976825,0.857142857142857,-2.95489515837778,0.134422430544942,-0.357242524865995,0.714285714285714,4.75034883703098,25,FALSE
screen1_estimate2,GTF2A1,13,12,0.00242122284995759,0.180468574982863,206,FALSE,-0.217062990928937,0.232895892068741,0.15323693185982,0.769230769230769,-0.037232298500135,0.828472378728421,0.923076923076923,2.22985907653053,-0.035696937428945,0.835545722114225,0.923076923076923,2.13790561251508,-0.0407707037490189,0.812171095705732,0.846153846153846,1.22088787791274,25,FALSE
screen1_estimate2,CAPSL,5,5,0.00242247040286429,0.180468574982863,207,FALSE,0.0279567181174127,0.0805849181678801,0.548384562492851,1,0.0256653506576237,0.0819612463153108,0.8,4.59019376842345,0.0256653506576237,0.0819612463153108,0.8,4.59019376842345,,,0.6,,25,FALSE
screen1_estimate2,IL5,5,5,0.00244958756257607,0.180468574982863,208,FALSE,0.297517306949127,0.0990826460971929,0.428225960134692,1,0.163942741776518,0.448964016723403,0.8,2.75517991638299,0.163942741776518,0.448964016723403,0.8,2.75517991638299,,,0.6,,25,FALSE
screen1_estimate2,RPS15,9,4,0.00245566026285778,0.180468574982863,209,FALSE,0.386738914577499,0.169961135512879,0.27245570853405,0.888888888888889,0.103293090040184,0.732912602929992,0.888888888888889,2.40378657363007,0.00194223466547551,0.99497791767969,0.888888888888889,0.0451987408827898,0.241611573869802,0.375259212966052,0.777777777777778,2.81133354165277,25,FALSE
screen1_estimate2,MIR433,10,9,0.00245778983514022,0.180468574982863,210,FALSE,0.234672610071297,0.122068432452575,0.744751231317211,1,0.0407563909476865,0.826326596293857,0.9,1.73673403706143,0.0474298789912984,0.797889157252358,0.9,2.02110842747642,0.0567599887405787,0.758131173794273,0.8,1.20934413102863,25,FALSE
screen1_estimate2,RARRES2,10,6,0.00246198049466987,0.180468574982863,211,FALSE,0.251341939303922,0.112168932942387,0.291708247405232,0.6,-0.0187388413174244,1.07455517121146,0.9,-0.745551712114603,-0.0190682781291348,1.07586588287631,0.9,-0.758658828763053,-0.0390336800066108,1.1553011014187,0.8,-0.776505507093494,25,FALSE
screen1_estimate2,SLC17A5,5,3,0.00246355169474455,0.180468574982863,212,FALSE,0.062090428538843,0.136914126094826,0.196571101636082,0.6,0.0147394937322661,0.762612465735436,0.8,1.18693767132282,-0.00825385709339298,1.13293284146412,0.8,-0.664664207320575,-0.0115759521188091,1.1864369821762,0.6,-0.466092455440507,25,FALSE
screen1_estimate2,NME1-NME2,25,8,0.00247767680395953,0.180468574982863,213,FALSE,0.441554173364183,0.294449857130085,0.218624730964606,0.64,0.00607809781456776,0.986234763068235,0.96,0.344130923294133,0.0890145658905903,0.798406240365951,0.96,5.03984399085122,0.0651724347382017,0.852402176970369,0.92,1.84497278787039,25,FALSE
screen1_estimate2,COMMD9,7,6,0.00248585183772936,0.180468574982863,214,FALSE,0.250997371525726,0.160616712072348,0.300650088275175,0.857142857142857,0.155170694063929,0.381783589522469,0.857142857142857,4.32751487334272,0.241114790157593,0.0393732464529794,0.857142857142857,6.72438727482915,0.271548438879713,-0.0818776197896611,0.714285714285714,3.78657166926381,25,FALSE
screen1_estimate2,AHDC1,39,28,0.00250116549260729,0.180468574982863,215,FALSE,0.202389467217546,0.527487888590703,0.206468546267756,0.769230769230769,0.00436008201795641,0.978456971709551,0.974358974358974,0.840178103327492,0.0569838349042444,0.718444661732356,0.974358974358974,10.9806581924381,0.159052946992531,0.214124385131331,0.948717948717949,15.324574489939,25,FALSE
screen1_estimate2,OPN3,10,4,0.00250506189632288,0.180468574982863,216,FALSE,0.451577270024217,0.165806407003459,0.271357240324424,0.7,0.0962135574237659,0.786938883308706,0.9,2.13061116691294,0.169365378215485,0.62494707006311,0.9,3.7505292993689,0.158933238912563,0.648048629852341,0.8,1.7597568507383,25,FALSE
screen1_estimate2,TTC30A,7,7,0.00254736037679658,0.180468574982863,217,FALSE,0.438732031724279,0.12039687598419,0.23091835359679,0.571428571428571,0.214546206104383,0.51098577128917,0.857142857142857,3.42309960097581,0.214546206104383,0.51098577128917,0.857142857142857,3.42309960097581,,,0.714285714285714,,25,FALSE
screen1_estimate2,ACBD5,10,9,0.00255019245686607,0.180468574982863,218,FALSE,0.037557039320634,0.246354185991191,0.154810243379671,0.5,0.0246043283936726,0.344881043907129,0.9,6.55118956092871,0.0527457520265594,-0.404417200627973,0.9,14.0441720062797,0.052216713273424,-0.390330926451277,0.8,6.95165463225639,25,FALSE
screen1_estimate2,DENND2C,8,7,0.00256299067020779,0.180468574982863,219,FALSE,0.180122538619698,0.175912282127791,0.258314461599386,0.75,-0.0383515847416351,1.21291941050536,0.875,-1.70335528404288,-0.00210198481592819,1.01166974900552,0.875,-0.0933579920441261,0.108167520339267,0.399478148774896,0.75,2.40208740490042,25,FALSE
screen1_estimate2,KRT73,6,4,0.00256853753010522,0.180468574982863,220,FALSE,0.0893564056518378,0.120699407772893,0.662691839624283,0.833333333333333,0.155725238293287,-0.742742863897685,0.833333333333333,10.4564571833861,0.17754896243003,-0.986975204909425,0.833333333333333,11.9218512294566,0.158720036582551,-0.776258069298098,0.666666666666667,5.3287742078943,25,FALSE
screen1_estimate2,FLJ39609,11,9,0.0025805093575829,0.180468574982863,221,FALSE,-0.029698021638227,0.178676715660004,0.559408496541355,0.818181818181818,-0.0320494122085241,-0.0791766737509014,0.909090909090909,11.8709434112599,-0.0343459058063976,-0.156504841460143,0.909090909090909,12.7215532560616,-0.069652233755474,-1.34534928299124,0.818181818181818,12.8994210564518,25,FALSE
screen1_estimate2,C12orf77,7,6,0.00259206974434415,0.180468574982863,222,FALSE,0.287402784720226,0.123783953825996,0.590003131549612,0.857142857142857,0.0136247453844953,0.952593551249831,0.857142857142857,0.331845141251184,-0.00864275958872901,1.03007194101178,0.857142857142857,-0.210503587082487,0.160937862826602,0.44002677989614,0.714285714285714,1.95990627036351,25,FALSE
screen1_estimate2,NHLH1,9,7,0.00260862769603203,0.180468574982863,223,FALSE,0.156816510140966,0.171699850568184,0.439710005807038,0.777777777777778,-0.0273051059670924,1.17412137244061,0.888888888888889,-1.56709235196552,-0.036597381256658,1.23337709290788,0.888888888888889,-2.10039383617093,0.0220881994286714,0.859146212290939,0.777777777777778,0.633842044690773,25,FALSE
screen1_estimate2,RGS7,23,10,0.00265363379517468,0.180468574982863,224,FALSE,0.0268189994513201,0.289009900637233,0.405197043473446,0.565217391304348,-0.0165637053168318,1.6176108600508,0.956521739130435,-14.2050497811685,0.0406349124710017,-0.515153932001049,0.956521739130435,34.8485404360242,0.10323859376446,-2.84945732042879,0.91304347826087,44.2687591849311,25,FALSE
screen1_estimate2,STAT2,6,5,0.00267515163381459,0.180468574982863,225,FALSE,0.619558062725958,0.174515119092288,0.201046001761182,0.666666666666667,-0.0356133064894517,1.05748179005654,0.833333333333333,-0.344890740339255,-0.0427270033930311,1.06896367905381,0.833333333333333,-0.41378207432284,-0.0747754128223311,1.1206915337254,0.666666666666667,-0.362074601176189,25,FALSE
screen1_estimate2,UNKL,48,22,0.00267620969066047,0.180468574982863,226,FALSE,0.707573601868079,0.475170351534158,0.198326487390588,0.541666666666667,0.0738058091249164,0.895691686447798,0.979166666666667,5.00679905050568,0.113886360688655,0.839046623011399,0.979166666666667,7.72576209545284,0.0766375964992256,0.891689576466825,0.958333333333333,2.5994501647962,25,FALSE
screen1_estimate2,PPRC1,6,4,0.00269161257775304,0.180468574982863,227,FALSE,0.0817628180620172,0.191943621653341,0.168171779525784,0.5,-0.0390712174498414,1.47786045510572,0.833333333333333,-2.8671627306343,-0.00788766182884562,1.09647003388341,0.833333333333333,-0.578820203300441,0.179123618148165,-1.19077109123489,0.666666666666667,6.57231327370467,25,FALSE
screen1_estimate2,GTF3C5,6,5,0.00269268597690322,0.180468574982863,228,FALSE,0.212872231396015,0.132415432843657,0.141213657904091,0.833333333333333,-0.00532268695833668,1.02500413944755,0.833333333333333,-0.150024836685289,-0.0291553553579497,1.13696175948713,0.833333333333333,-0.821770556922783,0.004608465989146,0.978351023245617,0.666666666666667,0.0649469302631495,25,FALSE
screen1_estimate2,PDE4B,27,18,0.00269311160621939,0.180468574982863,229,FALSE,0.00880373822671816,0.230675904323209,0.300600152053456,0.518518518518519,-0.0304020027757398,4.45330608348552,0.962962962962963,-93.2392642541092,-0.0243979836252013,3.77132088629768,0.962962962962963,-74.8256639300374,-0.0367100019091775,5.16981979288839,0.925925925925926,-56.2925672039932,25,FALSE
screen1_estimate2,TRMT5,5,4,0.00269612524166566,0.180468574982863,230,FALSE,-0.0290257136110023,0.116484609344423,0.431560728354409,1,-0.0227055129666986,0.217744884036475,0.8,3.91127557981763,-0.0254709872845535,0.12246818025178,0.8,4.3876590987411,-0.0502028559568987,-0.729599369362938,0.6,4.32399842340734,25,FALSE
screen1_estimate2,CCDC124,11,8,0.00273615647924655,0.180468574982863,231,FALSE,0.211731936135866,0.309473800359267,0.127778444616175,0.727272727272727,0.0107354132633453,0.949297146858108,0.909090909090909,0.557731384560815,-0.0199534500227498,1.09423920825031,0.909090909090909,-1.03663129075344,-0.022399366397398,1.10579115652645,0.818181818181818,-0.581851360895482,25,FALSE
screen1_estimate2,VMO1,10,7,0.00273853263588597,0.180468574982863,232,FALSE,0.142986065473723,0.191169652090869,0.445691415109,1,0.107405509523338,0.248839324534903,0.9,7.51160675465097,0.148880107526461,-0.0412210940500488,0.9,10.4122109405005,0.120277365793406,0.158817571524057,0.8,4.20591214237972,25,FALSE
screen1_estimate2,HAUS4,6,4,0.00274086733405939,0.180468574982863,233,FALSE,0.363395897559054,0.125170806154268,0.203989921837474,0.5,-0.0359932961757525,1.09904706249443,0.833333333333333,-0.594282374966603,-0.0167978870290537,1.04622475691632,0.833333333333333,-0.277348541497895,-0.0745017690791625,1.2050154379276,0.666666666666667,-0.615046313782799,25,FALSE
screen1_estimate2,STXBP5,6,3,0.00275039315397106,0.180468574982863,234,FALSE,-0.0964435382559657,0.148112778234702,0.0933259754738251,0.666666666666667,-0.0228728348967445,0.762837041129299,0.833333333333333,1.42297775322421,0.0228864809722203,1.23730445176616,0.833333333333333,-1.42382671059694,0.00665869657150009,1.06904243344772,0.666666666666667,-0.207127300343158,25,FALSE
screen1_estimate2,ACOT7,51,14,0.00276385744076115,0.180468574982863,235,FALSE,0.264155937024987,0.401076238342952,0.182816522192734,0.627450980392157,-0.035993176749074,1.13625730753751,0.980392156862745,-6.94912268441323,0.0277000319591059,0.89513757566431,0.980392156862745,5.34798364112017,0.0282394353455913,0.893095587161003,0.96078431372549,2.72606252739443,25,FALSE
screen1_estimate2,SLC4A4,26,15,0.00276546298866282,0.180468574982863,236,FALSE,0.761643692956698,0.324061590483832,0.193398565225536,0.538461538461538,0.018520318517719,0.975683749909589,0.961538461538461,0.632222502350679,-0.0346882216102733,1.04554389661603,0.961538461538461,-1.18414131201686,0.131067511204448,0.827914926078302,0.923076923076923,2.23710596098207,25,FALSE
screen1_estimate2,ZNF238,16,16,0.00279216991144118,0.180468574982863,237,FALSE,0.971522285391703,0.256203515352663,0.416053964294931,1,-0.0297072230522723,1.03057801503781,0.9375,-0.489248240604916,-0.0297072230522723,1.03057801503781,0.9375,-0.489248240604916,,,0.875,,25,FALSE
screen1_estimate2,LPHN2,17,16,0.00280308122197147,0.180468574982863,238,FALSE,0.116662286104934,0.280981932536338,0.413798195617171,0.705882352941177,-0.0370774482102117,1.31781863229443,0.941176470588235,-5.40291674900532,-0.0372599958781931,1.31938338534425,0.941176470588235,-5.42951755085222,-0.0875470508548402,1.75043146999618,0.882352941176471,-6.3786674949675,25,FALSE
screen1_estimate2,DIO3,22,22,0.0028049938387121,0.180468574982863,239,FALSE,0.331019800067479,0.345889986515929,0.586135832616905,0.909090909090909,-0.0239235372072013,1.0722722242063,0.954545454545455,-1.58998893253859,-0.0239235372072013,1.0722722242063,0.954545454545455,-1.58998893253859,,,0.909090909090909,,25,FALSE
screen1_estimate2,SOD1,5,3,0.00281417817513914,0.180468574982863,240,FALSE,-0.101693955750348,0.170581146769079,0.154119225422245,0.8,-0.0231106824310251,0.772742811895721,0.8,1.13628594052139,-0.0436498083811895,0.570772834441146,0.8,2.14613582779427,-0.107624216958589,-0.0583147854214543,0.6,2.64578696355364,25,FALSE
screen1_estimate2,NECAB2,8,2,0.0028242100042826,0.180468574982863,241,FALSE,0.085327419839951,0.15101730121254,0.326063671497397,0.75,0.0593793770000132,0.304099700759834,0.875,5.56720239392133,0.0474331711946565,0.44410400216452,0.875,4.44716798268384,0.0327097421525652,0.616656143899358,0.75,1.53337542440257,25,FALSE
screen1_estimate2,C12orf47,5,3,0.00284028752036882,0.180468574982863,242,FALSE,0.147266828818299,0.153852390413204,0.282210924630517,0.8,-0.0312430931032696,1.21215295633084,0.8,-1.06076478165419,0.0405106600466553,0.724916599537577,0.8,1.37541700231211,0.210474869930091,-0.429207592904574,0.6,3.57301898226143,25,FALSE
screen1_estimate2,TAF9,10,9,0.00284038163052189,0.180468574982863,243,FALSE,0.072585253225179,0.159499282822479,0.25828232004127,0.9,-0.0482081268415949,1.66415869201476,0.9,-6.64158692014759,-0.0289747031050458,1.39918167696072,0.9,-3.99181676960724,-0.0404196276739134,1.55685729370566,0.8,-2.78428646852831,25,FALSE
screen1_estimate2,SPAG7,18,14,0.00284476205741651,0.180468574982863,244,FALSE,-0.268746914995453,0.195621887590516,0.240879323746969,0.555555555555556,-0.0265451656431291,0.901226156796709,0.944444444444444,1.77792917765924,-0.0254891071120299,0.905155722020247,0.944444444444444,1.70719700363556,-0.0557735755779284,0.792468034176794,0.888888888888889,1.86778769240885,25,FALSE
screen1_estimate2,ARHGAP18,12,6,0.00286108160520749,0.180468574982863,245,FALSE,0.136919219405695,0.183620751241935,0.197305813927699,0.666666666666667,-0.0094094763348382,1.06872283070032,0.916666666666667,-0.824673968403893,0.0529879819627642,0.612998217541985,0.916666666666667,4.64402138949618,0.0285549599586906,0.791446664079486,0.833333333333333,1.25132001552309,25,FALSE
screen1_estimate2,ZNF552,11,9,0.00286252827719429,0.180468574982863,246,FALSE,-0.140160340519984,0.232608418644472,0.40097193115419,1,0.0762592897066462,1.54408607615913,0.909090909090909,-5.98494683775048,0.0869224433573047,1.62016432776083,0.909090909090909,-6.82180760536912,0.0597574980839278,1.42635097676156,0.818181818181818,-2.34493037218857,25,FALSE
screen1_estimate2,SLC12A5,33,15,0.00287345108641776,0.180468574982863,247,FALSE,0.231904616818563,0.377753712653874,0.313434211492348,0.818181818181818,-0.026763724378472,1.11540832927622,0.96969696969697,-3.80847486611522,-0.0235956719240914,1.1017473142527,0.96969696969697,-3.35766137033926,-0.0648314179754837,1.27956070415884,0.939393939393939,-4.61275161862088,25,FALSE
screen1_estimate2,SPHK1,13,6,0.00287389421920327,0.180468574982863,248,FALSE,-0.11560790756961,0.165593042250208,0.205025412509756,0.538461538461538,-0.0253819168060715,0.780448263966817,0.923076923076923,2.85417256843138,-0.0119486324742898,0.896645197327049,0.923076923076923,1.34361243474836,-0.0547414465376848,0.526490465155042,0.846153846153846,3.07781197649223,25,FALSE
screen1_estimate2,FIG4,13,4,0.00288707070876279,0.180468574982863,249,FALSE,0.00466327713665448,0.195193878884747,0.142645746093758,0.769230769230769,0.0132092288859099,-1.83260644795957,0.923076923076923,36.8238838234745,0.0151172336941454,-2.24176180208556,0.923076923076923,42.1429034271123,-0.0212437401140294,5.55553883920998,0.846153846153846,-29.6110024548649,25,FALSE
screen1_estimate2,VPS52,90,17,0.0028945212455148,0.180468574982863,250,FALSE,1.00401385317169,0.518595160803451,0.181109275386917,0.655555555555556,0.117831273789921,0.882639792849779,0.988888888888889,10.5624186435199,0.150612520959816,0.849989598764968,0.988888888888889,13.500936111153,0.17609773651078,0.824606268175997,0.977777777777778,7.89271793208012,25,FALSE
screen2_estimate1,SNORD77,6,6,0.00000111464681369018,0.0113269696803336,1,TRUE,0.114490022488814,0.17697628816996,0.332415153076138,1,0.0788594478087887,0.311211177231678,0.833333333333333,4.13273293660993,0.0788594478087887,0.311211177231678,0.833333333333333,4.13273293660993,,,0.666666666666667,,25,FALSE
screen2_estimate1,SNORD76,9,9,0.00000167197022053527,0.0113269696803336,2,TRUE,0.163412129947245,0.176915910135777,0.276322647024688,0.666666666666667,-0.0000722126250184088,1.00044190492494,0.888888888888889,-0.00397714432444807,-0.0000722126250184088,1.00044190492494,0.888888888888889,-0.00397714432444807,,,0.777777777777778,,25,FALSE
screen2_estimate1,GAS5,15,6,0.00000278661703422545,0.0113269696803336,3,TRUE,0.245222279805821,0.248774420353705,0.224059681574753,0.666666666666667,0.0680056881151646,0.722677367778267,0.933333333333333,4.159839483326,-0.00470000645376804,1.01916631089757,0.933333333333333,-0.287494663463476,0.167116457153423,0.31851030303709,0.866666666666667,5.11117272722182,25,FALSE
screen2_estimate1,MYO1G,11,7,0.00000287523027803874,0.0113269696803336,4,TRUE,1.15384459685621,0.158364562120979,0.434525972287793,0.909090909090909,0.471358585448873,0.591488674702689,0.909090909090909,4.49362457827042,0.0585536680929623,0.949253419175772,0.909090909090909,0.558212389066505,0.911148942673375,0.21033651745139,0.818181818181818,4.34314915401736,25,FALSE
screen2_estimate1,SNORD38A,6,5,0.00000541699351142005,0.016597969063075,5,TRUE,0.427456237990888,0.175189285320692,0.52907384253905,1,0.372059600351838,0.129596044496678,0.833333333333333,5.22242373301993,0.420081061200664,0.0172536417409386,0.833333333333333,5.89647814955437,0.423645017356206,0.00891604869914964,0.666666666666667,2.97325185390255,25,FALSE
screen2_estimate1,SNORD46,7,6,0.00000631982576332339,0.016597969063075,6,TRUE,0.465467468066788,0.189098825174055,0.296501333560667,0.714285714285714,0.153138819881404,0.670999950829151,0.857142857142857,2.30300034419595,0.12061122216381,0.74088152139882,0.857142857142857,1.81382935020826,0.178581860143269,0.616338686600446,0.714285714285714,1.34281459689844,25,FALSE
screen2_estimate1,RPS8,12,0,0.0000108339870228401,0.0243888525008449,7,TRUE,0.669597162551622,0.248028941488774,0.306676323824826,0.833333333333333,0.246334011713837,0.632116105786446,0.916666666666667,4.41460673056265,,,0.916666666666667,,,,0.833333333333333,,25,FALSE
screen2_estimate1,MGAM,6,6,0.0000249293312811548,0.0348705259927106,8,TRUE,0.131604820796551,0.148761110915354,0.781878634034023,1,-0.0208905970255816,1.15873732359605,0.833333333333333,-0.95242394157627,-0.0208905970255816,1.15873732359605,0.833333333333333,-0.95242394157627,,,0.666666666666667,,25,FALSE
screen2_estimate1,RPS18,31,13,0.0000252743391855168,0.0348705259927106,9,TRUE,0.980119068002456,0.456989659995425,0.246703206712305,0.645161290322581,0.135030557863018,0.862230455185186,0.967741935483871,4.27085588925924,0.1457485790975,0.851295027455649,0.967741935483871,4.60985414887489,0.663741658156906,0.322794872760048,0.935483870967742,10.4966794722193,25,FALSE
screen2_estimate1,SNORD30,9,8,0.0000265545317878238,0.0348705259927106,10,TRUE,0.280136624851775,0.183039953763101,0.768437369816664,1,0.100627803255491,0.640790263291225,0.888888888888889,3.23288763037897,0.0899602304196368,0.678870156777122,0.888888888888889,2.8901685890059,0.102570281677213,0.63385622379264,0.777777777777778,1.64764699293312,25,FALSE
screen2_estimate1,SNORD29,9,8,0.0000265545317878238,0.0348705259927106,11,TRUE,0.374188893787275,0.162579133897915,0.417519599846653,0.777777777777778,0.0276696968572661,0.926054200654613,0.888888888888889,0.665512194108483,0.00149503145708811,0.996004607614201,0.888888888888889,0.0359585314721884,0.185217419447204,0.505016256435181,0.777777777777778,2.22742684604169,25,FALSE
screen2_estimate1,SNORD31,9,8,0.0000265545317878238,0.0348705259927106,12,TRUE,0.161550287164623,0.188305127299365,0.780315559403153,1,0.122462627532824,0.241953513780935,0.888888888888889,6.82241837597158,0.113283868111722,0.298770246095054,0.888888888888889,6.31106778514451,0.0843697486298451,0.477749311928672,0.777777777777778,2.35012809632098,25,FALSE
screen2_estimate1,SNORD28,14,14,0.0000413070494477259,0.049283540951297,13,TRUE,0.423438811382006,0.164065851675534,0.226685424140306,0.571428571428571,-0.0429149328619367,1.10134860506025,0.928571428571429,-1.4188804708435,-0.0429149328619367,1.10134860506025,0.928571428571429,-1.4188804708435,,,0.857142857142857,,25,FALSE
screen2_estimate1,SNORA80B,5,4,0.0000437853517780275,0.049283540951297,14,TRUE,0.196161540479941,0.169474772838929,0.253595595278414,0.6,0.0668621244473074,0.659147637790168,0.8,1.70426181104916,0.078887678678453,0.597843295452097,0.8,2.01078352273951,0.0661781632812518,0.662634361866571,0.6,0.843414095333573,25,FALSE
screen2_estimate1,NELF,18,3,0.0000479112720861446,0.0503323883688978,15,FALSE,0.192437775590722,0.236168031149104,0.204670790578722,0.555555555555556,-0.0159026871511766,1.08263807405984,0.944444444444444,-1.48748533307708,-0.00596659738893951,1.03100533338958,0.944444444444444,-0.558096001012442,-0.0203743139420908,1.10587481527236,0.888888888888889,-0.952873337451202,25,FALSE
screen2_estimate1,LRSAM1,5,3,0.0000525706424022086,0.0517755114358752,16,FALSE,-0.0513135821052082,0.144299619178363,0.183985595991623,0.8,0.0261563757954014,1.50973591634614,0.8,-2.54867958173072,0.0435022205090006,1.8477720463913,0.8,-4.23886023195652,0.024344279464259,1.47442175084066,0.6,-1.18605437710166,25,FALSE
screen2_estimate1,RPS2,7,1,0.0000613842564225925,0.0545799537277209,17,FALSE,0.307034540534922,0.193156058639602,0.48536319680397,1,0.173927357039601,0.433525111746121,0.857142857142857,3.96532421777715,0.111690911804642,0.636226883105556,0.857142857142857,2.54641181826111,0.177968514413058,0.42036321352315,0.714285714285714,2.02872875266897,25,FALSE
screen2_estimate1,SNHG1,22,8,0.0000649110777035692,0.0545799537277209,18,FALSE,0.655567565353345,0.228908668551359,0.248693562423843,0.681818181818182,0.011471347285555,0.982501655219364,0.954545454545455,0.384963585173996,0.0394773117884717,0.939781475053309,0.954545454545455,1.3248075488272,0.116400952601681,0.822442477704123,0.909090909090909,1.95313274525465,25,FALSE
screen2_estimate1,HLA-H,10,3,0.0000730067879601048,0.0545799537277209,19,FALSE,0.419795044825343,0.178650864894602,0.285703972288414,0.7,0.280918342070123,0.330820252566345,0.9,6.69179747433655,-0.0179855206109105,1.04284357529373,0.9,-0.428435752937328,0.411295067090203,0.0202479229803124,0.8,4.89876038509844,25,FALSE
screen2_estimate1,VPS52,90,17,0.0000733771137644035,0.0545799537277209,20,FALSE,1.51883560119178,0.747780260936142,0.201472116349967,0.655555555555556,0.00838036191593029,0.994482377217551,0.988888888888889,0.496586050420406,-0.0223583316890597,1.0147207055665,0.988888888888889,-1.32486350098486,-0.0195324391834603,1.01286014047085,0.977777777777778,-0.578706321188426,25,FALSE
screen2_estimate1,RPS27A,17,13,0.0000740359800068021,0.0545799537277209,21,FALSE,0.420014521018604,0.21117744995977,0.25891236081353,0.529411764705882,-0.0265244838997114,1.06315134970902,0.941176470588235,-1.0735729450533,-0.039358153339541,1.09370664910368,0.941176470588235,-1.59301303476258,0.00614827621814957,0.985361753200249,0.882352941176471,0.124425097797885,25,FALSE
screen2_estimate1,ODC1,9,6,0.0000788136332004495,0.0545799537277209,22,FALSE,0.188292195643262,0.194714167978537,0.259459570402827,0.666666666666667,0.075095823143567,0.601174000403907,0.888888888888889,3.58943399636484,0.0628191763692534,0.666373977133548,0.888888888888889,3.00263420579807,0.0598617256528873,0.682080686093325,0.777777777777778,1.43063691258004,25,FALSE
screen2_estimate1,SLC3A2,27,22,0.0000796635953634713,0.0545799537277209,23,FALSE,0.555422116678539,0.247516809004375,0.197894074659955,0.518518518518519,-0.0172392336442781,1.03103807559441,0.962962962962963,-0.83802804104919,-0.0188457463446068,1.03393049318473,0.962962962962963,-0.916123315987578,-0.0489016651666495,1.08804414462118,0.925925925925926,-1.18859595238599,25,FALSE
screen2_estimate1,C2orf63,23,22,0.000100166325891556,0.0657675401416307,24,FALSE,0.433023172668886,0.264194354345708,0.198834259334908,0.521739130434783,-0.0105945607757123,1.02446649843336,0.956521739130435,-0.562729463967301,-0.0130407447965509,1.03011558184329,0.956521739130435,-0.692658382395668,-0.05771188659192,1.13327667024427,0.91304347826087,-1.53268170780914,25,FALSE
screen2_estimate1,LYRM1,11,9,0.000183251604848203,0.11550715156792,25,FALSE,0.547431185952955,0.183710001553033,0.164873969515445,0.727272727272727,0.458901660382703,0.161718089582606,0.909090909090909,9.22110101459133,0.499394324373125,0.0877495890121944,0.909090909090909,10.0347545208659,0.470878515839,0.13983980467005,0.818181818181818,4.73088107431473,25,FALSE
screen2_estimate1,ELN,12,5,0.000199093643020773,0.120666062566205,26,FALSE,0.354791226966349,0.205336137417657,0.365344768265616,0.666666666666667,-0.00306185883326899,1.00863002972043,0.916666666666667,-0.103560356645214,0.00215958514222664,0.993913081896945,0.916666666666667,0.073043017236662,-0.0199571815675857,1.0562504933908,0.833333333333333,-0.337502960344821,25,FALSE
screen2_estimate1,SNORD42A,5,5,0.000212447777238328,0.123990817545244,27,FALSE,0.134684072731579,0.125545258620799,0.578905395125879,1,0.0417966126757556,0.6896692249643,0.8,1.5516538751785,0.0417966126757556,0.6896692249643,0.8,1.5516538751785,,,0.6,,25,FALSE
screen2_estimate1,EFR3A,16,5,0.000220694387387206,0.124203648444557,28,FALSE,0.423778869964201,0.249547846393509,0.163430914465678,0.5625,0.0422221585981854,0.900367475608795,0.9375,1.59412039025927,-0.00718145820199274,1.01694623944464,0.9375,-0.271139831114255,0.0263403157062869,0.937844197591749,0.875,0.49724641926601,25,FALSE
screen2_estimate1,PTPRJ,18,3,0.000239567714197252,0.130176139321389,29,FALSE,0.241150358262376,0.251558943935734,0.178319148098233,0.555555555555556,-0.0193817240941695,1.08037194816473,0.944444444444444,-1.44669506696512,-0.0334857334765692,1.13885831942301,0.944444444444444,-2.4994497496141,-0.04567762386647,1.18941553392499,0.888888888888889,-1.70473980532489,25,FALSE
screen2_estimate1,NWD1,10,4,0.000264607592135407,0.138989547895658,30,FALSE,0.3534189658634,0.115633450899534,0.287371183937159,0.6,-0.00286265844325348,1.00809990045741,0.9,-0.0809990045740761,0.0425938241418458,0.879480649721813,0.9,1.20519350278187,0.164241139179471,0.535279215199358,0.8,2.32360392400321,25,FALSE
screen2_estimate1,POU6F2,43,7,0.000302122682023262,0.153575781397502,31,FALSE,-0.036746643777638,0.413518630701305,0.248366978759718,0.558139534883721,-0.0103125944541304,0.719359555214506,0.976744186046512,12.0675391257762,-0.00822955927395252,0.776045961537293,0.976744186046512,9.63002365389637,0.0283252999180907,1.77082685671903,0.953488372093023,-16.5727774194592,25,FALSE
screen2_estimate1,RPL28,7,4,0.000375361665834137,0.170563603812838,32,FALSE,0.167660116275558,0.240413307595554,0.159552247451543,0.714285714285714,-0.0149735864155678,1.08930917351243,0.857142857142857,-0.625164214587,0.0585385164617586,0.650850078348106,0.857142857142857,2.44404945156326,0.0171664584440196,0.897611555894393,0.714285714285714,0.358359554369625,25,FALSE
screen2_estimate1,ANKRD45,9,8,0.000378165403618205,0.170563603812838,33,FALSE,0.288090853341697,0.184222645144525,0.478156780961943,0.666666666666667,0.0723433694075959,0.748886961982819,0.888888888888889,2.26001734215463,0.0923505203003033,0.679439596123627,0.888888888888889,2.88504363488735,0.166614732378129,0.421659068847591,0.777777777777778,2.60253419018584,25,FALSE
screen2_estimate1,RPL23A,18,7,0.000382405999028991,0.170563603812838,34,FALSE,0.423780802777534,0.266955552305544,0.231380951227035,0.666666666666667,-0.0117846569002692,1.02780837834803,0.944444444444444,-0.500550810264525,0.132559905306982,0.687197002700072,0.944444444444444,5.6304539513987,0.202077278704765,0.523156128403375,0.888888888888889,4.29159484436962,25,FALSE
screen2_estimate1,ANKS1A,33,8,0.000383407010702416,0.170563603812838,35,FALSE,0.45510056995257,0.393214781360707,0.144238977153102,0.515151515151515,0.0515325339546802,0.886766711893921,0.96969696969697,3.73669850750061,-0.00422789941188465,1.00929003321689,0.96969696969697,-0.306571096157346,0.0354818663990204,0.922035108849197,0.939393939393939,1.28642070398825,25,FALSE
screen2_estimate1,RPL14,7,4,0.000392903367376655,0.170563603812838,36,FALSE,0.47210806130321,0.126623839805022,0.232205803692578,0.714285714285714,0.0214135304923197,0.954642734900121,0.857142857142857,0.317500855699155,0.289352005378106,0.387106408267258,0.857142857142857,4.2902551421292,0.497130898559522,-0.0530023511719724,0.714285714285714,3.6855082291019,25,FALSE
screen2_estimate1,RPL17,9,5,0.000400485679722999,0.170563603812838,37,FALSE,0.230079323135657,0.170213541846725,0.240152768498457,1,0.304941574179272,-0.325375831358282,0.888888888888889,11.9283824822245,0.0830288724656384,0.639129360543695,0.888888888888889,3.24783575510675,0.279734784208403,-0.215818876707441,0.777777777777778,5.47118494518348,25,FALSE
screen2_estimate1,ATF7,11,7,0.000414595221125396,0.171926091960368,38,FALSE,0.656516016086581,0.165944314768967,0.156829494020838,0.545454545454545,0.0329888951727911,0.949751575948696,0.909090909090909,0.55273266456434,-0.0229913423231971,1.03502023067197,0.909090909090909,-0.385222537391707,0.116017773182233,0.823282646059722,0.818181818181818,0.971945446671527,25,FALSE
screen2_estimate1,FAM18B2,9,1,0.000438532315830302,0.177189544432151,39,FALSE,1.21901738288761,0.180682025676526,0.155613987113579,0.777777777777778,0.0143308908833495,0.988243899484516,0.888888888888889,0.105804904639359,0.103558899928823,0.915047232810157,0.888888888888889,0.764574904708587,0.16678461402667,0.863181102773457,0.777777777777778,0.615685037519444,25,FALSE
screen2_estimate1,ANXA9,5,3,0.00045733012609034,0.177693405155554,40,FALSE,-0.0973261442634293,0.204315745028002,0.332089740484783,0.6,-0.0184155508774264,0.810785159354699,0.8,0.946074203226508,-0.0189845302150261,0.804939049433199,0.8,0.975304752834005,-0.0494409755687207,0.49200725105373,0.6,1.26998187236567,25,FALSE
screen2_estimate1,ZNF333,5,3,0.000467219459086378,0.177693405155554,41,FALSE,0.46193233402832,0.156041545462278,0.218875776600125,0.8,-0.0285547218771977,1.06181581104787,0.8,-0.309079055239365,0.0279013084175707,0.939598710975144,0.8,0.302006445124279,0.0545230254314344,0.881967506028509,0.6,0.295081234928727,25,FALSE
screen2_estimate1,SRM,10,3,0.000473608517358375,0.177693405155554,42,FALSE,0.470967340941579,0.26749776650575,0.243457065695992,0.6,0.0497371008078905,0.894393737135883,0.9,1.05606262864117,-0.00478905293830382,1.01016854571854,0.9,-0.101685457185403,0.101981913390795,0.783462876243376,0.8,1.08268561878312,25,FALSE
screen2_estimate1,CCDC126,6,6,0.000517172163955216,0.183989028334851,43,FALSE,0.147043501744881,0.150275301199327,0.194368490207298,0.5,-0.0513779995361226,1.34940680088851,0.833333333333333,-2.09644080533105,-0.0513779995361226,1.34940680088851,0.833333333333333,-2.09644080533105,,,0.666666666666667,,25,FALSE
screen2_estimate1,GIT1,10,3,0.000524429963012155,0.183989028334851,44,FALSE,0.489516084447141,0.175541691832742,0.188189701852654,0.6,0.0646324038752513,0.867966741178184,0.9,1.32033258821816,0.255335143820755,0.478392739415027,0.9,5.21607260584973,0.322325525914148,0.341542523003748,0.8,3.29228738498126,25,FALSE
screen2_estimate1,SNORD22,6,6,0.00053636099999033,0.183989028334851,45,FALSE,0.0771829755302596,0.146544190305046,0.829055807058506,1,0.14593787146837,-0.890803904173858,0.833333333333333,11.3448234250431,0.14593787146837,-0.890803904173858,0.833333333333333,11.3448234250431,,,0.666666666666667,,25,FALSE
screen2_estimate1,TACC1,25,22,0.000537091972547477,0.183989028334851,46,FALSE,0.682739481239868,0.259145892062823,0.19292425530406,0.56,0.103202599514833,0.84884044009376,0.96,3.778988997656,0.115229467382797,0.831224836780292,0.96,4.21937908049269,0.115578059848666,0.830714257744734,0.92,2.11607177819082,25,FALSE
screen2_estimate1,LASP1,21,5,0.000565048752196133,0.189447622066099,47,FALSE,0.82174068006317,0.304192225675102,0.190059454281444,0.523809523809524,0.190503916341805,0.768170274438451,0.952380952380952,4.86842423679252,-0.0204702465988185,1.02491083512775,0.952380952380952,-0.523127537682741,0.192992206426335,0.765142202268118,0.904761904761905,2.46600687618476,25,FALSE
screen2_estimate1,KIAA0319L,24,13,0.000601413314642973,0.195218042686514,48,FALSE,0.468294015078997,0.171555620330569,0.16337341686713,0.5,0.0793809517952744,0.830489074728227,0.958333333333333,4.06826220652256,0.104042324304807,0.777826918656529,0.958333333333333,5.33215395224331,0.0794392256139664,0.830364636198552,0.916666666666667,2.03562436561738,25,FALSE
screen2_estimate1,C6orf48,17,16,0.000609736190612976,0.195218042686514,49,FALSE,0.402528773769188,0.218784727302717,0.210623673727931,0.529411764705882,-0.020223573503578,1.05024131148243,0.941176470588235,-0.854102295201292,-0.0138857573784704,1.03449631003629,0.941176470588235,-0.586437270616969,-0.057637467063619,1.14318843973293,0.882352941176471,-1.21710173772989,25,FALSE
screen2_estimate1,SNORA71D,7,6,0.0006194251893848,0.195218042686514,50,FALSE,0.52503993452566,0.201102642887839,0.335190316866813,0.571428571428571,-0.0256625393329507,1.04887730941102,0.857142857142857,-0.342141165877118,0.0181979989687628,0.965339781277393,0.857142857142857,0.242621531058252,0.303474763426311,0.421996797823614,0.714285714285714,2.02301120761735,25,FALSE
screen2_estimate1,ZNF133,5,3,0.000738557864350109,0.228199898557432,51,FALSE,0.242127972321068,0.11909941787236,0.108795244841231,0.6,-0.0280670223218304,1.11591813227021,0.8,-0.579590661351032,0.141660035972008,0.414937338242921,0.8,2.92531330878539,0.272677321304537,-0.126170259018896,0.6,2.81542564754724,25,FALSE
screen2_estimate1,ARL16,6,5,0.000781159281156592,0.236721306778184,52,FALSE,0.403211777028181,0.116638240196218,0.22074514146057,0.666666666666667,0.298896643495873,0.258710532467948,0.833333333333333,4.44773680519231,0.365797884050968,0.0927896830121557,0.833333333333333,5.44326190192707,0.340534345999131,0.155445437360499,0.666666666666667,2.5336636879185,25,FALSE
screen2_estimate1,NIPBL,6,3,0.000859379451012548,0.255511346963316,53,FALSE,-0.0238414002405699,0.120232214318145,0.235058799592506,0.666666666666667,-0.0176789289695938,0.258477740770012,0.833333333333333,4.44913355537993,0.0410006025176184,2.71972292331427,0.833333333333333,-10.3183375398856,0.0218840461526773,1.91790104322137,0.666666666666667,-2.7537031296641,25,FALSE
screen2_estimate1,FGD5,14,7,0.000877418207272685,0.256043631670425,54,FALSE,0.441504668490336,0.224559203049181,0.377478923689013,1,0.0895568180235822,0.797155444970018,0.928571428571429,2.83982377041976,0.182029696493813,0.587706066356585,0.928571428571429,5.77211507100782,0.334854431187082,0.24156083709812,0.857142857142857,5.30907414031316,25,FALSE
screen2_estimate1,FAM66D,7,2,0.000894076048945241,0.256160915986893,55,FALSE,-0.0768922708405779,0.129419880745352,0.270222330730247,0.714285714285714,0.0620331915098531,1.80675457795319,0.857142857142857,-5.64728204567235,-0.0140875347921346,0.816788675400906,0.857142857142857,1.28247927219366,0.0366655698186574,1.47684337343446,0.714285714285714,-1.66895180702061,25,FALSE
screen2_estimate1,LGR4,16,7,0.00093826935671901,0.264022295056753,56,FALSE,-0.134390987375129,0.222408850035727,0.225952699246657,0.5625,-0.0300537945318804,0.776370461153095,0.9375,3.57807262155049,-0.0330877010111947,0.753795238375353,0.9375,3.93927618599435,-0.0524079368610075,0.610033843157058,0.875,3.11972925474354,25,FALSE
screen2_estimate1,DOCK3,14,4,0.000971525633352148,0.265327978315281,57,FALSE,0.171850099262281,0.159357526235193,0.22267499781349,0.642857142857143,0.00809471062498074,0.952896677629342,0.928571428571429,0.659446513189209,0.0287125785960886,0.832920791321354,0.928571428571429,2.33910892150104,0.118305076737651,0.311579817262184,0.857142857142857,4.81894127916471,25,FALSE
screen2_estimate1,RPL7A,6,2,0.000976584765978317,0.265327978315281,58,FALSE,0.164592176884332,0.146219541124408,0.281193398932752,1,0.102448424132039,0.377562007676495,0.833333333333333,3.73462795394103,0.0713468951556931,0.566523169531731,0.833333333333333,2.60086098280961,0.210552076557734,-0.279235019205685,0.666666666666667,3.83770505761705,25,FALSE
screen2_estimate1,EBNA1BP2,7,2,0.00101163661327772,0.267535844515932,59,FALSE,0.221785102677645,0.104794797690736,0.170833495533619,0.571428571428571,-0.0271445921343187,1.12239141315895,0.857142857142857,-0.856739892112617,0.305173247535203,-0.37598623104438,0.857142857142857,9.63190361731066,0.386236278819688,-0.741488829306386,0.714285714285714,6.09521090257235,25,FALSE
screen2_estimate1,SNORD93,5,5,0.00103063434356535,0.267535844515932,60,FALSE,0.366974493673857,0.0854855624781958,0.712603997078275,1,0.298240392857144,0.187299395466431,0.8,4.06350302266785,0.298240392857144,0.187299395466431,0.8,4.06350302266785,,,0.6,,25,FALSE
screen2_estimate1,C17orf102,15,12,0.00104734857586545,0.267535844515932,61,FALSE,0.153988556928609,0.18474966008306,0.52159843601692,0.733333333333333,-0.0310837090602252,1.20185726576187,0.933333333333333,-3.02785898642805,-0.00690105239864244,1.04481535859734,0.933333333333333,-0.672230378960092,0.169472480493751,-0.100552429829706,0.866666666666667,8.25414322372279,25,FALSE
screen2_estimate1,MIR548F3,7,4,0.00105262230993703,0.267535844515932,62,FALSE,0.171912633293513,0.174093393205654,0.626988808684736,0.857142857142857,0.0271471915817553,0.842087279674171,0.857142857142857,1.1053890422808,-0.0223726123967435,1.13013943168764,0.857142857142857,-0.910976021813484,0.186488312830963,-0.0847853892887849,0.714285714285714,3.79674886251075,25,FALSE
screen2_estimate1,RPS23,9,5,0.00110988180989502,0.277611389846441,63,FALSE,0.439799862610904,0.128122378071537,0.183214544844789,0.666666666666667,0.00111631997695576,0.997461754602813,0.888888888888889,0.0228442085746865,0.25079612256497,0.429749429487994,0.888888888888889,5.13225513460806,0.28264757083808,0.357326832345692,0.777777777777778,2.89202925444439,25,FALSE
screen2_estimate1,TRRAP,82,7,0.0011372729280315,0.280017918748757,64,FALSE,0.62279763961906,0.65055752182861,0.196086456235157,0.670731707317073,0.0107666582391794,0.982712429279975,0.987804878048781,1.41758079904208,0.0362930956560093,0.941725701339831,0.987804878048781,4.77849249013384,0.0665770090525708,0.893100094128017,0.975609756097561,4.3828961407513,25,FALSE
screen2_estimate1,WDR65,8,6,0.00115615612946025,0.280287819815918,65,FALSE,0.299239047758161,0.0991502033152361,0.168782705508855,0.5,-0.0138099848164841,1.04615034341255,0.875,-0.369202747300413,-0.0274748318973974,1.09181566410946,0.875,-0.734525312875663,-0.0268474342214667,1.08971902037051,0.75,-0.358876081482043,25,FALSE
screen2_estimate1,P2RX7,9,6,0.00121967598766935,0.29120688202566,66,FALSE,-0.0604292659785244,0.182640894718324,0.380477334614283,0.666666666666667,0.204235579893608,4.3797461641548,0.888888888888889,-30.4177154773931,0.223973847774175,4.70638041265918,0.888888888888889,-33.3574237139327,0.182685747690018,4.02313365439423,0.777777777777778,-13.604101444774,25,FALSE
screen2_estimate1,NARF,6,5,0.00130210748519692,0.296980097288736,67,FALSE,0.148254208022772,0.147493278396687,0.173137582868667,0.666666666666667,-0.0284105272425912,1.19163386740582,0.833333333333333,-1.14980320443494,-0.0336813143527168,1.22718622831632,0.833333333333333,-1.36311736989793,-0.04500819538019,1.30358797892116,0.666666666666667,-0.910763936763469,25,FALSE
screen2_estimate1,MED22,8,4,0.00130211302130442,0.296980097288736,68,FALSE,-0.00445546568906891,0.183272704256004,0.192649535058979,0.75,0.0182797303596672,5.10276537523675,0.875,-32.822123001894,0.0147413272934293,4.30859405552059,0.875,-26.4687524441647,-0.0156228700510339,-2.50645053543185,0.75,14.0258021417274,25,FALSE
screen2_estimate1,MTMR3,8,6,0.00131744278152274,0.296980097288736,69,FALSE,0.236770271944443,0.163987422124672,0.163247496372219,0.75,0.124039364902789,0.476119346047406,0.875,4.19104523162076,-0.0272629651117167,1.11514522025009,0.875,-0.921161762000724,0.27109790792503,-0.144982880235239,0.75,4.57993152094096,25,FALSE
screen2_estimate1,PIK3R1,25,20,0.00131924145260893,0.296980097288736,70,FALSE,0.0918012899771715,0.282352986087375,0.219827816746776,0.76,0.281935523925416,-2.07114991516487,0.96,76.7787478791217,0.264067862862466,-1.87651581941967,0.96,71.9128954854917,0.245649329606525,-1.67588102158054,0.92,33.4485127697568,25,FALSE
screen2_estimate1,SNORD49A,10,9,0.00135346087601497,0.299531890168734,71,FALSE,0.320612650146977,0.176361434653985,0.279393021395811,0.6,0.0741568106457833,0.768702792569825,0.9,2.31297207430175,0.121109164577574,0.62225706152875,0.9,3.7774293847125,0.0882947121691071,0.724606274491569,0.8,1.37696862754216,25,FALSE
screen2_estimate1,CELSR3,46,27,0.00136859348217723,0.299531890168734,72,FALSE,1.14999416872455,0.424330429877727,0.214749770591972,0.695652173913044,-0.0145306250217189,1.01263539017579,0.978260869565217,-0.581227948086374,0.0172883403952708,0.984966584296297,0.978260869565217,0.691537122370353,0.0533838706826933,0.953579007498881,0.956521739130435,1.06768282752575,25,FALSE
screen2_estimate1,SF3B3,12,6,0.00146656401870324,0.312814190201856,73,FALSE,0.410778490348044,0.233589742276346,0.195502799739115,0.583333333333333,0.0450273204467931,0.890385398688616,0.916666666666667,1.31537521573661,-0.0245753792563994,1.05982635370118,0.916666666666667,-0.717916244414176,0.0362835507135751,0.911671249673193,0.833333333333333,0.529972501960843,25,FALSE
screen2_estimate1,CHN1,18,10,0.00149099178645574,0.312814190201856,74,FALSE,0.605086481485846,0.240399708879598,0.269901033609494,0.611111111111111,-0.0104387097235637,1.01725159963569,0.944444444444444,-0.310528793442466,0.173793435069419,0.712779180518703,0.944444444444444,5.16997475066334,0.323683006530063,0.465063232390799,0.888888888888889,4.81443090848281,25,FALSE
screen2_estimate1,BOP1,18,1,0.00149225599267507,0.312814190201856,75,FALSE,0.569519528042999,0.340826188235903,0.178544413830384,0.611111111111111,-0.0562985490816561,1.09885271059117,0.944444444444444,-1.77934879064112,0.043445920048287,0.923714784289176,0.944444444444444,1.37313388279483,-0.0307043909650694,1.0539127974603,0.888888888888889,-0.485215177142724,25,FALSE
screen2_estimate1,CCDC114,10,5,0.0015086862834967,0.312814190201856,76,FALSE,0.321192535454233,0.155334951449777,0.298024745812588,0.8,0.135721163956258,0.577446083034527,0.9,4.22553916965473,0.142721615892467,0.555650894281746,0.9,4.44349105718254,0.156124634192662,0.51392197215334,0.8,2.4303901392333,25,FALSE
screen2_estimate1,SLC22A23,51,11,0.00154280252872828,0.312910896612927,77,FALSE,0.829680324680164,0.457412222791718,0.230530795447086,0.705882352941177,0.0503199096601297,0.9393502435055,0.980392156862745,3.0931375812195,0.0450178027768509,0.945740785411291,0.980392156862745,2.76721994402416,0.0348127862003071,0.958040723439203,0.96078431372549,1.06996155230033,25,FALSE
screen2_estimate1,MINK1,14,1,0.00157925262869642,0.312910896612927,78,FALSE,0.687705850276962,0.176509957015463,0.23199390752657,0.785714285714286,-0.0108324320811678,1.01575154853897,0.928571428571429,-0.220521679545513,-0.0294676223509793,1.04284916631015,0.928571428571429,-0.599888328342072,-0.04119100686684,1.05989625775359,0.857142857142857,-0.419273804275124,25,FALSE
screen2_estimate1,PIPSL,8,2,0.00160353352896745,0.312910896612927,79,FALSE,0.402912254122609,0.188808687435388,0.384319804505312,0.875,0.201123775493595,0.500824873317475,0.875,3.9934010134602,0.309730850470813,0.231269718650554,0.875,6.14984225079557,0.269586523077771,0.330905128053678,0.75,2.67637948778529,25,FALSE
screen2_estimate1,ATIC,5,3,0.00164895994344761,0.312910896612927,80,FALSE,0.314503673965958,0.109764424234463,0.226567021163192,0.8,0.0209986535273391,0.933232406278306,0.8,0.333837968608469,-0.0519665944137184,1.16523366407269,0.8,-0.826168320363458,0.00537273848016911,0.98291677037531,0.6,0.042708074061725,25,FALSE
screen2_estimate1,MIR548I4,5,2,0.00166483905191682,0.312910896612927,81,FALSE,0.123012559137787,0.155878712694758,0.66393081946204,1,0.164951461812985,-0.340931876949422,0.8,6.70465938474711,0.100055946952916,0.186620068274148,0.8,4.06689965862926,0.135042005048604,-0.0977903881939608,0.6,2.7444759704849,25,FALSE
screen2_estimate1,MAP3K7IP1,6,1,0.00166883746076487,0.312910896612927,82,FALSE,0.340647846405378,0.155428633377319,0.113481183419782,0.666666666666667,-0.0357005827639207,1.10480202103329,0.833333333333333,-0.628812126199729,0.0623475621675048,0.816973561331987,0.833333333333333,1.09815863200808,0.0252282354079203,0.925940423008287,0.666666666666667,0.222178730975139,25,FALSE
screen2_estimate1,IGSF9B,42,8,0.00169306762993266,0.312910896612927,83,FALSE,0.274271787502722,0.383793219609131,0.383556634414063,0.547619047619048,-0.0227040409216436,1.08277935229273,0.976190476190476,-3.47673279629449,-0.0372924378658759,1.13596891683767,0.976190476190476,-5.71069450718201,-0.0562597165526388,1.20512396504537,0.952380952380952,-4.30760326595271,25,FALSE
screen2_estimate1,KEL,7,5,0.00171782376784155,0.312910896612927,84,FALSE,0.188662679723473,0.134287151638455,0.776408733295698,1,0.122195298951243,0.352308049846704,0.857142857142857,4.53384365107308,0.126598244819903,0.328970387755224,0.857142857142857,4.69720728571343,0.109486468980446,0.419670762967419,0.714285714285714,2.03115232961403,25,FALSE
screen2_estimate1,SNORD68,5,4,0.00172888179812823,0.312910896612927,85,FALSE,0.00526986232490183,0.0769122191824726,0.218309477329382,0.6,-0.0151209513132014,3.86932568271281,0.8,-14.346628413564,-0.0247125754557164,5.68941576309146,0.8,-23.4470788154573,0.0000488339071534993,0.990733361871193,0.6,0.0231665953220178,25,FALSE
screen2_estimate1,SUSD2,15,7,0.00173648222046164,0.312910896612927,86,FALSE,0.122785006405006,0.20672457005237,0.297298025286929,0.533333333333333,-0.0134662224466107,1.10967318275158,0.933333333333333,-1.64509774127377,0.01133796226249,0.907660042586211,0.933333333333333,1.38509936120683,-0.00864194265286409,1.07038271940434,0.866666666666667,-0.527870395532579,25,FALSE
screen2_estimate1,GCDH,10,3,0.00181736273093844,0.312910896612927,87,FALSE,0.669060651215455,0.149661623988671,0.205946314642355,0.8,-0.0204709576999053,1.0305965649941,0.9,-0.305965649940951,-0.0152724252545166,1.02282666784659,0.9,-0.228266678465872,-0.0291997864772353,1.04364295886208,0.8,-0.218214794310421,25,FALSE
screen2_estimate1,CEACAM8,5,5,0.00182001485390304,0.312910896612927,88,FALSE,0.14558113324935,0.118225896767288,0.507417966356895,1,0.0627004620950067,0.569309149506248,0.8,2.15345425246876,0.0627004620950067,0.569309149506248,0.8,2.15345425246876,,,0.6,,25,FALSE
screen2_estimate1,TMIGD2,6,4,0.0018886831202582,0.312910896612927,89,FALSE,0.0600208525545488,0.111204128540943,0.266188815158995,0.833333333333333,0.0225115910737978,0.624937165740214,0.833333333333333,2.25037700555871,0.0943472310839723,-0.571907546601852,0.833333333333333,9.43144527961112,0.123591901258662,-1.05914937889858,0.666666666666667,6.17744813669574,25,FALSE
screen2_estimate1,NCRNA00188,14,5,0.00189484522642096,0.312910896612927,90,FALSE,0.690071562718651,0.239176787649235,0.202957485939132,0.5,0.0191677358012486,0.972223553560541,0.928571428571429,0.388870250152431,-0.00313354861129786,1.0045409038433,0.928571428571429,-0.0635726538061343,-0.00955801485413208,1.01385075892198,0.857142857142857,-0.0969553124538807,25,FALSE
screen2_estimate1,PTK2,18,10,0.00191019023537514,0.312910896612927,91,FALSE,0.118104659217585,0.280299043039792,0.222915776594373,0.722222222222222,0.0276117243679501,0.766209694428052,0.944444444444444,4.20822550029506,0.0170962842521791,0.855244624848522,0.944444444444444,2.6055967527266,-0.0430887463113903,1.36483527912313,0.888888888888889,-3.2835175121082,25,FALSE
screen2_estimate1,RNF168,7,6,0.00191985663135555,0.312910896612927,92,FALSE,0.0925301768249733,0.161689419053538,0.305979333442876,1,-0.0036749956004582,1.03971672514373,0.857142857142857,-0.27801707600611,-0.0132259769957253,1.1429369039329,0.857142857142857,-1.00055832753029,0.0551122241499011,0.404386481891747,0.714285714285714,2.08464731337889,25,FALSE
screen2_estimate1,LOC388796,22,6,0.00194676488092366,0.312910896612927,93,FALSE,0.266053160459564,0.357956767739991,0.239829836636682,0.772727272727273,0.106672661339424,0.599055086753474,0.954545454545455,8.82078809142358,-0.0212008324976072,1.07968645236533,0.954545454545455,-1.75310195203732,0.141393719503257,0.468550874347733,0.909090909090909,5.84594038217494,25,FALSE
screen2_estimate1,TSNAX,9,5,0.00194863899517368,0.312910896612927,94,FALSE,0.195817055087048,0.186898220295127,0.159252341544052,0.555555555555556,-0.0217541877429987,1.11109444850617,0.888888888888889,-0.999850036555564,0.0203788926683067,0.895928918657022,0.888888888888889,0.936639732086804,0.0786908286032186,0.59814108853676,0.777777777777778,1.80836510158458,25,FALSE
screen2_estimate1,RPS15A,5,3,0.00196978845973186,0.312910896612927,95,FALSE,0.117039523424512,0.101912203012591,0.165103782375222,0.6,-0.0452182956830451,1.38635064771269,0.8,-1.93175323856347,0.122345219404945,-0.0453325152494715,0.8,5.22666257624736,0.217162440042658,-0.855462442844989,0.6,4.63865610711247,25,FALSE
screen2_estimate1,C6orf146,5,5,0.00199427263496187,0.312910896612927,96,FALSE,0.575533479482601,0.146225056648453,0.297185935078436,0.6,-0.0312920605727695,1.05437053045272,0.8,-0.271852652263607,-0.0312920605727695,1.05437053045272,0.8,-0.271852652263607,,,0.6,,25,FALSE
screen2_estimate1,SLC22A18AS,25,20,0.00199842293325163,0.312910896612927,97,FALSE,0.445168526116207,0.239761477835667,0.246735622738764,0.6,0.154549669514935,0.652828849192741,0.96,8.67927877018146,0.115516381897568,0.740510896164719,0.96,6.48722759588202,0.164931970909926,0.629506667174237,0.92,4.63116666032204,25,FALSE
screen2_estimate1,LRFN4,17,12,0.00205083280959992,0.312910896612927,98,FALSE,0.167091729442746,0.267670456282595,0.286526731632,0.823529411764706,-0.005345214423076,1.03198970075241,0.941176470588235,-0.543824912790957,0.00964224152745185,0.942293723575614,0.941176470588235,0.981006699214563,-0.00479741668993955,1.02871127557264,0.882352941176471,-0.244045842367432,25,FALSE
screen2_estimate1,DUSP13,16,14,0.00206798326841635,0.312910896612927,99,FALSE,-0.000867307087094717,0.202810803059468,0.287880555346424,0.8125,0.0636684177313054,74.4093133547198,0.9375,-1174.54901367552,0.034774620285632,41.0949338510759,0.9375,-641.518941617214,0.191022470213267,221.247791186798,0.875,-1761.98232949439,25,FALSE
screen2_estimate1,RPL13,6,2,0.00207465815775387,0.312910896612927,100,FALSE,-0.014492156078972,0.0869634562934138,0.214385085648219,0.666666666666667,-0.0202173720492354,-0.395056190332549,0.833333333333333,8.3703371419953,0.0489044664390355,4.37454731873855,0.833333333333333,-20.2472839124313,0.0992875776241693,7.85112533173961,0.666666666666667,-20.5533759952188,25,FALSE
screen2_estimate1,SNORA33,5,5,0.00208633902383843,0.312910896612927,101,FALSE,0.125835133724742,0.095084032010201,0.512309676727671,0.8,0.00803206599151729,0.936169925252458,0.8,0.319150373737713,0.00803206599151729,0.936169925252458,0.8,0.319150373737713,,,0.6,,25,FALSE
screen2_estimate1,LYL1,12,7,0.00209563717908593,0.312910896612927,102,FALSE,0.441342144832642,0.187397870128136,0.269445752731845,0.5,0.0600713631872433,0.863889356838961,0.916666666666667,1.63332771793247,-0.0436482654085096,1.0988989289139,0.916666666666667,-1.18678714696675,0.097833183306986,0.778328028599932,0.833333333333333,1.33003182840041,25,FALSE
screen2_estimate1,RPL23,15,4,0.00209619253797975,0.312910896612927,103,FALSE,0.398440836165742,0.252397418544429,0.247292515500134,0.6,-0.0253859644412707,1.06371325962862,0.933333333333333,-0.955698894429238,-0.0259882665009394,1.06522490704273,0.933333333333333,-0.978373605641,-0.0577443706292249,1.14492583437207,0.866666666666667,-1.08694375779052,25,FALSE
screen2_estimate1,PKMYT1,7,4,0.0021021661968921,0.312910896612927,104,FALSE,0.556198991681395,0.143568380530722,0.181296793662299,1,0.0533477435838398,0.904085148693691,0.857142857142857,0.671403959144161,0.0202782566337003,0.963541363905751,0.857142857142857,0.255210452659745,0.0134265151664956,0.975860231019285,0.714285714285714,0.0844891914325029,25,FALSE
screen2_estimate1,SIRPB1,6,4,0.00212834035956683,0.312910896612927,105,FALSE,0.0448446621913608,0.132197637987495,0.619905613972362,1,0.10169022911632,-1.26761055044608,0.833333333333333,13.6056633026765,0.12304455869892,-1.74379497327609,0.833333333333333,16.4627698396566,0.1075896295896,-1.39916244949051,0.666666666666667,7.19748734847154,25,FALSE
screen2_estimate1,DFNB31,13,12,0.00213025541369436,0.312910896612927,106,FALSE,0.118313229640313,0.166053139134641,0.227384345768577,0.692307692307692,-0.0156732282026359,1.13247232156779,0.923076923076923,-1.72214018038133,-0.00959781228190404,1.08112205466018,0.923076923076923,-1.05458671058235,0.0665548527218129,0.437469056299555,0.846153846153846,3.65645113405289,25,FALSE
screen2_estimate1,DENND5A,8,2,0.00215450197993072,0.312910896612927,107,FALSE,0.269470072826273,0.190365374097658,0.127446116587673,0.75,-0.0081229831839672,1.03014428689157,0.875,-0.241154295132553,-0.0445651597892861,1.16538073902558,0.875,-1.32304591220465,-0.0303919185132877,1.11278402159664,0.75,-0.451136086386578,25,FALSE
screen2_estimate1,ZNF815,12,6,0.00220419165097443,0.312910896612927,108,FALSE,0.449274568491275,0.176645021357102,0.202219796813897,0.75,-0.0278246072610959,1.06193229978393,0.916666666666667,-0.74318759740712,0.0206746487418565,0.95398215213631,0.916666666666667,0.55221417436428,0.148959540396593,0.668444308128057,0.833333333333333,1.98933415123166,25,FALSE
screen2_estimate1,DIDO1,23,15,0.00221288329334008,0.312910896612927,109,FALSE,0.5182888839866,0.258558931885386,0.183830728479196,0.521739130434783,0.199207550284358,0.615643791639744,0.956521739130435,8.8401927922859,0.2204905343131,0.574579850879456,0.956521739130435,9.78466342977253,0.187835638263334,0.637585053303612,0.91304347826087,4.16777188700847,25,FALSE
screen2_estimate1,FMO6P,5,3,0.00222340880513244,0.312910896612927,110,FALSE,0.0685280421888272,0.128436516120796,0.547880887079616,0.8,0.0588419008019533,0.141345660513458,0.8,4.29327169743271,0.0525838151849333,0.232667189877686,0.8,3.83666405061157,0.0227118175975335,0.66857629559952,0.6,0.828559261001201,25,FALSE
screen2_estimate1,SP9,17,11,0.00227712359215856,0.312910896612927,111,FALSE,0.0842199151199685,0.281167481649711,0.531663004700801,0.705882352941177,-0.015393278985924,1.18277481001966,0.941176470588235,-3.1071717703342,0.00344129767050619,0.959139145823121,0.941176470588235,0.694634521006949,0.00470688482292674,0.944111973798336,0.882352941176471,0.475048222714146,25,FALSE
screen2_estimate1,PHGR1,5,3,0.00228594137604002,0.312910896612927,112,FALSE,-0.0448637093868815,0.125292913286497,0.259892822678071,1,-0.0314895543238071,0.298106314565803,0.8,3.50946842717099,-0.0400822302879649,0.106577881415993,0.8,4.46711059292004,-0.0324154023648107,0.277469411071721,0.6,1.8063264723207,25,FALSE
screen2_estimate1,MIR1236,6,6,0.00228935044133196,0.312910896612927,113,FALSE,0.374669672770935,0.176572510061389,0.404156652899179,1,0.00242161629739251,0.993536663163893,0.833333333333333,0.0387800210166414,0.00242161629739251,0.993536663163893,0.833333333333333,0.0387800210166414,,,0.666666666666667,,25,FALSE
screen2_estimate1,SNED1,49,7,0.00232712690470013,0.312910896612927,114,FALSE,0.457839813701038,0.469274352186233,0.259642178001863,0.775510204081633,0.00791523887064797,0.982711772471984,0.979591836734694,0.847123148872781,0.0857675700935244,0.812669043785849,0.979591836734694,9.17921685449341,0.104212720283463,0.772381699527091,0.959183673469388,5.57664836158626,25,FALSE
screen2_estimate1,TRPV6,15,6,0.00234474895217278,0.312910896612927,115,FALSE,0.363344468706694,0.159913653586243,0.544938095774528,0.666666666666667,0.114038651689966,0.686141770381477,0.933333333333333,4.70787344427785,-0.0285032685752482,1.07844695882314,0.933333333333333,-1.17670438234704,0.170066819185245,0.531940530729451,0.866666666666667,3.51044601952912,25,FALSE
screen2_estimate1,PTPN3,8,5,0.00236487709033541,0.312910896612927,116,FALSE,-0.159493619064615,0.147111851966625,0.295674103423582,0.5,-0.0317928724882818,0.800663671219338,0.875,1.5946906302453,-0.0149700859548149,0.906139906771128,0.875,0.750880745830973,-0.0155491516276642,0.902509255737906,0.75,0.389962977048375,25,FALSE
screen2_estimate1,TTC18,12,10,0.00241842192913844,0.312910896612927,117,FALSE,0.424821621689299,0.201832886799021,0.409913539969281,0.583333333333333,0.0674789647056986,0.841159297783928,0.916666666666667,1.90608842659286,0.123377852925752,0.709577275198138,0.916666666666667,3.48507269762234,0.245127532249987,0.422987155702574,0.833333333333333,3.46207706578456,25,FALSE
screen2_estimate1,ARMC3,11,7,0.00242204190476407,0.312910896612927,118,FALSE,-0.0704180804779861,0.176312563931379,0.39085540596336,0.636363636363636,-0.0238746501973351,0.660958520378886,0.909090909090909,3.72945627583225,-0.0218976610341388,0.689033542443913,0.909090909090909,3.42063103311696,-0.0376408813312175,0.465465671945081,0.818181818181818,2.93993880430205,25,FALSE
screen2_estimate1,TAF1D,8,7,0.00242431645145202,0.312910896612927,119,FALSE,0.500262594762844,0.15388469764051,0.15139341463004,0.75,-0.0384658110522133,1.07689123963076,0.875,-0.615129917046044,0.0240378258464248,0.9519495838824,0.875,0.384403328940797,0.237422110243634,0.525405031818966,0.75,1.89837987272414,25,FALSE
screen2_estimate1,PDYN,7,5,0.00243580191468332,0.312910896612927,120,FALSE,0.153914569644328,0.129828594175619,0.487348276315933,1,0.0963623536891016,0.373923119092756,0.857142857142857,4.38253816635071,0.0488181659534348,0.682822970780181,0.857142857142857,2.22023920453873,0.133808472427796,0.130631539710595,0.714285714285714,3.04278961101292,25,FALSE
screen2_estimate1,ARHGDIB,9,8,0.00243994191472598,0.312910896612927,121,FALSE,0.365532556595622,0.205953858046465,0.538153291188729,1,-0.0103937091383924,1.02843442793494,0.888888888888889,-0.255909851414456,0.0119593420983985,0.96728241607319,0.888888888888889,0.294458255341286,0.231473474723375,0.366750045798391,0.777777777777778,2.84962479390724,25,FALSE
screen2_estimate1,ARID5A,15,4,0.00244574531680933,0.312910896612927,122,FALSE,0.455855956876226,0.219309007428433,0.214705601261948,0.666666666666667,0.0281252032187653,0.93830243348909,0.933333333333333,0.925463497663645,-0.00431502954195164,1.00946577417025,0.933333333333333,-0.141986612553686,0.0385105243573734,0.915520409953029,0.866666666666667,0.633596925352285,25,FALSE
screen2_estimate1,WDR3,7,5,0.00248584546755175,0.312910896612927,123,FALSE,-0.10718201646492,0.184937205899288,0.172053035394609,0.857142857142857,-0.021221218450647,0.802007658088868,0.857142857142857,1.38594639337792,0.0173578683137136,1.16194758119143,0.857142857142857,-1.13363306834,0.0131745282200718,1.12291733869724,0.714285714285714,-0.430210685440344,25,FALSE
screen2_estimate1,PBX1,55,8,0.00248934624625278,0.312910896612927,124,FALSE,0.60085343688908,0.445907546219387,0.416055179584956,0.709090909090909,0.16503986197838,0.725324260716766,0.981818181818182,15.1071656605779,0.105798368259596,0.823919841738167,0.981818181818182,9.68440870440082,0.190482436456168,0.68298019989302,0.963636363636364,8.71804450294196,25,FALSE
screen2_estimate1,ALG6,8,6,0.00250264946149732,0.312910896612927,125,FALSE,0.147547070392363,0.108643068953688,0.329836744940586,0.75,0.0275459857709498,0.813307131766843,0.875,1.49354294586526,0.0414739362591302,0.718910472781052,0.875,2.24871621775159,0.0193227260127758,0.869040259753094,0.75,0.523838960987622,25,FALSE
screen2_estimate1,MAP3K1,8,1,0.00251615108126961,0.312910896612927,126,FALSE,0.284351057116383,0.124086852915893,0.12192512934251,0.625,-0.0221738950255391,1.07798070191968,0.875,-0.623845615357457,0.0615588457338911,0.783511106453543,0.875,1.73191114837166,0.101435416293903,0.643273996156143,0.75,1.42690401537543,25,FALSE
screen2_estimate1,C17orf54,7,0,0.00252187357975896,0.312910896612927,127,FALSE,0.0412996422331565,0.153921609605108,0.398906315259428,0.714285714285714,0.0952511161023383,-1.30634240278886,0.857142857142857,16.144396819522,,,0.857142857142857,,,,0.714285714285714,,25,FALSE
screen2_estimate1,IGFL1,6,4,0.00256243522673587,0.315459799241436,128,FALSE,-0.0345436450148476,0.127108236835454,0.605959727022824,1,0.0278165908027663,1.80525928259192,0.833333333333333,-4.83155569555155,0.043642477731423,2.26340106009845,0.833333333333333,-7.58040636059069,0.0542774611655913,2.57127197035118,0.666666666666667,-4.71381591105354,25,FALSE
screen2_estimate1,PRDM2,44,30,0.00259805170609134,0.317365106857266,129,FALSE,0.529028989413165,0.423685669177662,0.181128978745973,0.590909090909091,0.0177244518146944,0.9664962560287,0.977272727272727,1.47416473473721,0.00513126819534,0.990300591653716,0.977272727272727,0.426773967236478,-0.0195731822647464,1.03699831702315,0.954545454545455,-0.81396297450936,25,FALSE
screen2_estimate1,POU6F1,12,8,0.00265882112882125,0.320530247296795,130,FALSE,0.121688239154962,0.209614168766281,0.178005032949873,0.583333333333333,-0.0145781590276852,1.11979924378001,0.916666666666667,-1.43759092536009,-0.0160190325946188,1.1316399407688,0.916666666666667,-1.5796792892256,0.00813402215057438,0.93315687524892,0.833333333333333,0.401058748506479,25,FALSE
screen2_estimate1,KDM4D,9,8,0.00268498493737637,0.320530247296795,131,FALSE,0.0982104155569363,0.178410344073015,0.320645902109111,0.777777777777778,-0.0350487561115016,1.35687412493619,0.888888888888889,-3.21186712442574,-0.0262366825211791,1.26714765814191,0.888888888888889,-2.40432892327717,-0.00992237945957134,1.1010318447723,0.777777777777778,-0.454643301475344,25,FALSE
screen2_estimate1,CWC15,9,8,0.00268498493737637,0.320530247296795,132,FALSE,0.0598899955566516,0.171433055138363,0.321813702964181,0.777777777777778,-0.0311640046708338,1.52035409889712,0.888888888888889,-4.68318689007405,-0.0262366825211791,1.43808122337163,0.888888888888889,-3.94273101034462,-0.0444575726077486,1.74232051938783,0.777777777777778,-3.34044233724525,25,FALSE
screen2_estimate1,SLC22A18,34,16,0.00271785518922222,0.322014752419276,133,FALSE,1.099293903384,0.41375176177751,0.199243029489651,0.529411764705882,0.0895642361161326,0.918525668303605,0.970588235294118,2.77012727767743,0.392015400826012,0.643393454999381,0.970588235294118,12.124622530021,0.474840927652677,0.568049157562909,0.941176470588235,7.34316432143055,25,FALSE
screen2_estimate1,CSRP3,7,5,0.00273859399280938,0.322050478646942,134,FALSE,0.108841360193692,0.143054495388772,0.285499041943629,0.857142857142857,-0.0345926025077696,1.31782589308154,0.857142857142857,-2.22478125157078,-0.0430095616312689,1.39515825192491,0.857142857142857,-2.76610776347438,-0.0624830171996559,1.5740742038547,0.714285714285714,-2.00925971349144,25,FALSE
screen2_estimate1,HSPBAP1,7,4,0.00282149693124455,0.329341841796679,135,FALSE,0.0756518630883369,0.13904042182909,0.209042121046703,0.857142857142857,0.138062852748649,-0.824976241331117,0.857142857142857,12.7748336893178,0.00604461321178508,0.920099612025061,0.857142857142857,0.559302715824573,0.114930082906278,-0.519196992836469,0.714285714285714,5.31718947492764,25,FALSE
screen2_estimate1,CLUL1,5,5,0.00289042997588444,0.332494864918627,136,FALSE,0.024911539458718,0.123919278450543,0.214830518293481,0.8,0.0334413663304612,-0.342404646885765,0.8,6.71202323442883,0.0334413663304612,-0.342404646885765,0.8,6.71202323442883,,,0.6,,25,FALSE
screen2_estimate1,C7orf34,5,4,0.00289070925839903,0.332494864918627,137,FALSE,0.0365863932452781,0.139055540234432,0.805650967006745,1,0.163321699812032,-3.46400110328202,0.8,22.3200055164101,0.178158816476217,-3.86953757047944,0.8,24.3476878523972,0.145386219177671,-2.9737783990619,0.6,9.93444599765475,25,FALSE
screen2_estimate1,MIR199A2,5,4,0.00298957954405492,0.341375322139257,138,FALSE,-0.118827987128116,0.142014695849322,0.812866894957049,1,-0.0295667029705106,0.751180646200523,0.8,1.24409676899739,-0.0308512268555866,0.740370702212402,0.8,1.29814648893799,-0.0199685708354398,0.831953975506542,0.6,0.420115061233645,25,FALSE
screen2_estimate1,TSPAN9,50,25,0.00306365014662739,0.345898987145372,139,FALSE,0.968705525148304,0.474563416806983,0.343717226990651,0.76,0.0621543923108117,0.935837681630549,0.98,3.20811591847255,0.0138044095230915,0.985749632716322,0.98,0.7125183641839,0.0215987231776426,0.977703520195845,0.96,0.557411995103876,25,FALSE
screen2_estimate1,SIDT1,13,6,0.00307309672549512,0.345898987145372,140,FALSE,0.468875867507476,0.168263616060349,0.344718722591951,0.769230769230769,0.145476988664604,0.689732403081537,0.923076923076923,4.03347875994002,0.136287578530378,0.709331215413417,0.923076923076923,3.77869419962558,0.125753551241992,0.731797774301133,0.846153846153846,1.74331446704264,25,FALSE
screen2_estimate1,C3orf25,7,3,0.00309717011556103,0.346136217595821,141,FALSE,0.297960585286848,0.141390706686828,0.29936587576402,0.571428571428571,-0.00557539153484268,1.0187118424723,0.857142857142857,-0.130982897306121,-0.00821744579457394,1.02757896916689,0.857142857142857,-0.193052784168217,-0.0326449880433512,1.109561430791,0.714285714285714,-0.383465007768505,25,FALSE
screen2_estimate1,IL12B,10,9,0.00313267328549421,0.346261260706086,142,FALSE,0.100402767222252,0.264493875932767,0.240929569443438,0.6,0.223717480843355,-1.22820034778656,0.9,22.2820034778656,0.153246196871921,-0.526314474308206,0.9,15.2631447430821,0.203227440209003,-1.02412190252822,0.8,10.1206095126411,25,FALSE
screen2_estimate1,DYNLT1,7,2,0.00314307189669702,0.346261260706086,143,FALSE,-0.072057366999952,0.11719217129931,0.151814534996131,0.571428571428571,-0.009069520867522,0.874134717307558,0.857142857142857,0.881056978847095,0.0406352087067971,1.56392858077682,0.857142857142857,-3.94750006543772,0.0243887222550617,1.33846257878224,0.714285714285714,-1.18461902573783,25,FALSE
screen2_estimate1,C6orf201,8,6,0.00319083621593899,0.346261260706086,144,FALSE,0.540603429363488,0.141793070563795,0.232651117400207,0.5,0.0309524741241405,0.942744584212897,0.875,0.458043326296827,-0.0138096226004506,1.02554482981492,0.875,-0.204358638519333,0.0474239196325776,0.912275954874324,0.75,0.350896180502703,25,FALSE
screen2_estimate1,GDAP2,9,5,0.00319608702970939,0.346261260706086,145,FALSE,-0.00982079027456836,0.166439227630374,0.173572326107956,0.666666666666667,-0.0126771664968163,-0.290849935940973,0.888888888888889,11.6176494234688,0.0173578683137136,2.76746145966105,0.888888888888889,-15.9071531369494,-0.0235230610000385,-1.3952309684235,0.777777777777778,10.7785393579058,25,FALSE
screen2_estimate1,SND1,81,6,0.00320815738438181,0.346261260706086,146,FALSE,1.16510224690304,0.554339254780438,0.159838610070844,0.555555555555556,0.0217850478138049,0.981302029180948,0.987654320987654,1.51453563634321,-0.0127697952481309,1.01096023570641,0.987654320987654,-0.887779092219604,0.0176437822975336,0.984856451573729,0.975308641975309,0.613313711263988,25,FALSE
screen2_estimate1,CMAH,7,4,0.00325274670201539,0.348685595444616,147,FALSE,0.0650836621284866,0.150856230557795,0.457022432728607,1,0.0933179804405326,-0.433815759419106,0.857142857142857,10.0367103159338,0.114645327356799,-0.7615070143175,0.857142857142857,12.3305491002225,0.0739402036313723,-0.136079335631135,0.714285714285714,3.97627767470897,25,FALSE
screen2_estimate1,LONP2,12,3,0.00330850530092775,0.352266395486618,148,FALSE,0.0679239581572914,0.208178250386986,0.159267758595087,0.666666666666667,-0.0109893181008544,1.16178854117139,0.916666666666667,-1.94146249405662,-0.00295674285791716,1.04353019079174,0.916666666666667,-0.522362289500899,-0.0141485654420523,1.20830007299175,0.833333333333333,-1.24980043795049,25,FALSE
screen2_estimate1,BHMT,14,11,0.00342580061222106,0.36113933422281,149,FALSE,0.555373957258151,0.312998639680588,0.595064753936718,1,0.0739217842941622,0.866897280061331,0.928571428571429,1.86343807914137,0.0654561411609324,0.882140420332121,0.928571428571429,1.65003411535031,0.0229752371200468,0.958631050628527,0.857142857142857,0.289582645600308,25,FALSE
screen2_estimate1,CDC42EP1,10,7,0.00343767610949496,0.36113933422281,150,FALSE,0.596208243350363,0.136291162892554,0.298447044187906,0.9,0.385962150020697,0.352638689039585,0.9,6.47361310960415,0.333488462225709,0.440651037711779,0.9,5.59348962288221,0.353307243901109,0.407409662912884,0.8,2.96295168543558,25,FALSE
screen2_estimate1,MSMB,5,3,0.00347380475361378,0.362517982168516,151,FALSE,0.054605535384322,0.154806825265597,0.546810225919124,1,0.102990172967988,-0.886075692567197,0.8,9.43037846283599,0.119298131838058,-1.18472598058822,0.8,10.9236299029411,0.0837508617965044,-0.533743075808214,0.6,3.83435768952054,25,FALSE
screen2_estimate1,RPS12,12,2,0.00356884078635245,0.367567275237529,152,FALSE,0.230377596409218,0.180588913002113,0.270520506556749,0.75,-0.0280103417630615,1.12158448651104,0.916666666666667,-1.45901383813243,0.0649895510261318,0.717899865094992,0.916666666666667,3.38520161886009,0.0351856838214982,0.847269507235425,0.833333333333333,0.91638295658745,25,FALSE
screen2_estimate1,SNORD101,6,6,0.00356884078635245,0.367567275237529,153,FALSE,0.112271426143061,0.141906511516596,0.294958391062879,0.666666666666667,0.0631823118615488,0.437236044538714,0.833333333333333,3.37658373276772,0.0631823118615488,0.437236044538714,0.833333333333333,3.37658373276772,,,0.666666666666667,,25,FALSE
screen2_estimate1,DYRK1A,9,5,0.0036307190915002,0.371512152232858,154,FALSE,0.167020084374865,0.1411450950624,0.172517630827565,0.777777777777778,0.0146777482703606,0.91211986076227,0.888888888888889,0.79092125313957,-0.0261155525147148,1.15636174902235,0.888888888888889,-1.40725574120117,0.0104280969230388,0.937563814782696,0.777777777777778,0.280962833477868,25,FALSE
screen2_estimate1,SNORD27,13,13,0.00369164767925378,0.3753095750302,155,FALSE,0.588323276610189,0.241571571182105,0.237833155438388,0.538461538461538,0.0762642744372724,0.870370122228219,0.923076923076923,1.68518841103315,0.0762642744372724,0.870370122228219,0.923076923076923,1.68518841103315,,,0.846153846153846,,25,FALSE
screen2_estimate1,SNORA9,9,8,0.00379161940324985,0.379471494280819,156,FALSE,0.206577354414604,0.182440616774601,0.271170099028292,0.666666666666667,-0.0508759323728165,1.24628029784285,0.888888888888889,-2.21652268058564,-0.110606254503265,1.5354229403155,0.888888888888889,-4.81880646283954,0.214623041775882,-0.0389475767277458,0.777777777777778,4.67526409527486,25,FALSE
screen2_estimate1,MIR185,5,5,0.00381447011107674,0.379471494280819,157,FALSE,0.122221008132316,0.0815971800553789,0.546473366244829,1,0.0478956471083535,0.608122630959632,0.8,1.95938684520184,0.0478956471083535,0.608122630959632,0.8,1.95938684520184,,,0.6,,25,FALSE
screen2_estimate1,LCP2,11,6,0.00383963359093162,0.379471494280819,158,FALSE,0.615556222011846,0.22689857750947,0.442471227805893,0.818181818181818,0.109254581357492,0.822510800068901,0.909090909090909,1.95238119924208,0.0284923122096356,0.953712900315567,0.909090909090909,0.509158096528768,0.116686227967925,0.810437741029479,0.818181818181818,1.04259242433787,25,FALSE
screen2_estimate1,DKK3,24,17,0.003841816654221,0.379471494280819,159,FALSE,-0.179936703198725,0.33950255120786,0.374997934432983,0.625,0.12923906816302,1.71824739403104,0.958333333333333,-17.2379374567449,0.133344389970545,1.74106276040457,0.958333333333333,-17.7855062497097,0.117416067756344,1.65254095284089,0.916666666666667,-7.83049143409064,25,FALSE
screen2_estimate1,ANXA2,15,12,0.00385541619161522,0.379471494280819,160,FALSE,0.254275232666363,0.223688116288199,0.231989190879523,0.866666666666667,0.0300910852421283,0.88165939353751,0.933333333333333,1.77510909693735,0.082808459113932,0.67433533244433,0.933333333333333,4.88497001333506,0.214736474243512,0.155495908933965,0.866666666666667,6.33378068299526,25,FALSE
screen2_estimate1,HIST2H2BF,15,11,0.00389642617802855,0.379471494280819,161,FALSE,0.601061961527349,0.191178057558208,0.351123238620708,0.933333333333333,0.00658539393925354,0.989043735320532,0.933333333333333,0.164343970192013,0.0156538585251679,0.973956331414834,0.933333333333333,0.390655028777486,0.0153271751133402,0.974499841789368,0.866666666666667,0.19125118657974,25,FALSE
screen2_estimate1,ATG4C,7,7,0.00390115383129158,0.379471494280819,162,FALSE,0.265362603864071,0.117846389169688,0.207322281111925,1,0.00236614230106376,0.9910833619108,0.857142857142857,0.0624164666244028,0.00236614230106376,0.9910833619108,0.857142857142857,0.0624164666244028,,,0.714285714285714,,25,FALSE
screen2_estimate1,MDFIC,14,8,0.00393050366342978,0.379980838824088,163,FALSE,0.307057695439957,0.262587724989929,0.209099520191449,0.785714285714286,-0.0218381946803424,1.07112081867563,0.928571428571429,-0.99569146145884,-0.0252828488338678,1.08233908222897,0.928571428571429,-1.15274715120554,-0.0434734497202803,1.14158072038543,0.857142857142857,-0.991065042698039,25,FALSE
screen2_estimate1,IL16,12,7,0.00401283539576293,0.381622026662584,164,FALSE,0.347986908358393,0.131513472757863,0.343174521211341,0.916666666666667,0.140757815798741,0.595508300979604,0.916666666666667,4.85390038824475,0.20721948375014,0.404519311580757,0.916666666666667,7.14576826103092,0.227015546735317,0.347631933033777,0.833333333333333,3.91420840179734,25,FALSE
screen2_estimate1,LOC390858,7,6,0.00405204254572054,0.381622026662584,165,FALSE,0.532893769071823,0.180799983716562,0.255334455990387,0.857142857142857,0.0567758630126943,0.893457446290685,0.857142857142857,0.745797875965208,0.171361519803108,0.678432119591903,0.857142857142857,2.25097516285668,0.63455360062431,-0.190769413066237,0.714285714285714,4.16769294573183,25,FALSE
screen2_estimate1,C7orf65,7,5,0.00405545112343442,0.381622026662584,166,FALSE,0.332599270602089,0.191394226502703,0.425450697483194,0.857142857142857,-0.0205548819200692,1.06180074262598,0.857142857142857,-0.432605198381877,-0.020925069821404,1.06291375739798,0.857142857142857,-0.440396301785839,-0.0378530655600856,1.11380982733835,0.714285714285714,-0.398334395684232,25,FALSE
screen2_estimate1,IQGAP2,26,4,0.00411929581303734,0.381622026662584,167,FALSE,0.441439752924453,0.279460788600548,0.341853631241937,0.769230769230769,0.0328724316034049,0.925533594594435,0.961538461538461,1.9361265405447,0.304695730521628,0.309768256023438,0.961538461538461,17.9460253433906,0.374341778863818,0.151998032837153,0.923076923076923,11.024025573117,25,FALSE
screen2_estimate1,MFSD3,5,5,0.00418225239204391,0.381622026662584,168,FALSE,0.224332263378133,0.116417797474637,0.199871737615495,0.6,-0.0310311584437464,1.13832677465319,0.8,-0.691633873265935,-0.0310311584437464,1.13832677465319,0.8,-0.691633873265935,,,0.6,,25,FALSE
screen2_estimate1,HIST2H2BA,5,2,0.00418354378836483,0.381622026662584,169,FALSE,0.353236636561077,0.0814496358937794,0.367814364044676,0.6,-0.00992533717048076,1.02809826655329,0.8,-0.14049133276645,0.158370194364274,0.551659771460624,0.8,2.24170114269688,0.338792079558067,0.0408920126282344,0.6,2.39776996842941,25,FALSE
screen2_estimate1,BRPF3,8,5,0.00420572938677503,0.381622026662584,170,FALSE,0.133221880865115,0.158809632447815,0.183275902101134,0.625,0.0345574713283481,0.740602136045977,0.875,2.07518291163218,0.0932381987744277,0.300128491138555,0.875,5.59897207089156,0.085229856665488,0.360241304866564,0.75,2.55903478053374,25,FALSE
screen2_estimate1,C7orf40,10,7,0.00421291044805539,0.381622026662584,171,FALSE,0.18333440158485,0.187189112357964,0.238256620324139,0.7,-0.0406555104479377,1.22175603758208,0.9,-2.21756037582077,-0.0440711738720497,1.24038682042799,0.9,-2.40386820427986,0.308608247708321,-0.683307906429614,0.8,8.41653953214807,25,FALSE
screen2_estimate1,FARP1,73,27,0.00421859073526592,0.381622026662584,172,FALSE,0.310716397992293,0.573492466066359,0.191993196177765,0.712328767123288,-0.0260040183212034,1.08369052450797,0.986301369863014,-6.10940828908208,0.0742170372741567,0.76114219348025,0.986301369863014,17.4366198759417,0.143495803268904,0.538177565792767,0.972602739726027,16.856518848564,25,FALSE
screen2_estimate1,ZNF200,8,7,0.00430224461591943,0.381622026662584,173,FALSE,-0.0204723920391439,0.160002298969581,0.202839827245276,0.625,-0.0246522079588371,-0.204168419191135,0.875,9.63334735352908,-0.0141996006886962,0.306402463300525,0.875,5.5487802935958,0.0174842633584117,1.85404105807378,0.75,-3.41616423229511,25,FALSE
screen2_estimate1,HIP1,25,3,0.0043027925880092,0.381622026662584,174,FALSE,-0.0330390983861887,0.415955613966042,0.204147740376173,0.64,-0.00659224503652732,0.800471400294535,0.96,4.98821499263662,0.0569542006201467,2.72384245945268,0.96,-43.096061486317,0.0406568631210986,2.23056817852192,0.92,-15.382102231524,25,FALSE
screen2_estimate1,MIR33B,7,5,0.00431306476062089,0.381622026662584,175,FALSE,-0.0153079565078918,0.110984339856843,0.561759424013645,0.857142857142857,-0.0110834637313895,0.275967126920203,0.857142857142857,5.06823011155858,-0.00593338227207029,0.612398802608864,0.857142857142857,2.71320838173795,-0.0222166488036139,-0.451313817893358,0.714285714285714,5.07959836262675,25,FALSE
screen2_estimate1,C5orf56,10,3,0.00432530597500996,0.381622026662584,176,FALSE,0.334009840203314,0.158582164039478,0.279731301248023,0.6,0.0160222320886399,0.952030658501297,0.9,0.479693414987027,0.0513171892388101,0.846360247328124,0.9,1.53639752671876,0.0301830205886294,0.909634337209177,0.8,0.451828313954115,25,FALSE
screen2_estimate1,CRNKL1,5,2,0.00433811807005135,0.381622026662584,177,FALSE,-0.0371753161109808,0.11262950411985,0.200587304701271,0.6,-0.0244782105611766,0.341546673386691,0.8,3.29226663306654,0.00495448224774758,1.13327343963819,0.8,-0.66636719819097,0.0315014429031598,1.84737525322226,0.6,-2.11843813305565,25,FALSE
screen2_estimate1,COL22A1,23,4,0.00434306527274482,0.381622026662584,178,FALSE,0.167497840471114,0.249519906416024,0.398946021620085,0.782608695652174,-0.00275890695772693,1.01647129867446,0.956521739130435,-0.3788398695126,-0.0111175904074805,1.06637452982206,0.956521739130435,-1.52661418590736,0.022199892829641,0.867461617611306,0.91304347826087,1.52419139746998,25,FALSE
screen2_estimate1,SNORA10,5,3,0.0043779067322836,0.381622026662584,179,FALSE,0.187523493516617,0.150217806600159,0.654687354082786,1,0.128013908686919,0.317344689530457,0.8,3.41327655234772,0.0696579467931131,0.62853749422634,0.8,1.8573125288683,0.161882309865893,0.136735846639136,0.6,2.15816038340216,25,FALSE
screen2_estimate1,HGS,34,1,0.00442656925988736,0.381622026662584,180,FALSE,0.612139606596735,0.3424363554637,0.330263790857749,0.676470588235294,0.0611534178974883,0.90009890352059,0.970588235294118,3.39663728029993,0.106920426772338,0.82533326447087,0.970588235294118,5.93866900799043,0.145673647206921,0.762025450343245,0.941176470588235,4.04556734416483,25,FALSE
screen2_estimate1,HCG4,8,0,0.0044455292202932,0.381622026662584,181,FALSE,0.180635231278615,0.175661892269572,0.805531887627855,1,0.307858541852445,-0.704310613567951,0.875,13.6344849085436,,,0.875,,,,0.75,,25,FALSE
screen2_estimate1,EHMT1,48,4,0.00444687400017451,0.381622026662584,182,FALSE,0.294872389056317,0.401738550592463,0.175956915219658,0.6875,0.00311135751264307,0.989448461001722,0.979166666666667,0.506473871917332,0.0263170753541166,0.910750967771722,0.979166666666667,4.28395354695734,0.0241632124357889,0.91805535773248,0.958333333333333,1.96667141442048,25,FALSE
screen2_estimate1,PSD4,10,4,0.0044700078041463,0.381622026662584,183,FALSE,0.782307727921873,0.254653035206334,0.422254379569992,0.6,0.127294652447388,0.837283145872105,0.9,1.62716854127895,0.443161080983988,0.433520767893724,0.9,5.66479232106276,0.432119376887321,0.447635039941117,0.8,2.76182480029442,25,FALSE
screen2_estimate1,NOS1AP,28,9,0.00449823476371695,0.381622026662584,184,FALSE,0.0144156947134367,0.267409080060056,0.185139024917121,0.535714285714286,-0.0412433786468903,3.8610052770088,0.964285714285714,-80.1081477562466,-0.0172501682107387,2.19662413457327,0.964285714285714,-33.5054757680516,-0.0607448795575126,5.21380174629343,0.928571428571429,-58.9932244481081,25,FALSE
screen2_estimate1,C19orf66,6,2,0.00450352842719955,0.381622026662584,185,FALSE,-0.0564000388577344,0.121652533878134,0.138818403836097,0.666666666666667,-0.0255588665928002,0.546828918730519,0.833333333333333,2.71902648761688,-0.0264844555411217,0.530417778471268,0.833333333333333,2.81749332917239,-0.0503507216576514,0.107257323267844,0.666666666666667,2.67822803019647,25,FALSE
screen2_estimate1,BANK1,10,6,0.00454706554239495,0.381622026662584,186,FALSE,0.0213992499202819,0.176595864130003,0.452919420546203,0.6,-0.0314007521313275,2.46737629815549,0.9,-14.6737629815549,-0.0346246598804946,2.6180314735087,0.9,-16.180314735087,-0.0637143253941669,3.97740928450858,0.8,-14.8870464225429,25,FALSE
screen2_estimate1,PEX10,29,11,0.00454910825949267,0.381622026662584,187,FALSE,1.49339269179124,0.362709370047166,0.291341373145426,0.689655172413793,0.433559191807995,0.709681723908824,0.96551724137931,8.41923000664411,0.754297048074242,0.494910446381318,0.96551724137931,14.6475970549418,0.70431086602457,0.528382005686805,0.931034482758621,6.83846091754132,25,FALSE
screen2_estimate1,IGF2BP1,42,16,0.00455292175482712,0.381622026662584,188,FALSE,0.0686036795187459,0.561152994897947,0.303978194710483,0.571428571428571,-0.0208062287502645,1.30328152799121,0.976190476190476,-12.7378241756308,-0.0204920438793436,1.29870181924782,0.976190476190476,-12.5454764084083,-0.0329143255174812,1.47977492968854,0.952380952380952,-10.0752735234593,25,FALSE
screen2_estimate1,MKLN1,23,12,0.00474835873962335,0.389651537316776,189,FALSE,0.513920894521984,0.198437143017532,0.172307984726785,0.521739130434783,0.000053160087300411,0.999896559786016,0.956521739130435,0.00237912492164239,-0.0145488810194895,1.02830957288285,0.956521739130435,-0.65112017630555,0.0492853994601991,0.904099249542984,0.91304347826087,1.10285863025568,25,FALSE
screen2_estimate1,PPAP2B,18,6,0.00477562287418466,0.389651537316776,190,FALSE,0.139838425533393,0.186155945047962,0.269339945962263,0.611111111111111,0.0986891959695253,0.2942626778506,0.944444444444444,12.7032717986892,0.111459600336702,0.202940108117241,0.944444444444444,14.3470780538897,0.123977670115318,0.113422010849853,0.888888888888889,7.97920190235132,25,FALSE
screen2_estimate1,RALGAPA1,8,3,0.00478304490914794,0.389651537316776,191,FALSE,0.10989476127002,0.183502612844759,0.208247444004248,0.75,-0.0200020260623426,1.1820107330976,0.875,-1.45608586478083,-0.0175264035248954,1.15948352152867,0.875,-1.27586817222936,-0.0167812926750096,1.15270329978493,0.75,-0.610813199139735,25,FALSE
screen2_estimate1,SALL2,9,5,0.00481291377501953,0.389651537316776,192,FALSE,0.226133138502717,0.204764413657021,0.314389492205583,0.666666666666667,0.217992496597722,0.035999331893132,0.888888888888889,8.67600601296181,0.281696821340349,-0.245712252549682,0.888888888888889,11.2114102729471,0.271563856411931,-0.20090252233716,0.777777777777778,5.40406135051722,25,FALSE
screen2_estimate1,PLAGL1,27,22,0.00482596035680677,0.389651537316776,193,FALSE,-0.285321863159515,0.293048765100884,0.238448376206451,0.666666666666667,-0.0299091568222189,0.895173974784058,0.962962962962963,2.83030268083044,-0.0245316785717731,0.914021034700527,0.962962962962963,2.32143206308579,-0.0610698229746053,0.785961642412019,0.925925925925926,2.88951782743774,25,FALSE
screen2_estimate1,DIRC2,12,6,0.00483685188213352,0.389651537316776,194,FALSE,-0.111121546734981,0.167355329286684,0.19219237813357,0.5,0.0163058358158983,1.14673874055035,0.916666666666667,-1.76086488660423,0.0701211903784418,1.63103144654454,0.916666666666667,-7.57237735853446,0.0312059917466031,1.28082755022325,0.833333333333333,-1.6849653013395,25,FALSE
screen2_estimate1,FMNL1,23,9,0.00483815673840159,0.389651537316776,195,FALSE,0.683116306316262,0.216703504468891,0.267850435221019,0.565217391304348,0.133902987202597,0.803982153603279,0.956521739130435,4.50841046712459,0.127945550553908,0.812703123361437,0.956521739130435,4.30782816268695,0.114181425311542,0.832852145006945,0.91304347826087,1.92220033242013,25,FALSE
screen2_estimate1,BDKRB1,8,5,0.00487495364328489,0.389651537316776,196,FALSE,0.979983020431266,0.137271563324502,0.437924150744907,0.875,0.143625676546859,0.853440647896478,0.875,1.17247481682818,0.100445967216302,0.897502339201654,0.875,0.819981286386767,0.114412076772525,0.883250960080742,0.75,0.466996159677031,25,FALSE
screen2_estimate1,UBE4A,9,7,0.00489079155406723,0.389651537316776,197,FALSE,0.0206888563556902,0.11475315311519,0.190159562574548,0.666666666666667,-0.0133938251569963,1.64739321143348,0.888888888888889,-5.82653890290134,0.00685446518568637,0.668688057578342,0.888888888888889,2.98180748179492,0.0119696599383792,0.421444098572073,0.777777777777778,2.60350155642567,25,FALSE
screen2_estimate1,SOBP,29,4,0.0048959896172561,0.389651537316776,198,FALSE,0.465335908963774,0.25761620875442,0.210346358245671,0.689655172413793,-0.0213278754470534,1.04583328953604,0.96551724137931,-1.32916539654519,-0.030998367186669,1.06661503354791,0.96551724137931,-1.9318359728894,-0.0397477370306412,1.08541730020181,0.931034482758621,-1.23855085292626,25,FALSE
screen2_estimate1,SYNPO2,24,7,0.00495502042082151,0.39236789844877,199,FALSE,0.555350369530495,0.226838120192013,0.209722873016276,0.583333333333333,-0.00372374828748899,1.00670522339012,0.958333333333333,-0.160925361362937,0.066804939364824,0.879706680628839,0.958333333333333,2.88703966490787,0.178407680892589,0.67874752466012,0.916666666666667,3.85502970407856,25,FALSE
screen2_estimate1,PPPDE2,7,5,0.00505822207070375,0.393445950397313,200,FALSE,0.175584160156667,0.135807514611078,0.134620417541797,0.571428571428571,0.262012043927779,-0.492230527480355,0.857142857142857,10.4456136923625,0.300656808235434,-0.712323070413465,0.857142857142857,11.9862614928943,0.279935781324193,-0.594311133045356,0.714285714285714,5.58008896565875,25,FALSE
screen2_estimate1,XRCC6,7,5,0.00505822207070375,0.393445950397313,201,FALSE,0.176876232577142,0.139628583221166,0.127636469612245,0.571428571428571,0.284112535194059,-0.606278758058397,0.857142857142857,11.2439513064088,0.280115038487462,-0.583678227459387,0.857142857142857,11.0857475922157,0.250309245592428,-0.415166085037795,0.714285714285714,4.95308129763228,25,FALSE
screen2_estimate1,C14orf132,17,7,0.0050625459450721,0.393445950397313,202,FALSE,0.193866110465456,0.189726341747013,0.518391821603646,0.764705882352941,0.166178031723635,0.14282062334332,0.941176470588235,14.5720494031636,0.344520624925713,-0.777105983601508,0.941176470588235,30.2108017212256,0.385372494130253,-0.987828059298274,0.882352941176471,16.8965385040353,25,FALSE
screen2_estimate1,SEPP1,5,4,0.00506850665888149,0.393445950397313,203,FALSE,0.0647480702872042,0.150427012703809,0.294546814537411,0.6,-0.0244722494509718,1.37796106266055,0.8,-1.88980531330276,-0.0321095997784478,1.49591593442119,0.8,-2.47957967210595,-0.0275410868779417,1.42535764781525,0.6,-1.06339411953813,25,FALSE
screen2_estimate1,MIR19A,5,5,0.0051233647589884,0.394982253742044,204,FALSE,0.46567696099997,0.209251013786742,0.450313205836294,0.8,0.013924579870936,0.970098198886552,0.8,0.14950900556724,0.013924579870936,0.970098198886552,0.8,0.14950900556724,,,0.6,,25,FALSE
screen2_estimate1,KHDRBS1,6,4,0.00513842886261703,0.394982253742044,205,FALSE,-0.0299015393892082,0.14767689420111,0.109127814085118,0.833333333333333,-0.00607414096405906,0.796861931253905,0.833333333333333,1.21882841247657,-0.0320536388400325,-0.0719728647683244,0.833333333333333,6.43183718860995,-0.0116431775261656,0.610616116628172,0.666666666666667,1.16815165011548,25,FALSE
screen2_estimate1,FAM190B,10,6,0.00518810564138736,0.395914115649905,206,FALSE,0.00876854135454759,0.187811881849211,0.127580827836305,0.7,-0.0280219530197268,4.1957371114175,0.9,-31.957371114175,-0.0118255740419513,2.3486363995784,0.9,-13.486363995784,-0.0368133965724027,5.1983489709278,0.8,-20.991744854639,25,FALSE
screen2_estimate1,TSKS,8,2,0.00520080098613595,0.395914115649905,207,FALSE,0.689716582075702,0.157461419390397,0.33083389973742,0.625,-0.0369585262687471,1.05358509165826,0.875,-0.428680733266067,0.0512413568205143,0.925706647988216,0.875,0.594346816094268,0.0296000673020955,0.957083723849274,0.75,0.171665104602903,25,FALSE
screen2_estimate1,ANO2,20,4,0.00529618505649349,0.39900003596534,208,FALSE,0.816801722025975,0.254773477940494,0.362600570275568,0.7,-0.00758359241145747,1.00928449611082,0.95,-0.185689922216308,0.20180151257157,0.752936964835203,0.95,4.94126070329593,0.307617114974865,0.623388263418618,0.9,3.76611736581382,25,FALSE
screen2_estimate1,TMCO7,13,2,0.00530246236262568,0.39900003596534,209,FALSE,0.151342190148203,0.20517322391401,0.176792663332711,0.846153846153846,0.138851209889731,0.0825346867667226,0.923076923076923,11.9270490720326,0.0606101130014303,0.599516083769651,0.923076923076923,5.20629091099454,0.155537887791229,-0.0277232517840378,0.846153846153846,6.68020113659625,25,FALSE
screen2_estimate1,FAM188B,8,0,0.00533136167138413,0.39900003596534,210,FALSE,0.405909480016481,0.143840520816801,0.169735332217717,0.5,0.208420873899362,0.486533613625137,0.875,4.1077310909989,,,0.875,,,,0.75,,25,FALSE
screen2_estimate1,LOC643406,8,7,0.00534262010335619,0.39900003596534,211,FALSE,-0.0173329314855631,0.141380807177345,0.592573408681366,1,0.114746812744697,7.62016190626912,0.875,-52.961295250153,0.117707077670698,7.79095038070961,0.875,-54.3276030456769,0.0752248583519297,5.33999629056319,0.75,-17.3599851622528,25,FALSE
screen2_estimate1,HSF2BP,11,4,0.00537144148443245,0.399260259017389,212,FALSE,0.529012142565965,0.159924148175385,0.207675794088626,0.909090909090909,0.000433850167671299,0.999179886182637,0.909090909090909,0.00902125199099568,0.0474912599909613,0.910226521908163,0.909090909090909,0.987508259010203,0.162297784436573,0.693205937297865,0.818181818181818,1.68736734486174,25,FALSE
screen2_estimate1,TIAM2,28,13,0.00541724829788467,0.399719103083306,213,FALSE,0.174126168381917,0.318233101133468,0.231917615387365,0.678571428571429,0.0400946246210805,0.769738087079827,0.964285714285714,6.44733356176486,0.0282384038114762,0.837827914816687,0.964285714285714,4.54081838513276,-0.00198693611137502,1.01141089894666,0.928571428571429,-0.15975258525323,25,FALSE
screen2_estimate1,DHX57,7,6,0.00545153476812029,0.399719103083306,214,FALSE,-0.00633132648147097,0.149809260021983,0.166700174693011,0.571428571428571,-0.0349813637340794,-4.52512397464489,0.857142857142857,38.6758678225143,-0.023145971845956,-2.65578554726157,0.857142857142857,25.590498830831,0.0840177372213564,14.2701634431962,0.714285714285714,-46.4455720511869,25,FALSE
screen2_estimate1,RFX1,20,9,0.0054842028181286,0.399719103083306,215,FALSE,0.746074264716671,0.239779141389508,0.20327179090794,0.85,0.0519372297255058,0.930385978740026,0.95,1.39228042519948,0.201422440010314,0.730023605509559,0.95,5.39952788980882,0.163159954314058,0.781308695353512,0.9,2.18691304646488,25,FALSE
screen2_estimate1,CCL1,5,4,0.00553305639636075,0.399719103083306,216,FALSE,0.31474387881171,0.127110641508794,0.559564583282934,1,0.119061813760601,0.62171841368255,0.8,1.89140793158725,0.120892334710829,0.615902507247327,0.8,1.92048746376337,0.0851944577228242,0.729321319783981,0.6,0.676696700540047,25,FALSE
screen2_estimate1,DNAJC3,10,6,0.0055408294531067,0.399719103083306,217,FALSE,0.576204586968749,0.181281448386324,0.188057195942408,0.5,0.0704444450026078,0.877744039884868,0.9,1.22255960115133,0.00838140588410512,0.985454114608498,0.9,0.145458853915019,0.0540425715303992,0.906209404172393,0.8,0.468952979138035,25,FALSE
screen2_estimate1,PLIN1,9,3,0.00555296004347961,0.399719103083306,218,FALSE,0.123960212585347,0.12631557807834,0.275603770154149,0.666666666666667,0.0725641275183195,0.414617593783499,0.888888888888889,5.26844165594851,0.0492236956332491,0.602907298990324,0.888888888888889,3.57383430908708,0.0542666828779626,0.562224993438118,0.777777777777778,1.96998752952847,25,FALSE
screen2_estimate1,CNNM1,16,10,0.00564103166115294,0.399719103083306,219,FALSE,0.258723500196502,0.256034067780036,0.276055999350857,0.5,0.0223066879255387,0.913781748049185,0.9375,1.37949203121304,0.16151195905373,0.375735258176931,0.9375,9.98823586916911,0.358185947527699,-0.384435303540863,0.875,11.0754824283269,25,FALSE
screen2_estimate1,B3GNTL1,82,2,0.00565834532556634,0.399719103083306,220,FALSE,0.0438936628642017,0.743686413877269,0.252876480089907,0.560975609756098,0.0336896205286581,0.232471880214529,0.987804878048781,62.9373058224086,0.104785023494606,-1.38724719371883,0.987804878048781,195.754269884944,0.156403571094104,-2.56323808240807,0.975609756097561,146.092761378731,25,FALSE
screen2_estimate1,GAB1,17,2,0.00567560998261224,0.399719103083306,221,FALSE,0.411956366779658,0.284319511873116,0.180441661116448,0.705882352941177,0.345611566726242,0.161048124033246,0.941176470588235,14.2621818914348,0.0228872664976258,0.94444249842152,0.941176470588235,0.944477526834163,0.311340564716568,0.244238978146211,0.882352941176471,6.4239686857572,25,FALSE
screen2_estimate1,SACS,22,9,0.00573459485972635,0.399719103083306,222,FALSE,0.426442260455811,0.287989704061429,0.236205198363687,0.681818181818182,0.129084363369408,0.697299317306324,0.954545454545455,6.65941501926087,0.0196731654827926,0.953866754524365,0.954545454545455,1.01493140046397,0.0760171777785409,0.821740983885395,0.909090909090909,1.96084917726065,25,FALSE
screen2_estimate1,CASC1,6,3,0.00579585688554059,0.399719103083306,223,FALSE,-0.0109074295784755,0.15231502070416,0.158151725637541,0.5,-0.0347702195782897,-2.18775558697209,0.833333333333333,19.1265335218325,-0.00703852512841075,0.354703591916792,0.833333333333333,3.87177844849925,-0.0274575569242696,-1.5173260782223,0.666666666666667,7.55197823466691,25,FALSE
screen2_estimate1,TSPYL6,6,6,0.00582945304622891,0.399719103083306,224,FALSE,0.443162241375573,0.124714603058409,0.570954650655998,1,0.221898589354112,0.499283628800731,0.833333333333333,3.00429822719562,0.221898589354112,0.499283628800731,0.833333333333333,3.00429822719562,,,0.666666666666667,,25,FALSE
screen2_estimate1,CLCN1,15,4,0.00583658449025728,0.399719103083306,225,FALSE,0.0564875357476294,0.186651837831377,0.362227334303003,0.8,0.0302546671228742,0.464401009489179,0.933333333333333,8.03398485766231,0.0941487742986781,-0.666717675901257,0.933333333333333,25.0007651385189,0.100731477546997,-0.783251406063042,0.866666666666667,13.3743855454728,25,FALSE
screen2_estimate1,EIF4A2,11,4,0.00586330595772142,0.399719103083306,226,FALSE,0.171979145466486,0.198563436722092,0.342663072953232,0.818181818181818,-0.0317735199150882,1.18475216764744,0.909090909090909,-2.03227384412187,0.417334564550659,-1.42665797308538,0.909090909090909,26.6932377039392,0.421435722670055,-1.45050480700394,0.818181818181818,13.4777764385217,25,FALSE
screen2_estimate1,ODZ2,64,5,0.00590588871453079,0.399719103083306,227,FALSE,0.513538832561798,0.514633722594531,0.379803887496288,0.828125,0.0700169444554279,0.863657935844604,0.984375,8.72589210594535,0.100226430207102,0.804831837726623,0.984375,12.4907623854961,0.0708041820533798,0.862124969790168,0.96875,4.41200096671463,25,FALSE
screen2_estimate1,C18orf1,43,35,0.00591172212318086,0.399719103083306,228,FALSE,0.661234388155883,0.410068484499198,0.298568158734196,0.627906976744186,0.0155678768561038,0.976456341147772,0.976744186046512,1.0123773306458,0.00818861188019791,0.987616173588559,0.976744186046512,0.532504535691966,-0.0271743580603803,1.04109640778993,0.953488372093023,-0.883572767483535,25,FALSE
screen2_estimate1,CD52,7,2,0.00591482492660939,0.399719103083306,229,FALSE,0.278106807256655,0.102683496334748,0.709984402575477,1,0.0558358928821061,0.799228600576551,0.857142857142857,1.40539979596415,-0.0240548407773728,1.08649497297336,0.857142857142857,-0.605464810813545,0.133289963495385,0.520723836966794,0.714285714285714,1.67746657061622,25,FALSE
screen2_estimate1,IGSF9,12,5,0.00597209507657111,0.399719103083306,230,FALSE,-0.0541029500035061,0.210245928774826,0.225291084438358,0.583333333333333,-0.0240166386970914,0.556093730646204,0.916666666666667,5.32687523224556,-0.0286720643011002,0.4700461934286,0.916666666666667,6.3594456788568,-0.0541996661510527,-0.00178763168256668,0.833333333333333,6.0107257900954,25,FALSE
screen2_estimate1,SYT4,5,3,0.00598648737499379,0.399719103083306,231,FALSE,0.327166273548721,0.128544029451914,0.405071108441437,1,-0.0385831875647905,1.11793143329318,0.8,-0.589657166465919,0.0144697940938412,0.955772354109457,0.8,0.221138229452713,0.345146253394393,-0.0549567033626255,0.6,2.63739175840656,25,FALSE
screen2_estimate1,GNRH1,5,4,0.00599373884295225,0.399719103083306,232,FALSE,-0.217750832817267,0.170173145042192,0.361885105128352,0.8,-0.0337343068793568,0.845078402489206,0.8,0.774607987553969,-0.0274615124842067,0.873885614447904,0.8,0.630571927760478,-0.094246542193269,0.567181714191839,0.6,1.0820457145204,25,FALSE
screen2_estimate1,CAST,25,21,0.00600394788748873,0.399719103083306,233,FALSE,0.321410781349532,0.300972679237452,0.235477606347503,0.76,0.0315883203127598,0.901719786187235,0.96,2.45700534531912,0.017680524547206,0.944990879045907,0.96,1.37522802385233,0.0667482527320672,0.792327275233873,0.92,2.59590905957659,25,FALSE
screen2_estimate1,LTB,30,6,0.00600413161730435,0.399719103083306,234,FALSE,0.537647165534756,0.321609994946263,0.317138667495674,0.566666666666667,-0.0316130502136418,1.05879887822379,0.966666666666667,-1.76396634671358,-0.00182778032579655,1.00339959074085,0.966666666666667,-0.101987722225518,-0.0456957443792145,1.08499206786251,0.933333333333333,-1.2748810179376,25,FALSE
screen2_estimate1,NANOS2,7,7,0.00602126581611359,0.399719103083306,235,FALSE,0.0670772559623337,0.107309482759059,0.427213629141874,0.571428571428571,-0.0203854969231852,1.30391071654202,0.857142857142857,-2.12737501579413,-0.0203854969231852,1.30391071654202,0.857142857142857,-2.12737501579413,,,0.714285714285714,,25,FALSE
screen2_estimate1,SEC31B,14,12,0.00605711528684718,0.399719103083306,236,FALSE,0.411304899687061,0.178750740991254,0.495150404866466,0.571428571428571,-0.00928071836279262,1.02256408413771,0.928571428571429,-0.315897177927989,0.00153098827459941,0.996277729062396,0.928571428571429,0.052111793126461,0.210517440759818,0.488171813853934,0.857142857142857,3.58279730302247,25,FALSE
screen2_estimate1,PSMF1,6,4,0.00606974738618504,0.399719103083306,237,FALSE,0.0934143266036533,0.0712271894444642,0.186007916933148,0.666666666666667,-0.0156302206042159,1.1673214502796,0.833333333333333,-1.00392870167762,-0.000368216758944821,1.00394175896067,0.833333333333333,-0.023650553764015,0.114711764325362,-0.227988987300325,0.666666666666667,3.68396696190098,25,FALSE
screen2_estimate1,SLC2A7,9,4,0.0060951065136693,0.399719103083306,238,FALSE,0.295495788715275,0.196697901953725,0.322778572177415,0.888888888888889,-0.0231756057228685,1.07842956349269,0.888888888888889,-0.705866071434251,0.0117321445995593,0.960296745173368,0.888888888888889,0.357329293439692,0.12252271303585,0.585365620374688,0.777777777777778,1.86585470831391,25,FALSE
screen2_estimate1,SBF2,28,13,0.00613532527246728,0.399719103083306,239,FALSE,-0.24360377434161,0.229974415280643,0.209684032471046,0.75,-0.0161901554893556,0.933538979299016,0.964285714285714,1.86090857962755,-0.022987906920875,0.905634028113872,0.964285714285714,2.64224721281157,-0.0426535396864304,0.824906080368786,0.928571428571429,2.451314874837,25,FALSE
screen2_estimate1,MIR17,6,6,0.00614803771078608,0.399719103083306,240,FALSE,0.527471209112585,0.225874216404344,0.328964783592058,0.666666666666667,-0.0121961567807454,1.02312193835425,0.833333333333333,-0.138731630125528,-0.0121961567807454,1.02312193835425,0.833333333333333,-0.138731630125528,,,0.666666666666667,,25,FALSE
screen2_estimate1,MIR18A,6,6,0.00614803771078608,0.399719103083306,241,FALSE,0.527471209112585,0.225874216404344,0.328964783592058,0.666666666666667,-0.0121961567807454,1.02312193835425,0.833333333333333,-0.138731630125528,-0.0121961567807454,1.02312193835425,0.833333333333333,-0.138731630125528,,,0.666666666666667,,25,FALSE
screen2_estimate1,C1QTNF6,7,2,0.00618335783223951,0.399719103083306,242,FALSE,0.322346921939927,0.141415773149452,0.354744436546374,0.571428571428571,-0.0118554159634617,1.03677843700853,0.857142857142857,-0.257449059059723,0.0499785115380415,0.844954277096043,0.857142857142857,1.0853200603277,0.0831803794511326,0.741953858437543,0.714285714285714,0.903161495468599,25,FALSE
screen2_estimate1,AFAP1L1,8,4,0.00621973918917232,0.399719103083306,243,FALSE,0.186175386375665,0.125811714258682,0.264877844782842,1,-0.0135301371083828,1.07267414544843,0.875,-0.581393163587443,0.0446926738544001,0.75994316582634,0.875,1.92045467338928,0.113803437288624,0.388729952417063,0.75,2.44508019033175,25,FALSE
screen2_estimate1,MORN2,8,7,0.00623032544928033,0.399719103083306,244,FALSE,-0.122286147022764,0.184600522973979,0.158067945414261,0.625,-0.0301670342294518,0.753307836055739,0.875,1.97353731155409,-0.0201791301004151,0.834984333125987,0.875,1.32012533499211,0.0248482459166925,1.20319755362042,0.75,-0.812790214481673,25,FALSE
screen2_estimate1,LIMA1,15,11,0.00624671747415348,0.399719103083306,245,FALSE,0.144052032797318,0.201629099799237,0.173005823269561,0.533333333333333,-0.0103750225947348,1.07202274340226,0.933333333333333,-1.08034115103386,0.0154531675990705,0.892725098709206,0.933333333333333,1.60912351936191,0.020461682699353,0.857956307161991,0.866666666666667,1.06532769628507,25,FALSE
screen2_estimate1,FIS1,10,2,0.00629125005474906,0.399719103083306,246,FALSE,0.604128641478928,0.17519029448591,0.203395235993878,0.7,-0.0134663312655369,1.02229050295078,0.9,-0.222905029507803,-0.0305735284255941,1.05060764599862,0.9,-0.506076459986222,-0.0255123008643628,1.04222991447965,0.8,-0.211149572398255,25,FALSE
screen2_estimate1,AGTRAP,15,7,0.00632649976655819,0.399719103083306,247,FALSE,0.241738083618357,0.274977487049052,0.278678910299572,0.533333333333333,0.01475928548432,0.938945137384223,0.933333333333333,0.915822939236658,0.0563448464599132,0.766917791286592,0.933333333333333,3.49623313070113,0.0522148787885244,0.784002263909072,0.866666666666667,1.61998302068196,25,FALSE
screen2_estimate1,C9orf130,5,1,0.0063904322866345,0.399719103083306,248,FALSE,0.248475874104554,0.121534921634024,0.245459285757859,0.6,-0.0129722808112864,1.0522074058821,0.8,-0.261037029410507,0.104890184810869,0.577865717591827,0.8,2.11067141204086,0.0634913962502156,0.744476615771962,0.6,0.638808460570095,25,FALSE
screen2_estimate1,MYLK4,18,5,0.00640165406548981,0.399719103083306,249,FALSE,-0.120942973308295,0.279922295814116,0.364032902266506,1,0.116602467487877,1.96411113683014,0.944444444444444,-17.3540004629425,0.0945420640632666,1.78170778737406,0.944444444444444,-14.070740172733,0.0801115445601871,1.66239106224035,0.888888888888889,-5.96151956016312,25,FALSE
screen2_estimate1,SNORA7A,5,5,0.00641145874387081,0.399719103083306,250,FALSE,0.209226052626244,0.120773088227674,0.26490354311786,0.8,-0.0130629127617685,1.06243444636937,0.8,-0.312172231846856,-0.0130629127617685,1.06243444636937,0.8,-0.312172231846856,,,0.6,,25,FALSE
