gene,p,n_prom,p_simes,fdr,kappa,kappa_split_sd,mean_abs_cor,kappaB_mean,omega2_mean,kappaB_prom,omega2_prom,kappaB_prom_nonprom,omega2_prom_nonprom,n_splits,standardized_means
PLXNA4,42,22,0.00339931795946475,0.0466914219732638,-0.0268412898236914,0.207985774013854,0.402904205566631,0.0877812719134052,4.27038203044643,0.0117245550999286,1.4368104206967,0.255127268311805,10.5050301229048,25,FALSE
ANXA9,5,3,0.00307023411005589,0.0453427826675358,0.163095757586979,0.0694975700316782,0.327735640530468,-0.0252577382068092,1.15486447091267,-0.0213222448540183,1.13073451553543,0.0468982816562984,0.712449407941912,25,FALSE
GATA5,31,19,0.00281575132695753,0.0440621741908608,0.0938610143060116,0.194084622582367,0.475580619165487,-0.0135657629910699,1.14453032594387,0.0118868829336456,0.87335654721468,0.198973202662318,-1.11987057814667,25,FALSE
PAPSS1,6,2,0.0028520128105679,0.0440720760663499,0.173759626198569,0.0809599548389456,0.180148869804727,-0.0246957992134637,1.14212622203297,0.0304473064916754,0.824773411650409,0.021807000444882,0.874499036847827,25,FALSE
SEMA3F,13,6,0.00263124389935607,0.0431417394206115,0.163631214551137,0.112171583706748,0.205689791123882,-0.0219044217363507,1.13386456732255,-0.0131442140877848,1.08032828041912,-0.00973900239847244,1.0595179985994,25,FALSE
DEGS2,15,5,0.00294862871367302,0.0444211197610511,0.15573582993423,0.111782943463363,0.27358562438409,-0.018577220059502,1.11928674388769,0.0245313284353489,0.84248115256644,0.03478242742902,0.776657513921433,25,FALSE
CCDC7,5,3,0.00360921823127972,0.0473097427339876,0.250326654958315,0.0762956489931536,0.175537896303112,-0.0298575939857745,1.11927452947728,0.0623795736331068,0.7508073055844,0.0921075929813374,0.632050398321843,25,FALSE
RPL32P3,7,5,0.00138804638617881,0.034203471357465,0.227528376750368,0.0827718523028645,0.281198079723717,-0.0260943399627078,1.11468609030397,-0.00807659112084257,1.03549707177713,0.149126849110805,0.344579119138097,25,FALSE
TRIM45,5,4,0.00177218211684434,0.0376869713862795,0.208268331924576,0.0720716190676398,0.246501676623531,-0.0235624739854869,1.11313517406967,-0.0243623309479104,1.11697568575492,-0.00649143452915677,1.03116861055721,25,FALSE
GCAT,5,3,0.00293412707515149,0.0442873318488862,0.209437985809916,0.0703124954252514,0.154260201981039,-0.0223681534533204,1.10680084306016,-0.0170901559149569,1.08160007769779,-0.0475914727685346,1.22723419815414,25,FALSE
PARD6G,15,5,0.00312524991919287,0.045634596549582,0.197484570471771,0.133182143972852,0.285557332322263,-0.0209999357198057,1.10633709595458,0.00700943322188048,0.964506425969707,-0.0161625332250519,1.08184200510673,25,FALSE
SYCE2,10,6,0.00248480697312014,0.0420032815616212,0.302899157465979,0.1104264306993,0.272546220707826,-0.0321023576613458,1.10598364792398,-0.0340217490631301,1.11232038196393,-0.00718422261037189,1.02371819938515,25,FALSE
KISS1,8,3,0.00222571889664324,0.040499859553469,0.20285408187138,0.0717584451493667,0.327535283958142,-0.0213556494194324,1.10527591667085,0.0136468593071216,0.932725734768431,0.0119686903045108,0.940998523696952,25,FALSE
PPRC1,6,4,0.00194510492821669,0.0390256713815937,0.233102641212968,0.094348166151598,0.172041099208351,-0.024291243585885,1.10420835842736,0.056259056751389,0.758651139864223,0.0838828020865418,0.640146496624617,25,FALSE
RUVBL1,11,6,0.00204091273528715,0.0392682574879791,0.253317098041212,0.118883225608589,0.144872453027588,-0.0249992191885711,1.0986874529271,0.0466379080549554,0.815891195597986,0.0264012977314831,0.895777671796999,25,FALSE
EIF2C3,12,10,0.00389544439370948,0.0489508873652902,0.225792299888338,0.0916509838947393,0.205138126411647,-0.0216314574532981,1.09580245856035,0.0138452917069329,0.9386812937652,0.0945391183688701,0.581300520807739,25,FALSE
CHCHD10,9,7,0.00157292471733211,0.036032680920859,0.301614271250455,0.0838184343879715,0.232715164139471,-0.0277613991037563,1.09204272393565,-0.00891170880946918,1.02954670802718,0.146158119090135,0.515413781701437,25,FALSE
CLDN18,19,14,0.0019307202638568,0.0390256713815937,0.239268765139642,0.131155182175872,0.434019609629711,-0.0218796695718803,1.09144390225407,-0.0267677867527593,1.11187330171214,0.160686814419982,0.328425445225991,25,FALSE
PPOX,10,8,0.00274847454380772,0.0435867929619545,0.247122782146183,0.102046113319103,0.2209842736827,-0.0222970058894597,1.09022642791497,-0.0192685776255137,1.07797167650094,-0.0298336171127271,1.12072386387702,25,FALSE
SNORD15A,8,7,0.000906943615566495,0.0295355261295899,0.428287093591118,0.0861499309805597,0.290284496300093,-0.0374877725183727,1.0875295405333,0.0203568753662462,0.952469089844485,0.472564017417938,-0.103381410482312,25,FALSE
GRINL1A,6,3,0.00357083502308842,0.0472727659974581,0.179894518401101,0.0543470236689402,0.147124331054989,-0.0145484597570367,1.08087216823694,-0.00353746557562413,1.0196641098743,-0.0182167624634314,1.10126357726373,25,FALSE
NOS1AP,28,9,0.0000776091260335189,0.011989849098394,0.192710966630251,0.197951765667728,0.167772503059276,-0.0154969618215855,1.08041556789718,-0.0188714628848125,1.09792625305554,-0.0380961162295886,1.19768525318376,25,FALSE
LOC100130522,13,6,0.00270854992996716,0.0433448346319828,0.172444930830825,0.116650342341083,0.295293696154207,-0.0138287617254209,1.0801923353664,-0.0135754833007285,1.07872358575763,-0.0221397725412489,1.12838749410946,25,FALSE
TTC39C,9,7,0.00206140080284091,0.0394696887620498,0.28211740299269,0.0914051088236028,0.28881396494588,-0.0225306721907637,1.07986275200239,-0.023432990507914,1.0830611307893,-0.0348742589138244,1.12361612060752,25,FALSE
GLB1L,8,5,0.00372136840768645,0.0476455557293372,0.270905106031526,0.0751300863839588,0.19918927828114,-0.0215746109296368,1.07963899701147,0.0409215648434216,0.848945021956657,0.0600149323487341,0.778465111906196,25,FALSE
EIF2S1,8,8,0.00181686776538467,0.0381104389546786,0.30179747671728,0.0639796933637809,0.155563563062215,-0.0238472350058023,1.0790173438996,-0.0238472350058023,1.0790173438996,,,25,FALSE
PIAS1,7,2,0.000258369879124149,0.019121570441925,0.417452381427825,0.109145967627165,0.178885419792452,-0.0328342909135361,1.07865397917059,-0.0237063091324,1.05678805580487,-0.0367668027237219,1.08807424357712,25,FALSE
HPCAL1,39,30,0.00268628928391084,0.0433448346319828,0.222915319126709,0.213023852800741,0.152672413721096,-0.0173964679231546,1.07804070169474,0.0137291799485304,0.938410783061856,0.141709747190548,0.36428887998497,25,FALSE
C12orf47,5,3,0.00400938681360737,0.0492160909802192,0.278742757921356,0.054600068178582,0.290604810488955,-0.0217517913056665,1.07803535943992,-0.0207669402750444,1.074502169778,0.316709054661912,-0.136205500095064,25,FALSE
RNF139,5,3,0.00290092791571017,0.0441669778703003,0.168987580602642,0.05188295040579,0.0845324735277947,-0.0131093517905936,1.07757582979674,-0.0151548955152531,1.08968052836314,-0.0163524470447404,1.09676715286665,25,FALSE
ZSCAN20,8,6,0.00309502221025366,0.0456233489141041,0.211928189398808,0.0784164660530037,0.182562073116196,-0.0160941783241505,1.07594165915259,0.0255320483238477,0.879525001387138,0.0970185076811082,0.542210463099187,25,FALSE
TCP11L2,7,5,0.00299259495690066,0.04478198191885,0.200421719706926,0.0724396997764301,0.150748206452301,-0.0147322195053016,1.07350610266614,0.0177210707630042,0.911581086177099,0.138101951276278,0.310943187803083,25,FALSE
SETD7,11,3,0.00412987659541536,0.0497923453638525,0.24817442159809,0.0961935596907581,0.218842948358608,-0.0179219191687159,1.07221501334952,0.00978730806682848,0.960562784819627,-0.00157905626137998,1.00636268738419,25,FALSE
TIMM13,9,7,0.00234359750472508,0.0412630273513495,0.293623224001171,0.0864330379108442,0.442554387949427,-0.0210070293646614,1.07154416833383,-0.0166250113917024,1.05662021949475,0.147363348562728,0.498120936911516,25,FALSE
MFSD4,22,7,0.000108328270679244,0.0130870122543094,0.337568515831738,0.128889719771331,0.175913012045628,-0.0234249479854885,1.06939316579264,-0.00614950147655302,1.01821704687536,0.000224958656989418,0.999333591118724,25,FALSE
TIMP4,8,5,0.00274548961023572,0.0435867929619545,0.212057560213669,0.100116063200356,0.444669697755204,-0.0144516044659099,1.06814944230872,0.000341100442318042,0.998391472381488,0.172380618056925,0.187104586682813,25,FALSE
ANKRD13B,12,2,0.000781687476144442,0.0284468875915341,0.246756760551509,0.111749751443922,0.154497662110878,-0.0159857968187605,1.06478362247515,0.00962069330725096,0.961011429693969,-0.00342552191266109,1.01388218059357,25,FALSE
MOBKL2B,9,6,0.002352157054057,0.0413213944903347,0.181125106772458,0.0622498936480024,0.217021599221363,-0.0116903675390207,1.064543053955,0.0143957164706559,0.920520590838128,0.0805039905897722,0.555533785324932,25,FALSE
YTHDC1,10,5,0.00225654918522499,0.0407717685601603,0.429635572102416,0.0959276998930405,0.202187671843498,-0.0275595540639678,1.06414635065971,-0.0256432333783095,1.0596860107575,-0.0393957060786815,1.09169563378074,25,FALSE
BHMT,14,11,0.000947611541204042,0.0298053147031802,0.331622408995934,0.108530882116171,0.584762992314515,-0.0211914014999491,1.06390219998736,-0.0221600596635793,1.06682316713962,-0.037017648134961,1.1116258947851,25,FALSE
TSSK2,8,8,0.00345932537354854,0.0468597815227446,0.263319221943206,0.0807508484969557,0.192204769315824,-0.0167298603596334,1.06353451994948,-0.0167298603596334,1.06353451994948,,,25,FALSE
ADCY7,9,3,0.00365241797900161,0.0474772638297373,0.420530147599829,0.106612169161305,0.219321044674048,-0.0266327400844384,1.06333134553241,0.0845088678207015,0.799042070341366,0.0958671512512952,0.772032631195514,25,FALSE
GTF2A1,13,12,0.001056317534275,0.0310549472110177,0.312461052777094,0.155493873889047,0.152778318755439,-0.0193923893326085,1.0620633808926,-0.0195568872637629,1.06258983988547,-0.0279294693186276,1.08938544202676,25,FALSE
HNRNPH1,10,5,0.00164857970632207,0.0364352300311685,0.228624262095351,0.0917767418968222,0.185745275457519,-0.0141782396755461,1.06201546391272,0.0334301902315268,0.853776716761652,0.0053276356013598,0.976696980659306,25,FALSE
PRKCD,11,7,0.0026194129396466,0.0430827289355634,0.256608630254048,0.0838171076271764,0.163500964437165,-0.015696223199487,1.06116794740671,0.0266583440884373,0.896112831193382,0.118829604533142,0.536922805692472,25,FALSE
ZCCHC2,7,4,0.00340143342306746,0.0466914219732638,0.40362854697979,0.0893197412869096,0.197140719079088,-0.0244616549245612,1.0606043727769,0.147315839955965,0.635021256404491,0.300055203952348,0.256605593936416,25,FALSE
C6orf70,7,3,0.00376931184688341,0.0478490443148648,0.235180938366927,0.074080184117743,0.145978901412556,-0.0142230363786364,1.06047699476582,0.0426356549538348,0.818711264399689,0.063019910556409,0.732036486485627,25,FALSE
SLC4A1AP,12,8,0.00381040378887077,0.0481739448829355,0.268367673270778,0.0902963481788936,0.193553472059827,-0.0161780571024296,1.06028318129847,0.00191624625631035,0.992859623392953,0.0852351231408402,0.682394223931586,25,FALSE
IL15RA,6,4,0.00292414737507517,0.0442526728411686,0.222899257474696,0.0630908149411758,0.237496825402363,-0.0134161699215357,1.06018938812777,0.0175137756474762,0.921427393496524,0.0247095819399752,0.889144619771646,25,FALSE
SEC14L1,26,8,0.00138914974417931,0.034203471357465,0.284893431211328,0.145636604608808,0.168501984699749,-0.0170926939346224,1.05999679902041,-0.0184296149475996,1.0646895046658,-0.0365380525171634,1.12825164961441,25,FALSE
MFSD3,5,5,0.000434398228448783,0.0237550813735248,0.408465425499474,0.0786837547757337,0.195660321148567,-0.023932546936725,1.05859136524826,-0.023932546936725,1.05859136524826,,,25,FALSE
JPH2,15,5,0.00146046852226207,0.0349757795954495,0.234532532656173,0.0983027948986527,0.222847049655083,-0.0136650024638875,1.05826484841623,0.0256777955704464,0.890514994744502,0.0582242712999539,0.751743305542557,25,FALSE
SPTLC2,8,3,0.00235063458011848,0.0413213944903347,0.283169975918478,0.0661944215197533,0.17605804643666,-0.0162508683794928,1.05738909404778,0.0264427196287408,0.90661891486563,0.0233960836366901,0.917377950961067,25,FALSE
EPB41L1,11,10,0.00122209331768958,0.0327165617646729,0.533424782049277,0.10093001772871,0.332228495863314,-0.0305058345291182,1.05718863381623,-0.0322176629389515,1.06039776182722,-0.0108733508656038,1.02038403769662,25,FALSE
N4BP2L2,13,10,0.00289371262331596,0.0441562308334457,0.343421968669207,0.119135109165247,0.263049532347117,-0.0194053785785029,1.05650593249378,-0.0125166255161089,1.03644678167973,-0.0173156546612328,1.05042092888912,25,FALSE
CWF19L1,9,4,0.0026800378747716,0.0433448346319828,0.451736504388144,0.0809298096105531,0.169393778011705,-0.0251728879365035,1.05572471494328,-0.0233944866584391,1.05178790385808,-0.0198573275502174,1.04395776599262,25,FALSE
CAPN8,10,2,0.0018356702878901,0.0381615994677734,0.348041911657798,0.0878716461291659,0.184965066602756,-0.0193315769850409,1.05554381911351,0.0812131808406848,0.766656893550984,0.0881948944020603,0.746596914199301,25,FALSE
FEM1A,11,11,0.0024860821643459,0.0420032815616212,0.309746694532273,0.0933857954093055,0.165076219046223,-0.0170698537201627,1.05510907467774,-0.0170698537201627,1.05510907467774,,,25,FALSE
CCDC78,9,8,0.00359941465084329,0.0473057348356868,0.556123870889908,0.0857350041821362,0.262798528065612,-0.0304561473714522,1.05476504240452,-0.0292116937853,1.05252731507201,-0.0413283194719493,1.07431495325999,25,FALSE
FADS6,9,5,0.0036740670233508,0.0475726772012834,0.225731155108031,0.0870105122136652,0.465379085827375,-0.0123335519584922,1.05463823526083,-0.00281960450962175,1.01249098516451,0.0435036292017314,0.80727680598227,25,FALSE
MDFIC,14,8,0.00156769769998083,0.036032680920859,0.259523554668136,0.0912235549691061,0.194195290689076,-0.014166235256324,1.05458554725192,-0.0142378936170571,1.05486166230755,-0.0206195470441212,1.07945154369702,25,FALSE
BCKDK,9,7,0.00107872719006819,0.0312621150814205,0.330971347584359,0.0632829554517003,0.186881320805965,-0.0175263112983699,1.05295416484324,-0.00996735193512613,1.03011545261508,-0.00713923902455503,1.0215705651763,25,FALSE
RRAS,5,3,0.000696567869798976,0.0275100663967225,0.242452778459377,0.0676079118110208,0.26343986321616,-0.0128119675167202,1.05284314577928,0.191818560411341,0.208841566468249,0.191786948381476,0.20897195074376,25,FALSE
NXN,119,3,0.000163637553892173,0.0169644774620583,0.359784584901182,0.407679715336592,0.375917337259068,-0.0189681912618973,1.05272096709509,0.0366666264986889,0.898087277672667,0.0230444716537255,0.935949252355948,25,FALSE
RPL39L,8,7,0.000313394750768043,0.0203229402576248,0.287310335233297,0.0733755493599589,0.432916663849272,-0.0146877423577342,1.0511215245557,-0.0161888354928776,1.05634616478287,-0.0204289772740165,1.07110421996281,25,FALSE
ADORA1,16,9,0.000126972407748958,0.0144003320015542,0.360471187023347,0.147841173083755,0.293153325697585,-0.0183665030726348,1.05095137623703,0.0104239463113052,0.971082442407165,0.0488659873620721,0.864438576171396,25,FALSE
MKLN1,23,12,0.000711252794871914,0.0275580207106006,0.428031105400711,0.115837404388463,0.171127833325536,-0.0217332651295472,1.05077496671463,-0.0147071158767709,1.03435992312522,-0.0312973172586882,1.07311925900663,25,FALSE
MTIF2,6,5,0.00122204342768723,0.0327165617646729,0.276794627898525,0.0752758260103483,0.208084313079097,-0.0139897487248697,1.05054198064132,0.0194892391645649,0.929589532453969,0.131440417858984,0.52513378291731,25,FALSE
STK11,19,4,0.00227952609564861,0.0408205766030516,0.376542110350366,0.127836641310671,0.243504579081513,-0.0190265354252211,1.05052963507194,0.0551290108038294,0.853591379852488,0.0384057354312778,0.898004142496727,25,FALSE
GIPC1,12,6,0.00229446785276121,0.0409879965643408,0.308395697428874,0.140391507736176,0.222035191740377,-0.0155053933227225,1.0502775928847,0.0755473639144633,0.755031070328448,0.0917308237902684,0.702554787388289,25,FALSE
HNRNPA1,16,11,0.00101699009356193,0.0304698688377194,0.459036270614053,0.122547899451235,0.338401972971242,-0.0229283591918969,1.0499489052602,0.0150563645979228,0.967200054632324,0.109699501131391,0.761022149764667,25,FALSE
HNRPA1L-2,15,8,0.00095342821271431,0.0299002886178127,0.476271010534553,0.117119150536113,0.329123149869151,-0.0237559290817236,1.04987901542666,-0.0010968876252681,1.00230307451221,-0.0121757257048555,1.0255647004238,25,FALSE
MRPS18B,36,19,0.00377055972091712,0.0478490443148648,0.375938388082511,0.152354098591155,0.189530980403389,-0.018567734527815,1.04939036585894,0.0470698756399363,0.874793644032954,0.163857034201897,0.564138594524341,25,FALSE
FUCA2,12,9,0.00344387860900912,0.0467566796484773,0.208769522358919,0.0903446986228878,0.219071520261997,-0.0102773917501804,1.04922841051728,-0.00574018072833985,1.02749530038427,-0.0216856805521879,1.10387378534548,25,FALSE
REEP3,9,4,0.00241217032798902,0.0417703077235726,0.401621108335152,0.0615856057058896,0.217133241480642,-0.0195618984886657,1.04870734650815,0.00809749385925172,0.97983797740906,0.0551521629039202,0.862676134896038,25,FALSE
OGG1,11,7,0.000836319631799497,0.0290921076333255,0.339466893996561,0.100972915798052,0.188422038295472,-0.0163708120125663,1.04822506200776,0.0742845130103183,0.781173026518837,0.201610712120174,0.406096100427936,25,FALSE
DMRT3,11,4,0.00391672644214959,0.049050534125258,0.174508964880447,0.08159619225609,0.244354898456924,-0.00826678668372569,1.04737170201765,0.0399165565203943,0.771263576357006,0.135414214897067,0.22402717253044,25,FALSE
PAMR1,10,7,0.000442233235952999,0.0238654497676279,0.337459582701142,0.084566423565846,0.414557032852913,-0.0159484970116812,1.04726046563569,0.00452445857670771,0.986592591206057,0.310980646413018,0.0784655041536458,25,FALSE
BYSL,11,7,0.000229407767508972,0.0183766563692857,0.495784920416521,0.102568723817996,0.2108830933909,-0.0234212421613308,1.04724073120589,-0.0207182688463983,1.04178882413163,-0.0418263712647481,1.08436394400541,25,FALSE
FBXO5,8,8,0.00108548572906247,0.0312621150814205,0.533894373425745,0.111812331899502,0.153864718556293,-0.0250222540996627,1.04686742424182,-0.0250222540996627,1.04686742424182,,,25,FALSE
C20orf27,12,10,0.00120265139668167,0.0327165617646729,0.43828534623632,0.117637352639488,0.198266241550091,-0.0203467179076274,1.04642345011612,-0.021318486902018,1.04864065633288,0.0108640712329379,0.975212332955617,25,FALSE
PTGR1,6,5,0.00185298347290792,0.0383696630303325,0.324717379423955,0.0605919570348496,0.25400905403136,-0.0148173754762415,1.04563160586762,0.0702885899410084,0.783539180854134,0.375954257803565,-0.157789147197798,25,FALSE
ACBD5,10,9,0.000104617153241447,0.0130870122543094,0.404220100611763,0.0901638794793943,0.137917945743292,-0.0182699034355439,1.04519790927738,-0.0153041900384444,1.03786103168863,0.0149801633579977,0.962940577830429,25,FALSE
LOC729082,8,6,0.000754076073625482,0.0279890213142297,0.395980972760406,0.0675126898766424,0.198508573717442,-0.0177356984342418,1.04478926931919,-0.0181949637126475,1.04594908585079,-0.0305151708219206,1.07706221490694,25,FALSE
MRPS5,5,5,0.000237033843143143,0.0186758965012482,0.293032977450766,0.0725760476019626,0.146146346056894,-0.012903971308157,1.04403590142111,-0.012903971308157,1.04403590142111,,,25,FALSE
SLC8A3,30,22,0.00409790351443572,0.0495475827639428,0.266642754652242,0.138328571793166,0.287596597861334,-0.0117389620959874,1.04402505558907,-0.0148205209584238,1.05558193762944,0.160309107095996,0.398786937582186,25,FALSE
PSMD2,7,4,0.00204038165891207,0.0392682574879791,0.392145385754423,0.0668538266469494,0.218973714389753,-0.017001816015058,1.0433558997063,0.107778350739133,0.725157161975055,0.380521327640562,0.0296422157091003,25,FALSE
NIT2,9,5,0.00052786664055179,0.0248285029431898,0.254411918359329,0.098092684249365,0.186282448854702,-0.0110229914434687,1.04332733904353,-0.0178612512048471,1.07020603169864,0.113090439265116,0.555482934941011,25,FALSE
MIIP,10,6,0.00358490129266385,0.0472727659974581,0.317892144333585,0.116896441057738,0.148034748044342,-0.0135717114228888,1.04269281787803,0.000553590991631897,0.998258557182052,-0.0140064972298554,1.04406053272948,25,FALSE
SENP7,7,3,0.00116773745455222,0.0325155953236037,0.152562571506531,0.0690215945410627,0.170394729551841,-0.00648960845531733,1.04253735625477,0.158093345231248,-0.0362524941084916,0.152161105567006,0.00263148382700062,25,FALSE
FGL2,5,4,0.00149951894602969,0.0355987045160122,0.422918082075649,0.0701355386086537,0.483498484760639,-0.0178731899138647,1.04226158840536,-0.0120782737104982,1.02855936934931,0.00727967796922325,0.98278702595667,25,FALSE
N4BP1,10,4,0.00125924404407733,0.0327986242092075,0.447361763235139,0.108460229240554,0.147229857153118,-0.0186701424519607,1.04173388068964,0.0703628755387281,0.842715937477776,0.11141604224402,0.75094866973363,25,FALSE
WDR67,8,4,0.00108959023774129,0.0312621150814205,0.519208640716691,0.07381942572075,0.227580307549964,-0.0216013251550173,1.0416043252385,-0.0114438511437504,1.02204094894868,0.10535977845527,0.797076222942215,25,FALSE
TAF1D,8,7,0.000029177533895652,0.00811368296626401,0.506432084931284,0.0619511518282573,0.167244149969513,-0.0210451000618107,1.04155562154927,0.0170204560848875,0.966391434130409,0.407752331258291,0.194852886713098,25,FALSE
RNF175,8,5,0.00269962568343449,0.0433448346319828,0.25708990192333,0.104010378597403,0.396196893017077,-0.0106731362674075,1.04151519055225,0.00832986019876052,0.967599426751329,0.149498817348251,0.418495957134735,25,FALSE
KCNH7,14,9,0.000523344491815042,0.0248285029431898,0.341285058169614,0.120225599430801,0.386660486076357,-0.0141296310197879,1.04140125880567,-0.0042481335105837,1.01244746410337,0.0969843517540408,0.71582596591193,25,FALSE
C20orf4,8,6,0.00279666779105377,0.0439380768209623,0.220266913604476,0.0604737095524259,0.185101300680195,-0.00901785432176372,1.04094057602295,0.0122691041875144,0.944298923579846,0.0573865292438615,0.739468228319991,25,FALSE
SGMS2,14,13,0.00266877961820298,0.0433106377174485,0.390510512685262,0.14597748220098,0.31226141557426,-0.0159016870528442,1.04072025345361,-0.0125451068786306,1.03212488901353,0.284268751590179,0.272058645398645,25,FALSE
IQCG,20,14,0.000530349091771087,0.0248285029431898,0.309542341365308,0.145867108226877,0.181517856566734,-0.0125845644776255,1.04065538957326,0.00221423588846167,0.992846743102429,0.0457280433043277,0.852272089489814,25,FALSE
MED20,9,6,0.000187697264325522,0.0177109789894706,0.546646065167333,0.0827806101761823,0.244401820769156,-0.022182068153259,1.04057848316619,0.0301293994803282,0.944883167738333,0.170838824254894,0.687478178037193,25,FALSE
OXGR1,13,12,0.00256539827450089,0.0428236716203231,0.197099084587899,0.0970287679224101,0.42572271002448,-0.00795595137800856,1.04036523758922,-0.0032808128674416,1.01664550027871,0.115604388981214,0.413470695600014,25,FALSE
ITGA1,20,9,0.0041468254995178,0.0498441466219691,0.536798078753848,0.156220427488783,0.232272630551813,-0.0212902545061437,1.03966156986919,0.00340816087630707,0.993650944347232,-0.012449043630007,1.02319129691914,25,FALSE
RPL14,7,4,0.000000952794911284887,0.00115493401630979,0.445547176412325,0.0932783227525068,0.235938017083954,-0.0174663163495828,1.03920194599869,0.0484842437293343,0.891180448903877,0.406428177365008,0.0877999033958972,25,FALSE
WDR89,7,5,0.00161456674577073,0.0361515123622035,0.315531933660415,0.0801154354855816,0.174887725251415,-0.012234628295203,1.0387746119807,0.0471903198995893,0.850442015956531,0.0728050960321165,0.769262352664211,25,FALSE
FAM190B,10,6,0.00263647005089788,0.0431417394206115,0.161527243621395,0.0819830648039703,0.124465648550943,-0.00625216400422358,1.03870656035509,0.0327809866336151,0.797055989449986,0.0303686603718465,0.81199047485124,25,FALSE
CTCF,5,3,0.000447432437061026,0.0239987921939656,0.345335084529996,0.0661675802651028,0.140650180479684,-0.013237662070447,1.03833280388659,-0.0181928487742559,1.05268172736928,-0.0311389526169292,1.09017025495486,25,FALSE
HCRTR1,12,8,0.00220494934583293,0.0403017346285075,0.405322696433388,0.10268308211429,0.265981168966186,-0.0154634868673277,1.03815105101046,-0.0137415361909903,1.0339027059474,-0.0310919366050012,1.07670909346699,25,FALSE
RPS27A,17,13,0.00196576556886046,0.0391156633071209,0.614579213886154,0.0931997888111893,0.268180158603621,-0.023438394740027,1.03813730469636,-0.00585607875790453,1.00952859879669,0.190960191462224,0.689283029514242,25,FALSE
FAM53B,38,9,0.000192077903996344,0.0177560712550434,0.547939554379583,0.181646190431256,0.191428571931885,-0.0207643668386379,1.03789536030511,0.0544267903417672,0.90067008321129,0.101418344358179,0.814909612661542,25,FALSE
LMLN,7,4,0.00018562218211988,0.0177109789894706,0.386529714916932,0.0912949703029211,0.187709279089429,-0.0146417174991847,1.037879927297,-0.00642385193897136,1.01661929650183,0.0422117451159276,0.890793014128295,25,FALSE
C14orf179,7,5,0.000911562293451484,0.0295355261295899,0.321225945383406,0.0664821702657278,0.152100433000915,-0.0120907896567379,1.03763951769932,0.0000747531125060687,0.999767288061315,-0.0142758948328581,1.04444191086688,25,FALSE
PPP3CB,9,4,0.0021629407314862,0.0400042488811731,0.497568289547682,0.0867840952558599,0.232875333995277,-0.0183610744625519,1.03690161702074,0.0380417108929675,0.92354474412437,0.0685062158339072,0.862317962633465,25,FALSE
HAS1,11,3,0.00378810854850824,0.0480233423229226,0.32300097603181,0.108574655938553,0.295913978772722,-0.0118767689304537,1.03677007133652,0.0140062315185104,0.956637185154725,0.0482788012163962,0.850530478856381,25,FALSE
CUL1,20,8,0.00239222150287586,0.0415161084166496,0.378011625732285,0.0989902588842346,0.176826937649428,-0.0138911186761782,1.03674786099308,-0.0245378226476382,1.06491287827485,-0.0432713411206525,1.11447092675213,25,FALSE
MAN2A1,13,5,0.00239758559037966,0.0415634254490679,0.356848528320911,0.0995898668681269,0.197015490234772,-0.0130144821521211,1.03647060620751,0.00171622560943872,0.995190604771402,-0.00252153948424338,1.00706613390311,25,FALSE
EIF3L,6,3,0.00181090386555716,0.0380482974845995,0.338023413923078,0.0590800280800338,0.20439226956114,-0.0123171147257039,1.0364386436512,-0.0271674442839028,1.08037148660384,0.150753569849896,0.554014415450517,25,FALSE
ITPRIPL1,13,13,0.00275170407314173,0.0435867929619545,0.323529642087533,0.092798131067817,0.574109837737298,-0.0117486915203085,1.03631411157414,-0.0117486915203085,1.03631411157414,,,25,FALSE
TAF1B,5,1,0.000527912040431845,0.0248285029431898,0.281762343481903,0.0693696371936731,0.091977819743257,-0.0102270676171108,1.03629678647164,-0.0112730429638793,1.04000904742831,-0.0241501275178307,1.08571098330385,25,FALSE
DPM2,7,4,0.0039941177257968,0.0492160909802192,0.558229579521124,0.0649586108841886,0.272728756806707,-0.020139725820303,1.03607785498859,0.0122624918158372,0.978033246059163,0.168630600188062,0.697918909397955,25,FALSE
DNAJC7,12,10,0.000408514802175411,0.0231560296858997,0.305527637222931,0.0959804632327631,0.186837493448081,-0.0110109400720971,1.03603909673174,0.0461778433533743,0.848858703019131,0.198946842281311,0.348841747706943,25,FALSE
USP20,11,5,0.000811859734844016,0.0289730615025021,0.48786858755559,0.117723905430331,0.180868007963009,-0.0175550322140305,1.03598311648222,-0.0154317837542556,1.0316310255423,-0.0314756314271656,1.06451661826573,25,FALSE
CD276,12,9,0.00210899361873644,0.0397935483408409,0.424120091841134,0.0986361915860099,0.191965917374756,-0.0148363905253031,1.03498157906384,0.0398003493465332,0.906157830972456,0.0753654826700344,0.822301550622448,25,FALSE
SAMD12,22,7,0.00373352328704922,0.0476455557293372,0.505571237785765,0.135624508389991,0.177461145879457,-0.017628920210385,1.03486930998605,0.0138380388830404,0.972628904002438,-0.00178292483781486,1.00352655512134,25,FALSE
COL16A1,15,6,0.00317464802814599,0.0457042316124032,0.34775519700709,0.14553722620112,0.245567388167613,-0.0119703155862899,1.03442167274367,0.10619257834437,0.694634101062175,0.241750947896092,0.304824342017918,25,FALSE
SMARCAL1,14,9,0.000871212133995558,0.0295355261295899,0.399864854844243,0.119212663853797,0.136568140647444,-0.0137623809771433,1.03441758086618,0.0162818048758365,0.959281730618265,0.0521396060719993,0.869606929840561,25,FALSE
LOC100134259,5,2,0.00172631137415922,0.03732516387354,0.341863995310424,0.0508331451364505,0.300921850075572,-0.0116541055793712,1.03408988878396,0.183929647217343,0.46198005715598,0.357732075520509,-0.0464163539529121,25,FALSE
SLC25A38,6,3,0.0013011520953683,0.0333478839539874,0.267122895101939,0.0719377041689871,0.146509941741791,-0.00907837632401931,1.03398576644115,0.0635758336329438,0.761997811499152,0.178656747967987,0.331181447775906,25,FALSE
CAMSAP1L1,8,3,0.000231621082510806,0.0183766563692857,0.457217764553677,0.0675081839953272,0.205921467300767,-0.0155287262492506,1.03396352340861,0.154094903408561,0.662972624086502,0.248896593033695,0.455627903529381,25,FALSE
ZAK,25,12,0.000160646516783578,0.0169150999052999,0.650414157386969,0.139083574794206,0.209538077797116,-0.0217932832599757,1.03350677873853,-0.00777418018780132,1.01195266139199,-0.0230454180873636,1.03543191338262,25,FALSE
MINK1,14,1,0.000194812533568709,0.0177560712550434,0.338510228293481,0.108013487413842,0.208056374330793,-0.011267233946697,1.03328476661842,-0.00449089242179108,1.01326663730201,-0.015984321834032,1.04721961257896,25,FALSE
MXD3,14,9,0.00173549095050416,0.0373536404979803,0.393934185868941,0.137321592254215,0.18850243975377,-0.0130761679853644,1.03319378833934,-0.00832665807250248,1.02113718070478,-0.0358684139411663,1.09105179298427,25,FALSE
CCDC126,6,6,0.00352392547831057,0.0470710379560943,0.344181499665695,0.0544297376076035,0.187098671556755,-0.0114240826796631,1.03319203005031,-0.0114240826796631,1.03319203005031,,,25,FALSE
TRIM67,14,10,0.000683486856089267,0.0272402580427995,0.31665788763309,0.0884034885514622,0.385137951676379,-0.0103931090934784,1.03282125441802,0.0246916155662758,0.922024315418646,0.319123956630876,-0.0077878022120943,25,FALSE
NME1,9,8,0.00258795339733303,0.0429626295193824,0.34216237197261,0.0845676977587057,0.209300324854768,-0.0111794686455374,1.03267299259438,-0.0171387783610141,1.05008960588567,-0.00497650099939698,1.01454426730417,25,FALSE
C9orf170,7,4,0.00123533153001525,0.0327165617646729,0.350023416655423,0.0669100033173678,0.501000508823699,-0.0114000987830291,1.03256953175293,0.14746626655484,0.578695997073785,0.341558825113913,0.0241829293091055,25,FALSE
CCM2,12,8,0.0032695533512621,0.0459194489386704,0.312213108406938,0.117571413080234,0.319708962208352,-0.0101622762186961,1.03254916576229,-0.00989495402203403,1.03169294868022,-0.0189809991482372,1.06079501032192,25,FALSE
SMPD3,37,28,0.00359029172968903,0.0472727659974581,0.348071078530294,0.208101435159949,0.201609972042991,-0.0113074308960767,1.03248598229942,-0.00481537976613791,1.01383447250622,0.100661326037704,0.710802384206296,25,FALSE
HAUS4,6,4,0.00336481145287188,0.0465519744287578,0.241210273252264,0.0744308556321207,0.183571675976975,-0.00781245268797033,1.03238855701556,0.0200557062511591,0.916853847140315,0.00185954984700473,0.992290751874154,25,FALSE
RGS20,30,7,0.00290480074367411,0.0441832530104408,0.409897977996406,0.134916227117956,0.236083102149687,-0.0132708367577024,1.03237595077334,-0.0155245684547561,1.03787422551007,-0.0277053073084065,1.06759073914888,25,FALSE
SLC13A3,9,7,0.00215439550718652,0.0399399581202884,0.514636940524282,0.0869516618379424,0.297935825098036,-0.0165489911471232,1.03215663284929,-0.00851823364024094,1.01655192810598,0.133905144678953,0.739806581815641,25,FALSE
HSF1,23,5,0.0000168246743616508,0.00681392136360464,0.551300100731425,0.112818691628877,0.231308217672431,-0.0176309919478549,1.03198075226989,0.196182580542178,0.644145574648186,0.220826857778786,0.599443465572002,25,FALSE
MYOZ1,8,8,0.00106338793326907,0.0311567113744375,0.534838971876487,0.0785165639467497,0.489861024301901,-0.0170077140792676,1.03179969107262,-0.0170077140792676,1.03179969107262,,,25,FALSE
CAMKK2,22,13,0.000460467250883151,0.0242877735312646,0.676341042872432,0.17145100285858,0.161527324913514,-0.0214962033580583,1.03178308278729,-0.0237278677576823,1.03508269682542,-0.0117756929785292,1.01741088035781,25,FALSE
SPG11,10,8,0.00101708027723318,0.0304698688377194,0.482025365862368,0.0816119156350521,0.174184532077384,-0.0153084416041206,1.03175858095504,-0.0220782503700268,1.04580308824729,-0.0401316577604942,1.08325631927834,25,FALSE
CD200R1,6,4,0.0033119615775218,0.0461857438394589,0.261920234822805,0.0483103814675228,0.396831672738168,-0.008226618430129,1.03140886932884,-0.00533660391107711,1.02037492030613,-0.0244095521874809,1.09319460256285,25,FALSE
PCDHB5,15,15,0.0034463363668445,0.0467566796484773,0.291796107923723,0.0819175228976186,0.447333826556812,-0.00911759477598095,1.03124645781213,-0.00911759477598095,1.03124645781213,,,25,FALSE
SNORD42B,11,10,0.00269853540863743,0.0433448346319828,0.628835305695817,0.0864260194744504,0.233510586423981,-0.0195861896764358,1.03114677165711,-0.0199720445515792,1.03176037409267,-0.0256685515557619,1.04081919593773,25,FALSE
APP,18,6,0.00297195706971764,0.0446581576055042,0.373499176694551,0.100208653768035,0.215224224668136,-0.0115163256440631,1.03083360382741,0.0332406995584578,0.911001946904846,0.00966285918436961,0.974128834044869,25,FALSE
PHLPP1,12,7,0.00317156758684166,0.0457042316124032,0.412294676662077,0.126385642615239,0.169638367044323,-0.0126947229685938,1.03079041202125,-0.0198279139726872,1.04809160800526,0.0116510001689,0.971741085130601,25,FALSE
TPT1,12,5,0.00175482653496079,0.0374821060467385,0.462918993183166,0.125151623464607,0.188317254454813,-0.0141350797942217,1.03053467237761,-0.0179552873905381,1.03878710455813,0.0334944270046308,0.927645165789562,25,FALSE
LOC100190939,16,6,0.00233976871328105,0.0412630273513495,0.563869165483749,0.112036069557296,0.16522409941834,-0.0170844968304415,1.03029868961851,-0.016202225787407,1.02873401629172,-0.0368120375088359,1.06528471454412,25,FALSE
SDC2,24,10,0.00190572662802518,0.0389906849529557,0.409987826115592,0.141642221623054,0.425558229637369,-0.0124161637147275,1.03028422534484,0.102497757776135,0.749998045680419,0.186377390413653,0.545407501048322,25,FALSE
MYO1B,18,8,0.0037600697279424,0.0478331455606869,0.426800809855788,0.122680188874473,0.170430709122495,-0.0128592623627984,1.03012942352931,0.00250942251180381,0.994120389526319,-0.000655783857804882,1.0015365103408,25,FALSE
KCNK10,28,9,0.0036388631196584,0.0474286228615195,0.439829910284965,0.130321603405211,0.357395208256144,-0.0132291814895319,1.03007794872559,-0.0134044079830664,1.03047634476332,-0.00229529642306756,1.00521860012108,25,FALSE
C1orf21,23,12,0.00395851113890731,0.0492160909802192,0.446092572967237,0.140392581231514,0.223068341754812,-0.013371659639054,1.02997507793082,0.0365466036642233,0.918073947250165,0.105528581076114,0.763437933130834,25,FALSE
MMP28,18,7,0.000164811861429367,0.0169745445255161,0.346556315980697,0.114187986094128,0.229527268073522,-0.0102071515471666,1.02945308187006,0.0319596948707529,0.90777921683432,0.05745466190776,0.834212625024095,25,FALSE
SELENBP1,7,5,0.00244741688227885,0.0420032815616212,0.151803469038086,0.0878294287533317,0.49635169669851,-0.00443942925314107,1.02924458367962,-0.000592562745589841,1.00390348619399,0.0313606125476572,0.793413070555133,25,FALSE
DFNB31,13,12,0.00217332842100215,0.0400196400709278,0.377801888100354,0.107895954894627,0.220269562640378,-0.0110126659037166,1.02914931409975,-0.0122113610365856,1.03232212813437,0.251792509423059,0.33353295112126,25,FALSE
HS3ST3A1,14,7,0.000855761662964049,0.0294442826903011,0.430729485954581,0.126644266189129,0.325001754100962,-0.0124851811866107,1.02898613072412,0.0318523134625177,0.926050306512156,0.0981958701838581,0.7720242672353,25,FALSE
RPS23,9,5,0.000375086459525237,0.0224738115178657,0.644120410679081,0.098749635020975,0.185502798625902,-0.0186524895753539,1.02895807874756,0.201012197646424,0.687927607456964,0.423482440101847,0.34254149832734,25,FALSE
NOL7,5,3,0.00042331061108501,0.0234877767939352,0.59843189809261,0.107998003415647,0.177932109289112,-0.0172459569366004,1.02881857900885,-0.0195034926406536,1.03259099774397,-0.0345932571226202,1.05780650602496,25,FALSE
DSP,16,9,0.00407413212755299,0.0494967896137832,0.138912728549332,0.109581166598772,0.224546933310971,-0.00400008835667368,1.02879569351525,-0.022534332696071,1.16221935118111,0.219963803331402,-0.583467588812682,25,FALSE
DSCR3,10,3,0.00370420241089557,0.0476455557293372,0.273924340131763,0.0565954724392994,0.197429041136654,-0.00781268236535566,1.02852131490614,-0.0087645303764444,1.03199617227235,-0.0204772991098743,1.07475531053584,25,FALSE
IPCEF1,14,10,0.000391389892882668,0.0225916554287366,0.580277947493138,0.118560899042454,0.263118380804352,-0.0164220311566052,1.02830028476448,-0.0159303583746935,1.02745297911719,-0.0159327616217375,1.02745712066186,25,FALSE
PRDX6,5,3,0.00000328832295715282,0.00287874406437857,0.470532789299995,0.0644641555742928,0.106751647078931,-0.0132065792050465,1.0280672877754,-0.00723915061745633,1.01538500776583,0.192612118502505,0.590651017564469,25,FALSE
ERGIC2,8,7,0.000587121717235776,0.0260666109361366,0.407710750162244,0.0801317937449367,0.159275906700109,-0.011365927344151,1.02787742864182,0.0211686340731177,0.948079283990687,0.0563065146464647,0.86189592836574,25,FALSE
LRRN2,17,14,0.00285274258076386,0.0440720760663499,0.491957011655524,0.124578205051563,0.370175739736941,-0.0134672869400827,1.0273749263066,-0.000910418771856089,1.00185060635439,0.302436754639077,0.385237434422729,25,FALSE
IFNGR2,10,7,0.000912793579458706,0.0295355261295899,0.561523087077473,0.087645807926763,0.366298880232279,-0.0152655426481294,1.02718595726416,0.00502851180791377,0.991044870774441,0.277567983067778,0.50568731819662,25,FALSE
GRIN3A,10,6,0.000491435367453207,0.0248285029431898,0.369512030627477,0.0823912754600259,0.384285684482931,-0.00997514068230217,1.0269954422468,-0.000090249341918851,1.00024423925187,0.263525998172432,0.2868270141978,25,FALSE
C19orf30,16,3,0.00164321730671955,0.0364188724603187,0.225907816235519,0.132050972261061,0.418052316872842,-0.00609085885117403,1.02696170036376,0.130874378712584,0.420673525628959,0.154100341079683,0.317861844501091,25,FALSE
FLJ43663,32,15,0.00098956910590875,0.0301945848251343,0.458537948371254,0.154050413251444,0.146236306605464,-0.0123265566078502,1.02688230418362,-0.0213544077106337,1.0465706443414,-0.0366196186103624,1.07986169681362,25,FALSE
IRF8,16,7,0.000940933554171947,0.0297564688994128,0.557519907223903,0.102220055616042,0.42541188608196,-0.0149667439664792,1.0268452189286,0.110111049346008,0.802498443698107,0.260176755250371,0.533331901015182,25,FALSE
KLHL26,23,5,0.000586854673513901,0.0260666109361366,0.571232282884691,0.142123878083033,0.208088019344635,-0.0152289792668934,1.02665987151494,-0.00959154948431313,1.01679097938211,-0.0205610656819094,1.03599422913929,25,FALSE
LRRC8C,9,8,0.00247052794714935,0.0420032815616212,0.346165517705765,0.12280922531712,0.204694967703028,-0.00913163854813003,1.02637939968328,0.0336603451628218,0.902762281506523,0.288474858543924,0.166656284959257,25,FALSE
PVRL2,8,4,0.000181295451967181,0.017549675898727,0.498515631696239,0.101003362164824,0.190127500212659,-0.0128495897953679,1.02577570085746,-0.0210078269161345,1.04214075864513,-0.0190151251261464,1.03814348822212,25,FALSE
DYRK2,15,9,0.00270073692914016,0.0433448346319828,0.689627569798972,0.134335095042574,0.191569805445845,-0.0175632194580894,1.02546768752765,-0.018607013035557,1.02698124879343,-0.0420310848509727,1.06094751238444,25,FALSE
MTHFD1,16,7,0.0000527460713642809,0.0110823012341112,0.612235996165132,0.134412830409751,0.127001304519619,-0.0153021784368962,1.02499392151514,-0.0210912786901472,1.03444958941039,-0.0497844893353411,1.08131584821405,25,FALSE
FARP1,73,27,0.000100209567078985,0.0130870122543094,0.659652774385367,0.236884620164581,0.192584500401735,-0.0164248738473798,1.02489927198848,0.0955189790993792,0.855198093893596,0.230300219492223,0.650876599879678,25,FALSE
PTH2,10,6,0.000510782111653587,0.0248285029431898,0.440285433321545,0.0674454317899909,0.349560405346849,-0.0109023095021358,1.02476191278891,0.0607997372746377,0.861908360637871,0.120939672668506,0.725315298859359,25,FALSE
SERPING1,14,12,0.000882585069639636,0.0295355261295899,0.587068354407287,0.118082131436269,0.291687748441466,-0.0144453721155091,1.02460594581034,-0.0129601363201956,1.02207602610991,0.159315654641826,0.72862503412797,25,FALSE
CDS1,7,4,0.00192068109509568,0.0389906849529557,0.272051084807416,0.0637025524757792,0.16149239760877,-0.00664018348338529,1.02440785519413,-0.00299280586073413,1.01100089662518,-0.0273394462646525,1.10049379617069,25,FALSE
WRNIP1,9,3,0.00266020340524766,0.0432709292776779,0.213378897009022,0.0897527772341317,0.135987149119278,-0.00520463590104552,1.02439152125163,0.0791520777900913,0.629053861934883,0.0655856414812498,0.692632952927503,25,FALSE
COLEC12,10,5,0.00232809510323916,0.0412203625133063,0.281334942338299,0.0960324556509252,0.350294289528755,-0.00686152163429992,1.0243891554219,0.00289395487636105,0.989713489364996,0.0387378860077298,0.862306879885726,25,FALSE
FER1L5,16,12,0.00135765142192257,0.0339576609414055,0.686511052705635,0.116613980140816,0.317827008797052,-0.0166557201901998,1.02426140136354,-0.0156558361440091,1.02280492947973,-0.0328725215891296,1.0478834557136,25,FALSE
PITPNC1,30,8,0.00357379138413039,0.0472727659974581,0.593440586804594,0.113391382562633,0.132673860031151,-0.014258462595191,1.02402677355111,0.093443624104691,0.842539209177043,0.123841042220213,0.791316864781628,25,FALSE
TMED7,7,2,0.00292510335079525,0.0442526728411686,0.214858448268293,0.0766321131042946,0.231015847813186,-0.00514777692973343,1.02395892258938,0.143770663317324,0.330858691030858,0.126146671027057,0.412884752525357,25,FALSE
CXCL5,7,5,0.000126514473358602,0.0144003320015542,0.419073237853752,0.0624097047458968,0.348896929142173,-0.00998799593012685,1.02383353320598,-0.0186379232079043,1.04447414323892,0.147113972656855,0.648954026722664,25,FALSE
ASPG,18,3,0.000805716561693581,0.0289730615025021,0.835488403175522,0.116957019194355,0.283765960299276,-0.0197959615203315,1.0236938794663,0.055362516010998,0.933736344154418,0.0338030416513564,0.959540980433866,25,FALSE
FGR,21,13,0.00406555980432837,0.0494711130475726,0.750802503161314,0.144920519585487,0.307322718827732,-0.0176976324996473,1.0235716215984,0.00000158727895861696,0.999997885890162,0.124003137450625,0.834839206144759,25,FALSE
C6orf150,12,7,0.0038189346845389,0.0482201704799391,0.39299504437211,0.100771991498671,0.480024937571206,-0.00918699299419119,1.02337686728053,0.0418786803183465,0.893437128742282,0.092049082333238,0.76577546294431,25,FALSE
TCFL5,9,1,0.0021091093860998,0.0397935483408409,0.468060899489197,0.0684631856805363,0.135279911412528,-0.0109044942586446,1.0232971698139,0.244160150325083,0.478358156830577,0.236486352127895,0.494753028108144,25,FALSE
EHD4,19,1,0.00197930543446954,0.0391832852215716,0.393227190649422,0.109860710782669,0.188872023158489,-0.00909015362930871,1.02311679824149,-0.015124283098804,1.03846194632122,-0.0246428785912659,1.06266829755737,25,FALSE
STAU2,23,12,0.00327912353510285,0.0459719116246893,0.627808693706389,0.130384880671247,0.186017284402082,-0.0145119024529582,1.02311516644869,-0.0175829491579693,1.02800685835388,-0.0303205606365428,1.04829585977464,25,FALSE
OPRM1,20,13,0.00154019618370553,0.035964702131969,0.706543177174334,0.168031327786305,0.366772698141003,-0.0162239932936804,1.02296249375525,-0.0197554408950763,1.02796069869938,0.00802016485061654,0.988648726490161,25,FALSE
SILV,14,9,0.000898499315696825,0.0295355261295899,0.389530470217351,0.122441716000674,0.178569073699336,-0.00890654915855769,1.02286483302215,0.0112138138194388,0.97121197267782,0.15285388721983,0.607594530064515,25,FALSE
NPTXR,6,4,0.00019279226565301,0.0177560712550434,0.468375090613824,0.0732902218364008,0.242518567756975,-0.0107083818649348,1.02286283382599,0.171813694059607,0.633170726832553,0.493736411396264,-0.0541474585021224,25,FALSE
SEC31B,14,12,0.000968197143557695,0.030048333641836,0.585113865231924,0.109930177698434,0.47934933800353,-0.0133084913198779,1.02274513066718,-0.00757877590205032,1.01295265135966,0.382003123286633,0.347130283547089,25,FALSE
LRIG1,35,5,0.00328862860096915,0.046053577896809,0.509219494866907,0.12858712317635,0.224211822328337,-0.011464983623198,1.0225148167711,-0.0309480943506633,1.06077554897766,-0.0428331717430536,1.08411534156651,25,FALSE
BDKRB2,15,11,0.00297286504176761,0.0446581576055042,0.446646420506911,0.105671001192042,0.414742547292443,-0.0100450979926297,1.02249004476792,0.0980539604936696,0.780466256994995,0.283250564012491,0.365828200993926,25,FALSE
MRPL16,5,2,0.00354613594768318,0.0471342612141354,0.311123391000473,0.047847115319394,0.0974292922510681,-0.00693036624967923,1.0222752980012,0.00954450202549799,0.969322454365112,-0.0015755022371588,1.00506391445559,25,FALSE
UGT3A2,7,6,0.000970034782972095,0.030048333641836,0.363670122226753,0.0639383307851575,0.525254208968033,-0.00809176203072081,1.02225027995474,-0.00272903264096625,1.0075041431071,0.0584309635916719,0.839329766124588,25,FALSE
CA10,34,19,0.0000240616722559089,0.00806731556188537,0.59877178494333,0.164604184956725,0.364605319157218,-0.013305109488936,1.0222206687481,0.152339969727138,0.745579244784295,0.43577710516895,0.272215030622737,25,FALSE
CXCL12,14,8,0.000295701614852959,0.019828366156821,0.359457559611875,0.0963572845068414,0.377500631787147,-0.00790126676814194,1.02198108387725,0.0388145908192321,0.89201898866408,0.211622205936896,0.411273458359325,25,FALSE
UBE2D1,10,5,0.00381221660547155,0.0481739448829355,0.465530637415093,0.0511362585744292,0.158421862373649,-0.0100874848205709,1.02166878828122,0.0123754708540691,0.973416420189259,0.00968618648993965,0.979193235178412,25,FALSE
PCSK5,14,4,0.00413838963115725,0.0498228465240326,0.466109271670443,0.11648349424318,0.217492574246354,-0.00979306600457326,1.02101023643979,0.0385977049746674,0.917191724514853,0.0229029028667603,0.950863661680273,25,FALSE
CMIP,73,7,0.0000912867111332502,0.0127300530445819,0.732036142744212,0.163103629736667,0.17509838446765,-0.0153586520459203,1.02098072915955,-0.0215095096072464,1.02938312516458,-0.0519717195575645,1.07099611142523,25,FALSE
NOM1,25,10,0.00319854616543624,0.0457347643819384,0.898651400166871,0.13905488118958,0.156860326951384,-0.0186745261993979,1.02078061214385,0.0216929853100386,0.975860511310603,0.0866806745119744,0.903543604899654,25,FALSE
SLCO4A1,20,8,0.000722232952344728,0.0276718800664789,0.614526696749756,0.15023477245588,0.34321593492898,-0.0125550352413976,1.02043041467165,0.247843422803976,0.596692179339279,0.347346655534977,0.434773692710015,25,FALSE
KCNN3,30,11,0.00288843288932028,0.0441562308334457,0.628091635469641,0.161240702558304,0.29565864924123,-0.012790535254073,1.02036412289508,0.161375490001785,0.74307014949957,0.351321347486167,0.44065272064406,25,FALSE
CRHR1,18,5,0.00109186865590507,0.0312621150814205,0.600918128608423,0.146010363960519,0.331962194300766,-0.0121079339210053,1.02014905749148,0.00477332704708729,0.992056610010849,0.0894512654226147,0.851142341753341,25,FALSE
SH3PXD2B,31,4,0.00229340945879217,0.0409879965643408,0.711806193292969,0.152272500196074,0.24962177248878,-0.0142875744723075,1.02007228176283,0.00876897723939698,0.987680667403539,0.0140921686703507,0.980202239312983,25,FALSE
GOLPH3,8,5,0.00412632292064076,0.0497875930960621,0.368949871925585,0.0620509606577406,0.105063605883429,-0.00737232514859075,1.01998191545674,-0.00610349913688821,1.01654289539398,-0.000537259346443757,1.00145618520923,25,FALSE
ADRA1A,15,10,0.0036341281718066,0.0474061189828877,0.249889902153504,0.090205698443043,0.312595387163743,-0.00487180916501771,1.01949582245234,0.00309966137442305,0.987595891839923,0.0995930626652401,0.601452232335257,25,FALSE
C2orf63,23,22,0.00265956518139945,0.0432709292776779,0.587682275877835,0.103177304951862,0.204580352689651,-0.0113577541674666,1.0193263513869,-0.00664451442930967,1.01130630393674,-0.00233971590774005,1.00398125994909,25,FALSE
PCDH1,22,5,0.00200097168710728,0.0392180495590006,0.431375225931986,0.166711332002157,0.211417935543626,-0.00825796003520448,1.01914333401359,0.046320775147937,0.892620687597761,0.0431919169690713,0.899873904729334,25,FALSE
RNGTT,11,4,0.000277509679960445,0.0195507818898964,0.291716920608204,0.0635399942275983,0.248091355941082,-0.005492216657996,1.01882721319883,0.152462161889468,0.477362637821634,0.158893733751594,0.45531533302794,25,FALSE
CA3,13,11,0.00126893937245966,0.032996611602672,0.433360029958242,0.116801187085044,0.618631486583278,-0.00812856812519175,1.01875707855654,-0.00298861146486412,1.00689637081932,0.256012572750464,0.409238150608554,25,FALSE
MAP3K13,14,11,0.00258839395687368,0.0429626295193824,0.237776753888672,0.117039232681863,0.224690482623462,-0.00445049658385719,1.01871712230516,-0.0141586671417734,1.05954605280045,-0.000473420671238079,1.00199103008808,25,FALSE
CYMP,6,5,0.000246442475083691,0.0188516530212078,0.674971804326024,0.0812676352123891,0.608714066228052,-0.0125453202199051,1.01858643596592,0.0110284983407948,0.983660801428873,0.728560818647567,-0.0793944487430154,25,FALSE
C12orf42,18,12,0.000978813912938116,0.030125292265779,0.301276567060439,0.141341885802485,0.339182305165336,-0.00551795802642367,1.01831525790493,-0.0138010753906939,1.04580865855367,-0.0190025181063784,1.06307333587801,25,FALSE
STK32B,21,10,0.0000226902989049596,0.00791442740899841,0.503992979606283,0.137882072071051,0.302747965042947,-0.00912887069475018,1.01811309098369,0.00766361008898453,0.984794212619844,0.144250279648454,0.713785140893944,25,FALSE
ELN,12,5,0.000756173012073926,0.0279890213142297,0.614877576838324,0.118470116572366,0.343292672226735,-0.0110166714345541,1.01791685345106,0.0229297625247774,0.962708409952626,0.0701958387703642,0.88583769938187,25,FALSE
OSBPL10,23,5,0.00155504320079368,0.036032680920859,0.533413052781774,0.159128948974453,0.177428730264107,-0.00951577255310534,1.01783940701016,0.0277893608802868,0.947902735534191,0.0308216727122507,0.942218000569138,25,FALSE
PTPRJ,18,3,0.00409261467226663,0.0495475827639428,0.467707624166489,0.130625957542492,0.170078606005143,-0.00826326723551706,1.01766759147928,-0.000703995681036115,1.00150520462926,-0.0102280917842639,1.0218685590223,25,FALSE
MRPS7,5,3,0.00142162234875744,0.0345708718699378,0.398227317814161,0.067890827681694,0.146627390621277,-0.00683535294034262,1.01716445013833,-0.0129489682697082,1.03251652433285,-0.0185904175726796,1.04668292892291,25,FALSE
RASGRF1,46,35,0.00104983079781434,0.0310041288141197,0.51601215666848,0.195452899941636,0.253408072935699,-0.00885272395079155,1.01715603757855,-0.01101415031139,1.02134474967121,-0.0242056509543944,1.04690907111699,25,FALSE
CHN1,18,10,0.00000232636161907102,0.00244392042622141,0.669888121897564,0.112395829645413,0.261435303430404,-0.0114296742072754,1.0170620642965,0.0705017141598548,0.894755987074159,0.235702404726386,0.648146612812417,25,FALSE
SYCN,11,9,0.000493859966382625,0.0248285029431898,0.507312357773471,0.1013312279413,0.570891461480424,-0.0085687109120971,1.01689040446344,-0.0295439861560495,1.05823628323527,0.484176964691824,0.0456038429325589,25,FALSE
PDE1B,10,7,0.00276036364401512,0.0436061994341354,0.459787048072065,0.0920421071488747,0.293673013885502,-0.00769128339688214,1.01672792530614,0.0238122181136794,0.948210332993227,0.3096676823774,0.326497595624172,25,FALSE
TSKS,8,2,0.000653462643308875,0.0267664664127788,0.540709648715623,0.0870566602898545,0.333730016750591,-0.00903806763765754,1.0167151957786,0.171775742890103,0.682314263675281,0.175286803064326,0.675820833823302,25,FALSE
ILDR2,19,3,0.00152010359646092,0.0356665934920122,0.425704003710049,0.119648679043172,0.300072150629508,-0.00707134615350758,1.01661094584942,0.162983212664065,0.617144280430414,0.167028722326179,0.607641175862785,25,FALSE
HK1,27,7,0.00104669225409018,0.0310041288141197,0.591188663103544,0.147168935120859,0.162389745998569,-0.00975130253703914,1.01649440042684,0.19465625822596,0.67073749823943,0.284775620791902,0.518299929337406,25,FALSE
PPP2R2B,42,31,0.000772176832639352,0.0282365798661209,0.713297218976618,0.26114839528234,0.305474978818908,-0.0117418915499753,1.0164614290335,0.0170203214370443,0.976138528254093,0.28307933762425,0.603139714983903,25,FALSE
FAM168A,10,7,0.00172243181270683,0.03732516387354,0.319924693090782,0.0959589396813864,0.156474110889747,-0.00523397011545791,1.01636000667811,-0.0187195109575066,1.05851224166743,0.0334240199645275,0.895525351164304,25,FALSE
C1orf127,14,7,0.000201494094293596,0.0178554671032107,0.598297906412531,0.106054371880834,0.285994811781407,-0.00975887554398542,1.01631106416952,-0.00603125898999422,1.01008069546183,-0.0272335533694542,1.04551838319601,25,FALSE
NRG2,35,6,0.00204804114802182,0.0393573565982047,0.775183935035035,0.158021446268365,0.256593265433489,-0.012617165920442,1.01627635113449,0.142139337443514,0.816637921634573,0.253435511336436,0.673064030506539,25,FALSE
CADPS,32,7,0.000306933083272625,0.0201534857865718,0.755237803214917,0.165875602182625,0.254389939922752,-0.0122262480374092,1.0161886070657,0.102700474584648,0.864015712471661,0.157422815164866,0.791558613068964,25,FALSE
CHST11,48,12,0.00398030819331432,0.0492160909802192,0.547069788263665,0.216477356229434,0.222952989659686,-0.00874042689476271,1.0159768042072,0.0983118791485167,0.820293715248749,0.159210162466821,0.708976503761732,25,FALSE
ST6GAL1,17,15,0.000372636931233896,0.0224122624518463,0.58276531277654,0.0963298128573687,0.210068028581956,-0.00920081393671989,1.01578819764149,-0.00365077591431579,1.00626457312108,0.0397166685759126,0.931847919385103,25,FALSE
ABCD3,6,4,0.00173163137540893,0.0373536404979803,0.288320604931757,0.050687993020172,0.186732156192563,-0.00453510861411031,1.01572939476588,0.160991549205838,0.441623156818976,0.212350984920431,0.263490082608932,25,FALSE
OXR1,20,14,0.00278259981125755,0.0437807754920468,0.371116059124129,0.101710416551014,0.178133004296986,-0.00576664360556387,1.01553865283861,-0.0119649794441091,1.03224053271192,0.0910293542690776,0.75471459121463,25,FALSE
FOXI1,13,11,0.00130149439216285,0.0333478839539874,0.53244824796483,0.11079823963408,0.401771485826191,-0.00826782137652182,1.01552793423234,-0.00723491589944624,1.01358801710232,0.254981766008753,0.521114461389691,25,FALSE
CCDC108,22,10,0.00412123403787303,0.0497642957615351,0.765389613358311,0.139880202206256,0.229538232935226,-0.0112672772439679,1.01472096961772,0.0230399875450959,0.96989770027842,0.0925177975548709,0.87912326488345,25,FALSE
SNORA71D,7,6,0.0000996486115755756,0.0130870122543094,0.57238612357327,0.12174478242372,0.264307805501752,-0.00839964041235952,1.01467477995435,-0.00762166566047147,1.01331560173558,0.278637980544451,0.513199273935957,25,FALSE
ADAMTS15,19,12,0.00397027957207774,0.0492160909802192,0.429093094582456,0.0941719121381341,0.338911492165152,-0.00627642394792013,1.01462718469993,0.100019569395648,0.766904733125627,0.131668415630917,0.693147204433477,25,FALSE
RPL23,15,4,0.00150681151873208,0.0355987045160122,0.604171882143122,0.104074275441292,0.2517007097399,-0.00873382590345442,1.01445586291185,0.023735450237819,0.960714076673637,0.0790478021031116,0.869163388036675,25,FALSE
ZNF502,14,12,0.00141306494902638,0.0344158848017893,0.304119338068105,0.0573373784711804,0.468574520445812,-0.00434317461281273,1.01428115239367,0.031301630191491,0.897074515582165,0.255835095717602,0.158767418925823,25,FALSE
PDE4D,61,22,0.00315289469442944,0.0457042316124032,0.859455854354811,0.260632747671012,0.181679338301665,-0.0121638714645355,1.01415299157357,-0.0166319284462658,1.01935169603185,-0.0288397026166351,1.03355576958433,25,FALSE
ATP6V0D1,14,5,0.00284342507946994,0.0440720760663499,0.429637734947377,0.121196273586129,0.20566531872698,-0.00606762931560692,1.01412266386785,0.0259647677143527,0.939565904941909,0.0212704952941437,0.950492022548371,25,FALSE
ABR,107,45,0.000908277333197245,0.0295355261295899,0.759330474743774,0.471912872567684,0.225538904122449,-0.0107080280238002,1.01410193371656,0.0195004265027038,0.974318920218125,0.0646697096585051,0.914833248750714,25,FALSE
AK7,15,8,0.00152093772708323,0.0356665934920122,0.553076355156141,0.134528417963064,0.186517980855186,-0.00776690573703595,1.01404309850643,-0.023138706505846,1.04183636904766,-0.034772825410114,1.06287165431308,25,FALSE
LOC153328,19,8,0.00140605989427732,0.0343514601767784,0.44952140082914,0.123150607902414,0.352936410761559,-0.00627067705903892,1.0139496741367,0.0244657389707761,0.945573805995334,0.164764938159821,0.633465864237136,25,FALSE
KIAA0141,10,7,0.00336415834795363,0.0465519744287578,0.474215203900091,0.106465055671889,0.227518638349656,-0.00645238570159467,1.01360645050713,-0.00832125117752407,1.01754741541201,-0.0354852121883059,1.07482934308404,25,FALSE
PTPRK,25,7,0.00342696347531972,0.0467550566615481,0.487711123890475,0.155734852111019,0.276752230073574,-0.00622042136947734,1.01275431513609,0.000241525215893624,0.999504778127743,0.00633398114879095,0.98701284256495,25,FALSE
C3orf57,15,14,0.00300569348030684,0.04478198191885,0.249493172353441,0.0835936889189205,0.369444866418591,-0.00314483568973147,1.01260489679965,0.00851133713520949,0.965885490753422,0.197739664808915,0.207434564466601,25,FALSE
PRICKLE1,35,28,0.00287833250012901,0.0441562308334457,0.526498258007993,0.152808030220416,0.215597759183976,-0.00647022702932563,1.01228917082044,0.00240617479459762,0.995429852315749,0.163310266526187,0.689818030653945,25,FALSE
NUDCD3,14,4,0.00161098809498914,0.0361515123622035,0.213738009655395,0.0930642403662024,0.134429345086673,-0.00257370306986341,1.01204139158034,0.0518780751155017,0.757281939702052,0.0420182023094688,0.803412587320272,25,FALSE
FOXN4,18,4,0.00242702839778055,0.0418894999914852,0.559726159724384,0.127499513367089,0.285156856621345,-0.00673612655982444,1.01203468239387,0.0997701264926684,0.821751896424144,0.132957698535835,0.762459380849191,25,FALSE
AMPD2,24,19,0.00383624368187867,0.0483612223512353,0.754876307749089,0.153134630368951,0.191933453507683,-0.00904499189792156,1.01198208475358,-0.00249707816451394,1.00330793023821,0.0258930779346156,0.965698912962543,25,FALSE
LOC440839,55,0,0.000108389793026204,0.0130870122543094,0.878088993455508,0.223776726077151,0.223914413223554,-0.0104283992743301,1.01187624415299,,,,,25,FALSE
TAF5L,12,4,0.00275494642658375,0.0435867929619545,0.469565576539279,0.121291747334318,0.138260875431051,-0.00554204446279937,1.01180249306954,0.0738227260436832,0.842785055523532,0.0843294524164293,0.820409636843609,25,FALSE
ARNT2,34,7,0.000753112953437301,0.0279890213142297,0.72307182777107,0.215670918859024,0.298580273541523,-0.00842110135601114,1.01164628607087,0.101110745833565,0.860165004429439,0.136685175519157,0.810965978386268,25,FALSE
PALLD,55,28,0.000335751904518495,0.0211691236979912,0.570242284190036,0.155543700350048,0.197755089465833,-0.00660677825834878,1.01158591434119,-0.00400226386842797,1.00701853226145,0.0522636144624264,0.908348405736588,25,FALSE
CTNNA1,18,4,0.000220174503487975,0.018347916205286,0.375246235380336,0.0792003771643622,0.27956690903391,-0.00428144218528791,1.01140968724429,0.189564108329873,0.494827421419066,0.22645351017678,0.396520234380886,25,FALSE
NR5A2,50,1,0.00260594862899466,0.0430445896181319,0.504895604568474,0.27917938498088,0.282126255686159,-0.00575199993635969,1.01139245397328,0.00376392900964714,0.992545134131512,-0.0122993621086408,1.02436020832297,25,FALSE
IGF2BP1,42,16,0.000730479892384272,0.0278041114593994,0.391533061320886,0.172491868532149,0.289368267154241,-0.00432438515953441,1.01104475097185,-0.0059978804627717,1.01531896295689,-0.013912033989885,1.03553220753045,25,FALSE
MAP3K7IP1,6,1,0.00187970689106646,0.0388209976270319,0.564283206692889,0.0812899676373302,0.107158196372805,-0.00614932039891932,1.01089757824791,0.234234434324003,0.584899157823981,0.239128696658314,0.576225742992101,25,FALSE
NEK10,11,9,0.0017375440084414,0.0373536404979803,0.395966974946339,0.0902891398010462,0.262474013056875,-0.00430271102803347,1.01086633810463,-0.00583827058798981,1.01474433717302,0.221541705026018,0.440504589919295,25,FALSE
ACOT7,51,14,0.000297677681410977,0.0198762919647211,0.793956066328168,0.188302189963457,0.176297482982524,-0.0086141143844943,1.01084961089136,0.104184129715392,0.868778470076795,0.10995160877372,0.861514240602485,25,FALSE
RGS7,23,10,0.000989568809861597,0.0301945848251343,0.408058806568794,0.0861665888863393,0.403532257985127,-0.00437380563108832,1.01071856693369,0.0988348085595494,0.757792732399008,0.236078649471101,0.421459246386094,25,FALSE
IL6R,14,3,0.00000278513850194093,0.00258165955962265,0.598590820835049,0.104952689752294,0.228312449113646,-0.00638176056882627,1.01066130710111,0.046604389519627,0.922143160406949,0.176701529719005,0.704804144052023,25,FALSE
NOTO,13,8,0.0009890109228861,0.0301945848251343,0.303974383525158,0.081966462960644,0.566637855806928,-0.00316661894609181,1.01041738750933,-0.00334115405593895,1.01099156454301,-0.0266743330592479,1.08775191103246,25,FALSE
ANO3,12,4,0.00390384427477062,0.0490173530532554,0.214394357043794,0.094418879426914,0.375523203950307,-0.00208726766202318,1.00973564645452,0.0511370722930412,0.761481258190973,0.0854975238010139,0.60121374004471,25,FALSE
NR3C2,15,9,0.00070694269935951,0.0275580207106006,0.432297811963524,0.0676789896428717,0.279692668338894,-0.00412646798838916,1.00954542880901,0.167264409501109,0.613080601214743,0.278594968523281,0.355548511203689,25,FALSE
ROCK2,12,4,0.00287448360202359,0.0441562308334457,0.489571961229474,0.100190287867208,0.177697970252792,-0.00463596386136567,1.00946942273762,0.0582383019774857,0.88104240726689,0.0443086870697718,0.909495047554402,25,FALSE
MYOM3,8,6,0.00154512649722954,0.035964702131969,0.437475127241489,0.0762288354215125,0.401380846125907,-0.00412855454675768,1.00943723263261,0.00208216111670387,0.995240504003432,-0.00954473548634161,1.02181777863927,25,FALSE
ZCCHC17,6,6,0.000970592830542868,0.030048333641836,0.365397651237353,0.0677590723681911,0.2577795559631,-0.00343421589515559,1.00939857134693,-0.00343421589515559,1.00939857134693,,,25,FALSE
SNRNP40,6,4,0.000970592830542868,0.030048333641836,0.365397651237353,0.0677590723681911,0.2577795559631,-0.00343421589515559,1.00939857134693,-0.0202595966667625,1.05544533906597,0.0485464932992709,0.867140653107985,25,FALSE
LOC285045,6,4,0.00301471267158702,0.04478198191885,0.353194551674804,0.060295201482525,0.23076489697111,-0.0032503262842551,1.00920265125507,-0.0142767054964001,1.04042164701777,-0.00762415316091629,1.02158627058306,25,FALSE
LPHN2,17,16,0.00161968319124988,0.0361515123622035,0.427893861837179,0.123356722540486,0.419063481172242,-0.00388593926572441,1.00908154945023,0.00207491973137708,0.995150854180361,0.0143743491503677,0.966406741408603,25,FALSE
MAML2,41,6,0.00372617482400861,0.0476455557293372,0.793186193668153,0.227883478475872,0.240338872342617,-0.00717345989440226,1.00904385370253,0.0553607442616729,0.930204604286349,0.0445931610061696,0.943779705998229,25,FALSE
CABP7,16,5,0.00229676360999575,0.0409879965643408,0.238617607097934,0.159027032049473,0.274454022238478,-0.00215385851749746,1.00902640229987,0.00045626623250467,0.998087876925539,-0.0260699697175653,1.10925417463794,25,FALSE
CACNB4,30,18,0.0000269298908164359,0.00811368296626401,0.528142401656831,0.18827210467268,0.268090775990394,-0.00466020703900231,1.00882376992338,-0.00670284828890744,1.0126913655633,-0.0307064526659758,1.05814047985855,25,FALSE
NT5DC1,14,3,0.000292464701092679,0.0197028602902187,0.535172485326423,0.106420093773536,0.166790740079285,-0.00468946941914016,1.00876253833618,0.0947246412974411,0.823001660409233,0.0882134661718277,0.83516815869556,25,FALSE
RAP1GDS1,5,1,0.000531068969146094,0.0248285029431898,0.321612963291624,0.0570937673962744,0.157717750813445,-0.00281721279075,1.00875963693104,0.0154563294221614,0.951941211374162,-0.00519436788685933,1.01615099041312,25,FALSE
PIGR,8,6,0.00370442843948343,0.0476455557293372,0.404957370614503,0.0836684481840147,0.315419039057653,-0.00339266354116225,1.00837782884656,0.0462526297706701,0.885783953751764,0.222391518451373,0.450827334951566,25,FALSE
TEAD1,46,23,0.000362648888024407,0.022064174430458,0.721952750351937,0.236079020589974,0.236515160243961,-0.0060379490057627,1.00836335757821,-0.0105979469539953,1.01467955755945,-0.0225751855129867,1.03126961633151,25,FALSE
C9orf3,31,2,0.0028061255288248,0.043992083027804,0.569536278375703,0.168653423389102,0.212578646593422,-0.00469694208333349,1.008246958555,0.0575200606510086,0.899005449108433,0.0690540314827628,0.87875393701047,25,FALSE
NCRNA00176,9,4,0.000937291457825075,0.0297564688994128,0.480653608151675,0.0889630555151593,0.258975999058211,-0.00395810438298715,1.00823483755424,0.0186669659783617,0.961163370748127,0.00269419406344472,0.99439472830797,25,FALSE
DUSP2,8,4,0.000600919871761407,0.0262633623803029,0.293335418522902,0.0773343283645925,0.281919311824563,-0.00238919274046081,1.0081449173526,-0.0341140551516787,1.11629708858024,0.180921723712879,0.383225780835078,25,FALSE
KIAA0182,75,54,0.0000168640013441161,0.00681392136360464,1.09789585399606,0.213015277897219,0.245781163122728,-0.00879719956958514,1.00801278148339,-0.0197422365031129,1.01798188455786,-0.0282627171418508,1.02574262125044,25,FALSE
SUPT7L,12,9,0.00381040378887077,0.0481739448829355,0.241133389572555,0.0956731624650115,0.175224196660437,-0.00189193835644761,1.00784602397785,-0.0197020534061645,1.08170603598734,-0.00434028738288124,1.01799952876943,25,FALSE
C2orf84,12,6,0.0015611120057511,0.036032680920859,0.309041789463578,0.102530849589495,0.32071370003277,-0.00237449240743331,1.00768340233712,-0.00801299784811478,1.02592852527169,-0.00851002473527377,1.02753680901876,25,FALSE
RCSD1,15,5,0.000711772714127074,0.0275580207106006,0.452188011565607,0.102177088754373,0.327072736630158,-0.00344102914304873,1.0076097310301,-0.0149463401588385,1.0330533755353,-0.0173300075344183,1.03832478325645,25,FALSE
GNAI3,8,3,0.0000703406637504205,0.0117504735601196,0.330206023294989,0.0876590856302058,0.209976364809614,-0.00240575165578291,1.00728560803276,0.218077581828448,0.339571157266175,0.232797697650607,0.294992576671934,25,FALSE
IGF2BP2,29,6,0.00285233229763253,0.0440720760663499,0.569751864721804,0.13494003131843,0.221904061178995,-0.00329730643878085,1.00578726748071,0.00734335878593687,0.987111303638256,0.0713376705109531,0.874791685770462,25,FALSE
HTR4,12,7,0.00123227531587427,0.0327165617646729,0.310111121215455,0.101205524438385,0.216416124058249,-0.00174548841558896,1.00562859019292,0.0197861142725077,0.936196695574936,0.114664501798623,0.630247050317948,25,FALSE
B3GALTL,13,4,0.000467934655951367,0.0243356907870681,0.561522102603745,0.107280276922612,0.161419780136085,-0.00307230105588727,1.0054713804526,-0.0119964721797956,1.02136420298358,-0.0232666897669464,1.04143503819184,25,FALSE
MAGI2,60,14,0.00109230670749631,0.0312621150814205,0.769359527129014,0.242281214829642,0.264388512695676,-0.00397343471422766,1.00516460065043,0.274707098963779,0.642940537840753,0.361860277055763,0.529660367752771,25,FALSE
CRTC1,28,2,0.000567324841233092,0.0256893817475605,0.568382699606953,0.251776180398973,0.201831051081511,-0.00283807733386335,1.00499325073727,-0.0281081620778137,1.04945288112613,-0.0311669710276316,1.05483448220571,25,FALSE
CNTNAP2,45,13,0.000201692673205451,0.0178554671032107,1.05148465884278,0.203984666374371,0.309995964573456,-0.00506612562288131,1.00481806898491,0.0800575396292097,0.923862379773265,0.228405957987274,0.782777660076706,25,FALSE
STAT2,6,5,0.00194882451624386,0.0390256713815937,0.382222084448013,0.0785881585705521,0.192943902865557,-0.00182777065498208,1.00478195983265,0.00118493652210414,0.996899874260758,-0.00691699400949744,1.01809679317585,25,FALSE
DNAH9,20,9,0.000660413157050654,0.0267664664127788,0.552661878878754,0.139706054863497,0.399106559118761,-0.00252776059871009,1.00457379221422,0.260908193956325,0.527906295100979,0.434293233093176,0.214179139740423,25,FALSE
DNAJB1,7,3,0.0021519729570302,0.0399399581202884,0.342859776084292,0.081503394559939,0.186000570979223,-0.00155184274154851,1.00452617323406,-0.0139409993529719,1.04066093582685,0.050851389813163,0.851684585477122,25,FALSE
INS-IGF2,126,14,0.0000677486256815398,0.0117504735601196,1.30329484142461,0.464721721531398,0.318666381546233,-0.00535127845179604,1.00410596150749,0.165777453609902,0.872801266190317,0.181966825982453,0.860379386000217,25,FALSE
PARM1,10,3,0.000494828246281345,0.0248285029431898,0.34796949892049,0.0707861216241853,0.204489162400498,-0.00142690641718578,1.00410066520661,-0.011830560280151,1.0339988427631,-0.0256435233742947,1.07369474466541,25,FALSE
PPM1H,32,5,0.00189026428689545,0.0389311901409268,0.174635927713872,0.186091388438004,0.178494108941933,-0.000699026808341479,1.00400276631213,0.0722504106537619,0.586279801644603,0.0863104199921429,0.505769396240411,25,FALSE
GGA3,8,2,0.0022745957580119,0.0408205766030516,0.42029008892092,0.0909769676127553,0.145022936273821,-0.0016545002044851,1.00393656726175,0.0353115668199477,0.915982870520195,0.0707282614918644,0.831715609393844,25,FALSE
C14orf37,17,11,0.000207967282043767,0.0179079149204682,0.79942273467393,0.0924938960089446,0.319870310209372,-0.00234196202792097,1.00292956645632,0.0312430076391112,0.960918039625362,0.204337717621339,0.74439341194783,25,FALSE
C2orf65,15,10,0.00101359484647892,0.0304698688377194,0.876764862058528,0.119665312218107,0.345029548148586,-0.00149110279975316,1.00170068722445,0.0302289270444593,0.96552219602701,0.0611758753182781,0.930225448161044,25,FALSE
EHD1,20,3,0.00121932137580638,0.0327165617646729,0.306506340148923,0.130424969597964,0.322320256413709,-0.000485650273831342,1.00158447056461,0.0117232850519157,0.961751900315603,0.000720722462847904,0.997648588729037,25,FALSE
BAD,17,9,0.00094668637695571,0.0298053147031802,0.428971566211431,0.14317009046385,0.227013295721672,-0.000621147556244567,1.00144799237332,-0.0115000372525312,1.02680839048167,-0.00760690781167826,1.01773289516333,25,FALSE
GNG7,64,57,0.0039644235803684,0.0492160909802192,1.17921849083611,0.248815727106152,0.228927183196451,-0.00127677237022834,1.00108272756928,0.0039217601600606,0.996674271824486,0.0133789459501953,0.988654396064711,25,FALSE
C17orf63,14,10,0.00391467034291917,0.049050534125258,0.492569511160167,0.0927572001341763,0.191849863176732,-0.000372098806484824,1.00075542395145,0.0130495294999149,0.973507232574791,0.00539441593919759,0.989048416889442,25,FALSE
C3orf39,19,13,0.000646157756330452,0.0267664664127788,0.687789701729376,0.125051197031078,0.213854885235828,-0.000357389690485807,1.00051962058982,0.0417256000397163,0.93933378191793,0.318138259739027,0.537448352397395,25,FALSE
RARB,26,21,0.00237712259391038,0.0413451410980571,0.166805221523553,0.141389993193894,0.287470240650025,-0.000060143836495034,1.00036056327221,0.0219390897378047,0.868474802302835,0.215310694089599,-0.290791092287217,25,FALSE
TXLNA,12,8,0.00364434930080567,0.0474608729604097,0.431593237459793,0.127105690677243,0.164112017155948,0.000053663202148918,0.999875662551006,0.0333747203467188,0.922670891362546,0.0383578338286373,0.91112503510389,25,FALSE
CRHBP,13,6,0.00194087537270991,0.0390256713815937,0.303699051269751,0.108052588830039,0.313398068395419,0.0000388706566160204,0.999872009291918,0.170892300474325,0.43729721986344,0.194191676689074,0.360578586343395,25,FALSE
C6orf146,5,5,0.0000310416821700904,0.00811368296626401,0.552526356420301,0.067361345496386,0.273782573651963,0.000168128617869314,0.999695709325147,0.000168128617869314,0.999695709325147,,,25,FALSE
MACC1,8,6,0.00000732426486392472,0.00480899023857191,0.571017019026126,0.0924906616029781,0.256989764417156,0.000314259413498917,0.999449649654865,0.0748843185294275,0.868857991908642,0.177022714571437,0.689986972939352,25,FALSE
C15orf59,9,7,0.00212646679159721,0.0398313967999375,0.390037603688385,0.0629713201335514,0.313721931479881,0.000236914072434172,0.999392586586027,-0.00696627507976526,1.01786052168788,0.0981930285214121,0.748247277716684,25,FALSE
DTX1,23,11,0.000567005690088063,0.0256893817475605,0.875708480605468,0.129737811898153,0.354658173816697,0.000775915193451426,0.999113957200786,-0.0123224014329103,1.0140713510327,0.338249814256428,0.613741534143233,25,FALSE
VAPA,10,6,0.00070715074220711,0.0275580207106006,0.518473200811334,0.0802377552489705,0.187341404155788,0.000650456392196538,0.998745438739787,-0.00719902016787358,1.01388503814008,-0.0157764008842066,1.03042857540085,25,FALSE
WBSCR17,25,9,0.000205732043702343,0.0179079149204682,0.458472999073812,0.107060405763374,0.458995984865914,0.000696798982576225,0.998480174439969,0.263646540065544,0.424946418659001,0.39311107992918,0.142564380621484,25,FALSE
RPS6KC1,11,5,0.00342318094820223,0.0467550566615481,0.293592871814601,0.10313189194774,0.154385870183819,0.000483799740922152,0.998352140711278,-0.00983673058665941,1.03350466421702,0.0337392290637129,0.885081579620166,25,FALSE
SIK3,20,2,0.00108224920072926,0.0312621150814205,0.706830229746159,0.145503531837672,0.172301489421061,0.00152578831840005,0.997841365218706,0.0613150880829474,0.913253444034267,0.100553103186163,0.857740799764218,25,FALSE
PELO,17,15,0.00352480167459013,0.0470710379560943,0.585303734465707,0.137600051713703,0.284000349551234,0.00134081849431469,0.997709191971005,0.0589436065736394,0.899293985152092,0.173105845378547,0.704246128659053,25,FALSE
TRRAP,82,7,0.00332087327509328,0.0462690725631476,0.518218061604112,0.308296721304,0.180370609405997,0.00158311760049447,0.996945074442998,0.00630111054834639,0.987840812555159,0.0164127061519277,0.968328571757759,25,FALSE
CLEC16A,43,4,0.000035170174245012,0.00863499064728245,1.1668740476205,0.151808758662881,0.1619095809673,0.00492488856842713,0.995779417171485,0.00205878275931435,0.998235642686961,-0.00645630944907518,1.0055329960095,25,FALSE
RPAP1,6,5,0.000899475442797111,0.0295355261295899,0.418533186564363,0.0656803265525298,0.20103416920521,0.00177865555864579,0.995750263979671,-0.00800525803390431,1.01912693733947,0.0699065756360616,0.832972443093682,25,FALSE
CLIC5,14,4,0.00289741989350063,0.0441562308334457,0.55176410781999,0.124974629508108,0.270070939756609,0.00258821720114375,0.9953091961502,-0.00916217172484201,1.01660523327812,-0.00671643817815159,1.01217266234422,25,FALSE
ANKRD34C,18,14,0.000900654890473402,0.0295355261295899,0.463507954290855,0.132340338404456,0.3720448748535,0.002289244856339,0.995061045155435,-0.015635129377791,1.03373217057669,0.171085723375255,0.630889347655299,25,FALSE
NOX4,7,5,0.00325077556797359,0.0458788521200562,0.580519498224848,0.0556107502090333,0.304795213998871,0.00287331717227625,0.9950504381316,0.0543393029519917,0.906395387031522,0.206112508100278,0.644951618799122,25,FALSE
BTBD11,49,19,0.00312639876864249,0.045634596549582,0.272618358261186,0.2185327140592,0.352628511049262,0.0013657078768645,0.994990403854035,0.134427038683349,0.506903938748837,0.305800988054343,-0.121718251128801,25,FALSE
PRDM2,44,30,0.0000894781706182897,0.0127022283561481,1.24369869638079,0.178937968703857,0.170742896615428,0.00660725682007854,0.994687413567847,-0.00396700337396036,1.00318968202307,-0.000311851967001777,1.00025074559289,25,FALSE
MIR548F5,44,2,0.000441826750840577,0.0238654497676279,0.675365580721062,0.235369619902937,0.374798716592041,0.00373013545274987,0.994476864739291,-0.0164618474164559,1.02437472072367,-0.020165150610261,1.02985812600745,25,FALSE
SLC3A2,27,22,0.0000383213117017556,0.00901294372830245,0.883648307114736,0.174094958029901,0.198771408861108,0.00490843401155323,0.994445262926401,0.00308506627280868,0.99650871704504,-0.00851388614544753,1.00963492610906,25,FALSE
KIAA1026,73,26,0.0000375349362754703,0.00896175039134637,1.04723377018634,0.232536226438441,0.283830610214357,0.00592512904075823,0.994342114235197,0.144696940055281,0.861829379289846,0.540761796020924,0.483628382300252,25,FALSE
FOXO3,24,6,0.00101156412417572,0.0304698688377194,0.59829006297653,0.138322173494249,0.163274327979423,0.00351054698374209,0.994132366220029,-0.0218192120625139,1.03646928707785,-0.0248888162735976,1.0415999158498,25,FALSE
NDUFA7,6,4,0.00325399380958545,0.0458788521200562,0.383066953066796,0.068129610406892,0.12021440340617,0.00225598503914488,0.994110729153001,0.0418649588083839,0.890711118583273,0.0472691512760277,0.876603421679695,25,FALSE
RUSC2,10,7,0.00314106046757503,0.0457042316124032,0.20270407256223,0.105505644598003,0.238891448598907,0.00123375748947639,0.993913504184295,0.0302987967312329,0.850526946260878,0.0867692918924906,0.571941052808139,25,FALSE
NLRC5,13,9,0.00407244332083432,0.0494967896137832,0.257659312182292,0.0905714300729215,0.21093144848112,0.00169673875716545,0.993414797459503,-0.0262981195479222,1.10206547291144,0.0843217102502089,0.672739519732352,25,FALSE
DNAH6,17,11,0.0014011539684278,0.0342847581280828,0.651784555522018,0.0800959314780509,0.371557409026033,0.00452703575165455,0.993054398553478,0.092271858595145,0.858431965266124,0.359502456670537,0.448433606435167,25,FALSE
SOSTDC1,9,8,0.000431876407721208,0.0237125729368321,0.454792212218802,0.0840387409824445,0.603973498798337,0.00317026803561765,0.993029194541061,-0.0123568675301966,1.02717035867855,0.303508559154125,0.332643455626927,25,FALSE
BMPR1B,14,12,0.00021434633584415,0.0181595137646888,0.397793113229132,0.130409721559816,0.216354860411331,0.00284725048183246,0.992842383673464,-0.00633932398403438,1.01593623361796,0.0149351649387996,0.962454943431369,25,FALSE
PHLDB2,21,16,0.000137990035460661,0.0151003262415909,0.589764804483566,0.138229406953605,0.157748176148045,0.00426427616288496,0.9927695309546,0.0726255587912673,0.876856743164145,0.131283029968249,0.777397652470618,25,FALSE
PPP2R3A,8,6,0.00343615976862885,0.0467566796484773,0.395195924140112,0.0652255438146433,0.132018388492509,0.00302957622433158,0.992333989195553,-0.0138106335118686,1.03494629541516,0.0249693320505955,0.936817840151249,25,FALSE
CLEC4G,10,5,0.00355481285989801,0.0471918627180058,0.340237912732678,0.0985889697548899,0.405914617078239,0.00276685763309684,0.991867873833124,0.0681550966159347,0.799684003265434,0.0671917640770375,0.802515353044064,25,FALSE
EML4,13,5,0.0000834441149516935,0.0122889005926055,0.34380781950336,0.108205345707176,0.159530156061601,0.00280245755305558,0.991848767264503,-0.00670677694262633,1.01950734265531,0.0702108462125822,0.795784615038705,25,FALSE
HLA-DMB,28,13,0.000645249561332845,0.0267664664127788,0.594533972165556,0.150749640924078,0.267246680215548,0.00495155006111629,0.991671543943771,0.0180764474015526,0.969595602189543,0.155521732538549,0.738414052317196,25,FALSE
RICH2,24,7,0.00317515897682935,0.0457042316124032,0.372808896662486,0.147831872444261,0.300724109986583,0.00314220259755097,0.991571546103966,0.0853584514512663,0.771039660760715,0.160221741827355,0.570230905802638,25,FALSE
URB2,7,4,0.00160705208217385,0.0361515123622035,0.263862611698587,0.0723410011790885,0.123574483785756,0.00242181437721144,0.990821684202922,0.0738227260436832,0.720222863070833,0.174492251152136,0.338700356110095,25,FALSE
SYNPO,37,16,0.00371733682369608,0.0476455557293372,0.674319210148896,0.210422661752135,0.211519199098294,0.00628609579489303,0.990677863391279,0.101275892999014,0.849810161901436,0.214255895345059,0.682263396740915,25,FALSE
POU6F1,12,8,0.00368902237133615,0.0476455557293372,0.237169564952838,0.0792432115399751,0.188811883345445,0.00232878121739824,0.990180944094318,0.0458981679686851,0.806475303954738,0.100687565728193,0.575461692362528,25,FALSE
KCNIP1,30,12,0.0000582929397563824,0.0112462694777544,0.320133612177816,0.136080805724338,0.341703680860886,0.00314554720881604,0.990174267589656,0.072180146164986,0.774531185045031,0.405087827804409,-0.265371121291087,25,FALSE
UNC5B,23,6,0.00351319587214776,0.0470356334352628,0.382273736191843,0.142565322555203,0.288006871476864,0.00382627527574671,0.989990745077432,0.012955963834215,0.966108150763167,0.0586754187761804,0.846509416627215,25,FALSE
IRS2,29,19,0.000570801552835316,0.0257222953826903,0.722328989041952,0.142230642673706,0.345892873195945,0.00755570970243476,0.989539794446771,-0.00407897999963629,1.0056469836619,0.194419500749001,0.73084355785462,25,FALSE
OSBPL11,7,4,0.00220648152211942,0.0403017346285075,0.315160393839709,0.0896818219930652,0.220626292752643,0.00332160922462988,0.989460575346535,0.0338678019552565,0.89253788668483,0.020830402795604,0.933905391658451,25,FALSE
MYO18A,40,13,0.000277914401785556,0.0195507818898964,0.332328343003851,0.196154437287721,0.17122581939803,0.00355149300075025,0.989313300910031,0.0148623727284872,0.955278046421954,0.000996559911648199,0.997001279208868,25,FALSE
CYP11A1,19,16,0.000931153395133344,0.0297564688994128,0.381316657818181,0.113966831427406,0.413616128412346,0.00422020384377875,0.988932547904081,-0.00897539161390152,1.02353789542072,0.252330917543171,0.338264111022688,25,FALSE
KCNN4,13,7,0.00175729855408485,0.0374821060467385,0.240227803170439,0.13207762908611,0.282593380844661,0.00281660083071468,0.988275292062192,0.0812652834239373,0.661715745007748,0.0876406409831961,0.635176945272168,25,FALSE
BTRC,13,6,0.00385442090448879,0.0485127512882863,0.453427418107486,0.110839271172555,0.166729677748753,0.00554657141133853,0.987767454746145,-0.000285553996837699,1.00062976782046,-0.00704192883363967,1.01553044335746,25,FALSE
POU2F3,11,6,0.00128821759079532,0.0331940871182315,0.270324662216215,0.0947157973760831,0.320936228691232,0.00348672597455723,0.987101709677645,0.117086646365524,0.566866576635639,0.240858192942225,0.109003999237113,25,FALSE
KIAA0319L,24,13,0.00154138702250186,0.035964702131969,0.717170503725349,0.0941940902720399,0.153183315442565,0.00933986432273112,0.986976786866979,0.00864355968433979,0.987947692160455,-0.0100091893472965,1.01395649890131,25,FALSE
POU6F2,43,7,0.0034898998822894,0.0469484569673772,0.653655166366563,0.15365279504895,0.254688282120569,0.00874801911593477,0.986616767424081,-0.0258206676755072,1.039501971382,0.00214864779523545,0.996712872618786,25,FALSE
PTK2,18,10,0.000525193593690595,0.0248285029431898,0.423530796602389,0.144817494474622,0.217264887814911,0.00579150933062435,0.98632564768115,0.00332921611925409,0.992139376531857,-0.0214700473452423,1.05069300158921,25,FALSE
GCDH,10,3,0.00248480697312014,0.0420032815616212,0.471402749047448,0.095333353505288,0.207069315996628,0.00653653474336372,0.986133863757536,-0.0259166003165472,1.05497761811724,-0.0193540699901315,1.04105633670835,25,FALSE
KIAA0831,7,3,0.000311853679846252,0.0203229402576248,0.246303961108008,0.0671341895969437,0.225200099756288,0.00372096037856743,0.984892811460163,0.0352385235295335,0.856930747800354,0.0138826108148854,0.943636266536543,25,FALSE
RORA,72,17,0.00288579884572695,0.0441562308334457,0.400351531376146,0.297304199578072,0.26545019217375,0.00607370077456455,0.984829080698937,0.0467925401111088,0.883121365989867,0.163842044628172,0.590754544974537,25,FALSE
SLC12A5,33,15,0.0000716697599884463,0.0117642924781035,1.17906288189093,0.131742919115944,0.30200815940687,0.0179201853914328,0.984801331916502,0.0238245573844764,0.979793649897393,0.012314733004031,0.989555490896057,25,FALSE
CADM3,17,5,0.000147569304186931,0.0159273773656004,0.547972629586,0.119662989124844,0.404231368720087,0.00852379874913375,0.984444845802657,0.0207179761112915,0.962191585870002,0.0149303765599212,0.972753426441753,25,FALSE
PDE1C,16,9,0.00163560858273937,0.0363358672470699,0.584565135063166,0.118808022764686,0.346075048097817,0.00941231861875368,0.983898597343243,0.144669374634522,0.752517955729794,0.215310932906135,0.631673324337297,25,FALSE
RAD54L2,7,6,0.00346787481306311,0.0469070998319729,0.233342275844448,0.084542843728414,0.164554322657279,0.00375947852915812,0.983888566632202,-0.000655387579806437,1.00280869627004,-0.0298314491328598,1.12784416807843,25,FALSE
EBF1,44,9,0.0037128677625467,0.0476455557293372,0.639096732654467,0.196057702893514,0.303499139736915,0.0103251289481619,0.983844184423731,-0.0146477298696772,1.02291942537218,0.00596524732841028,0.990666127639811,25,FALSE
GAS2L2,9,4,0.000167884328080675,0.0169933389030229,0.447812368674111,0.0880737238410802,0.250729044301978,0.00731471648019026,0.983665666712495,0.0534815426670054,0.880571537527304,0.120664344140047,0.730547093870338,25,FALSE
SKIV2L,46,5,0.000465872075115193,0.0243086495353153,1.00293840252706,0.229672626553404,0.296802098396649,0.0174292007478587,0.982621863213191,0.13111962073926,0.869264532688265,0.120007706810898,0.88034389100216,25,FALSE
TCHH,18,6,0.00122474764848425,0.0327165617646729,0.559014037127897,0.149005979383004,0.306490411385254,0.00973000306851925,0.982594349296647,0.284831928220938,0.49047446163544,0.295983872907126,0.470525150982196,25,FALSE
ENPP6,21,5,0.00236139273446138,0.0413451410980571,0.776484378607833,0.139066463583959,0.283714393509022,0.0135579001442029,0.982539378102479,0.127541309153307,0.835745170582856,0.135251327615174,0.825815777700941,25,FALSE
TRIM16,5,4,0.00183505774283262,0.0381615994677734,0.23017499975092,0.0883863094688035,0.456498002567728,0.00402420922076692,0.982516740631599,-0.0218009631299377,1.09471473076368,0.0088975824715848,0.961344270745245,25,FALSE
LIMA1,15,11,0.00135898987366491,0.0339576609414055,0.632653054314722,0.111885773690151,0.169028678441304,0.0111382855190276,0.982394322696992,0.0678471295229427,0.892757761840835,0.204687724862453,0.676461334586985,25,FALSE
BTBD19,12,3,0.000338551781850585,0.021170517139001,0.580535776622445,0.0875259879568275,0.281363116858794,0.0103749380060038,0.982128684529375,0.343846895787863,0.407707656213089,0.345228032017454,0.405328584525851,25,FALSE
VWA3A,7,3,0.00214998704764163,0.0399399581202884,0.514378770110614,0.0740765215521285,0.376675386657212,0.00920685074494895,0.982101028891669,0.154764859582095,0.699122769882563,0.355116118603571,0.309621354459856,25,FALSE
C21orf70,23,3,0.000170386314676839,0.0169933389030229,0.329136580156222,0.183656561057917,0.189818328178434,0.00591022253704134,0.982043252274675,-0.022259782691263,1.06763083787496,-0.0124802148252744,1.03791804247146,25,FALSE
KCNH5,12,8,0.00264350945431512,0.0432120559969893,0.491140871180835,0.096805979260973,0.275139376192741,0.00886037638379227,0.981959602827414,-0.00352043486426709,1.00716787193011,0.343391389448507,0.300829131522079,25,FALSE
C20orf166,32,18,0.000540334463432323,0.0248898369608927,0.918344673391726,0.224920381185324,0.447704615033259,0.0175685264661358,0.980869354420873,-0.0120836435763139,1.01315807008678,0.274785929242533,0.700781267421452,25,FALSE
DMRT2,8,4,0.000494786712387709,0.0248285029431898,0.288421234775757,0.0748092868555199,0.343931648309493,0.00560855625891182,0.98055428802504,-0.00282738434448203,1.00980296872621,0.0000726663148837962,0.999748054906774,25,FALSE
GFI1,65,53,0.000460360418821405,0.0242877735312646,0.447033940970719,0.179453203624028,0.4430625381385,0.0087008115080872,0.980536575166544,0.0116823876880658,0.973866888803347,0.00492815928708265,0.988975872220393,25,FALSE
PPARD,15,9,0.00369027972729501,0.0476455557293372,0.460237551302714,0.107258011477415,0.176665484225073,0.00925191031451437,0.979897532723424,-0.0191164108212248,1.04153596499702,0.0361912091148749,0.921364067289958,25,FALSE
CDH16,5,4,0.000908417361458383,0.0295355261295899,0.271796145525195,0.0686699739454961,0.405834278591444,0.0056659254284755,0.979153768286422,0.00152193024805543,0.9944004715552,-0.0184956658037738,1.06804977225867,25,FALSE
B3GALT4,47,47,0.000624791789938889,0.0267539919180897,0.633717116525265,0.164998153933074,0.544313643902231,0.0132280557525143,0.979126245121727,0.0132280557525143,0.979126245121727,,,25,FALSE
CNNM1,16,10,0.000807493520510616,0.0289730615025021,0.48916063735057,0.0977817012190648,0.276368680995366,0.0104060951238125,0.978726630212572,0.135098187985579,0.723816313762882,0.406152082537308,0.169695900436426,25,FALSE
HLF,12,7,0.0022203725696986,0.0404492843390874,0.493318632960642,0.0765136997064874,0.275446603877434,0.0104969696258119,0.978721724815431,-0.0160776378466807,1.03259077758768,0.0285758133047341,0.942074328039797,25,FALSE
ACCN1,55,22,0.0000789946831538619,0.0120854195838695,0.84481072603646,0.225630773784696,0.35260032638624,0.0180978158464421,0.978577668004583,0.066477313740318,0.921310997017989,0.471267741742378,0.442161744378658,25,FALSE
TXNRD1,33,23,0.00259280750558019,0.0429626295193824,0.78090405437298,0.18277913036487,0.217953393467942,0.0167870367657104,0.97850307387738,0.00257848684043322,0.996698074717382,0.0558227672219429,0.928515203744504,25,FALSE
KCNF1,13,13,0.00195180733391099,0.0390256713815937,0.243677613729513,0.112813642851697,0.411852531401162,0.00526321684209874,0.978400901250038,0.00526321684209874,0.978400901250038,,,25,FALSE
BOP1,18,1,0.0000131671364569441,0.00618405103817458,0.785718153752115,0.115222139869867,0.161010738184964,0.0171432789117393,0.978181388797149,0.0516063457558506,0.934319519652932,0.0444058131107706,0.943483788813183,25,FALSE
STOX2,61,13,0.00227127749283552,0.0408205766030516,0.569608302012614,0.258267053925278,0.298123632177817,0.0124502584299416,0.978142421053291,0.0240011049836961,0.957863842751427,0.0989671391268027,0.826254043740024,25,FALSE
HSPE1,13,10,0.00402880537255309,0.0492160909802192,0.261579444122943,0.103346395563311,0.216764024692793,0.00574496105559007,0.978037413930393,0.0116536452161756,0.95544892583112,-0.00677545280613949,1.02590208427446,25,FALSE
IFLTD1,7,4,0.00172674479399738,0.03732516387354,0.275650563965568,0.0882503385428748,0.302164910819798,0.00614934065038942,0.977691536117599,-0.00248662581033314,1.00902093496404,0.159042085061226,0.423030075566644,25,FALSE
KIAA0232,15,8,0.00373253150656345,0.0476455557293372,0.268356099402675,0.118862634356119,0.139625432752889,0.00599575544461839,0.977657465367979,-0.0189211897957198,1.07050776873653,0.00773342904086078,0.971182212522561,25,FALSE
HIST1H2BJ,14,14,0.00413872992130719,0.0498228465240326,0.733847960570121,0.115856752281747,0.7164872949489,0.0165055343229781,0.977508237114735,0.0165055343229781,0.977508237114735,,,25,FALSE
C17orf102,15,12,0.000107366126914836,0.0130870122543094,0.423420335468114,0.0784781239915523,0.493402692908601,0.0101045149977627,0.976135971394497,0.0579296885690822,0.863186333492845,0.39602438775957,0.0647015398498889,25,FALSE
SOBP,29,4,0.00214889214883719,0.0399399581202884,0.688343000348107,0.160289548843652,0.220213041132453,0.0165915010053232,0.975896462959698,-0.0188331673355931,1.02736014941108,0.026406222313057,0.961637988183648,25,FALSE
DNAJC3,10,6,0.000254702673183357,0.019121570441925,0.50596740003588,0.0979423696986887,0.17860023281987,0.0122581170945874,0.975772911271125,-0.0259633933184956,1.05131436000947,0.0903361451284099,0.821458566061759,25,FALSE
SSR2,6,3,0.000528061628514738,0.0248285029431898,0.371583547689539,0.0761683943298453,0.139291174916004,0.00912694473537781,0.975437704946497,0.146448977236599,0.605878736700802,0.116787514514909,0.685703214684614,25,FALSE
GPR26,13,6,0.003613885169316,0.0473097427339876,0.284338233057392,0.0961395169693363,0.379044739324088,0.00705888795995562,0.975174327124236,0.0143706007135082,0.949459485068237,0.201216971725523,0.292332341092842,25,FALSE
ZNF133,5,3,0.0000579226721820155,0.0112462694777544,0.460626555786524,0.0544600012338461,0.104281077559222,0.0114461264796294,0.97515096267065,0.0661721409856084,0.856343191345929,0.414429246859876,0.100292326498123,25,FALSE
KCNJ5,18,16,0.00109843009604177,0.0313569953866416,0.344670311162893,0.116475508295246,0.278093889571557,0.00860318370292153,0.975039382783231,0.0419367429207591,0.878327951196993,0.155434585843245,0.5490340165394,25,FALSE
ZNF668,16,8,0.000242608859204815,0.0187613709975843,0.43549774613327,0.139697169233013,0.192765030008825,0.0110430279412082,0.974642743758704,-0.00637523779190759,1.0146389685102,0.0685718151691152,0.84254381158581,25,FALSE
SLIT1,40,15,0.00191675010070369,0.0389906849529557,0.461378520451305,0.180550925534005,0.319968252387387,0.0118705917305633,0.974271468643681,-0.00175781366370464,1.00380991655612,0.157086619082121,0.659527671707681,25,FALSE
EPHB2,28,5,0.00168503114091907,0.0370330832895436,0.500657510092606,0.188824552395878,0.308956550797204,0.0128891280412404,0.974255598325377,0.074304922570331,0.851585323155171,0.122535398747107,0.755251052312304,25,FALSE
SYNPO2,24,7,0.000532285908685906,0.0248285029431898,0.358164743262661,0.151900277007307,0.202135388124042,0.00931439476843369,0.973994104825658,0.0698067905295835,0.805098654061574,0.117842526948888,0.670982336576697,25,FALSE
BBS9,19,5,0.00400110307061025,0.0492160909802192,0.370747881991578,0.117189146481357,0.228436890034508,0.00965754592418614,0.973951177084794,0.172280950935457,0.535315077162409,0.188328236902759,0.492031523171217,25,FALSE
SLC22A18,34,16,0.0000553395165944091,0.0112462694777544,0.879181883238722,0.181842530669363,0.196992626644085,0.0234192624176792,0.973362437438534,0.249573473400701,0.716129872374844,0.358001431509818,0.592801628041952,25,FALSE
GPR162,12,6,0.00265406026921122,0.0432709292776779,0.47183789718519,0.100016307832874,0.276761531833155,0.0127497100224157,0.972978622322463,-0.00963018236856288,1.02040993829875,0.0872687054266947,0.815045154390295,25,FALSE
MAP3K1,8,1,0.000891730355175046,0.0295355261295899,0.465960442029688,0.0701913959980372,0.111284292780034,0.0130777164135645,0.971933848382925,0.117917780749967,0.746936069859651,0.239774142962721,0.485419530640233,25,FALSE
HERC1,13,6,0.00000178254102085166,0.00200637724332718,0.992801168046372,0.127257731591704,0.112426593212779,0.0285685569764254,0.971224291533981,-0.0123006966789638,1.01238988941076,-0.00120535541469114,1.00121409548406,25,FALSE
PEX12,7,5,0.00270939599647817,0.0433448346319828,0.18352659468232,0.0843807845834385,0.240452692482695,0.00541768512749514,0.970480108690117,0.107595856697369,0.413731525484822,0.0933736883099621,0.491225299136676,25,FALSE
KLF16,15,1,0.00157366005487963,0.036032680920859,0.217054317527551,0.157252954775607,0.278598890986658,0.00653310058285687,0.96990107979756,0.240965025439227,-0.11016001977773,0.209537449553002,0.0346312759873805,25,FALSE
ZNF815,12,6,0.000461062158400503,0.0242877735312646,0.482446000708464,0.0899904310126397,0.198265497478394,0.0147412675579475,0.969444730526732,0.00571886768028823,0.988146097859885,0.211502649325518,0.561603476834858,25,FALSE
KIAA1522,33,3,0.00402525047334045,0.0492160909802192,0.694649902215354,0.135461608900971,0.247389852205216,0.0215820762221134,0.968931002288657,-0.00174667904652494,1.00251447389679,0.000791840607110927,0.998860086779563,25,FALSE
TAP2,64,16,0.00398887974735324,0.0492160909802192,0.721609857017679,0.231792526728502,0.1985397255577,0.0225079742936191,0.968808665687243,-0.00827436445933024,1.01146653469165,0.0323830338874828,0.955123903072336,25,FALSE
MYO7A,29,10,0.00145947184592588,0.0349757795954495,0.457644892019522,0.165509661841194,0.252328444078258,0.0145667554340318,0.968170178039679,-0.0173409401579038,1.0378916938882,0.0688383049994246,0.849581397717232,25,FALSE
FIS1,10,2,0.00199368577159869,0.0392180495590006,0.524142811506003,0.0819141049268599,0.190110118120084,0.0170058491543055,0.967554932012817,-0.0146959144151591,1.02803799669203,0.0117534906382333,0.977575785873201,25,FALSE
MAST4,52,13,0.00323636765482535,0.0458788521200562,0.842710204316794,0.18959741870986,0.167262666269991,0.0274175412706253,0.967465041801822,0.0132599174876052,0.984265151389314,0.0178324475070485,0.97883916984071,25,FALSE
AMBRA1,22,5,0.00358452181185287,0.0472727659974581,0.501012969138654,0.158881327509268,0.16945903756029,0.0163084296897081,0.967449086761675,0.418140929122017,0.165408971666165,0.497195772509682,0.00761895771986543,25,FALSE
CCDC90A,5,3,0.000285229573728837,0.0196333353531129,0.477302996474914,0.0609767689193734,0.176522381790151,0.0157298710131983,0.967044265111742,0.0248676538000992,0.947899648684887,0.440374498731933,0.077369088431696,25,FALSE
PXN,28,12,0.000429854423197529,0.0237125729368321,0.45371513116363,0.121859791206354,0.216515844013187,0.0151078172071227,0.966701976263441,0.0483468415080269,0.893442298510007,0.0349749593426415,0.922914276072428,25,FALSE
SND1,81,6,0.000459590759649248,0.0242877735312646,0.359908766677866,0.284673296218603,0.155667109270072,0.0121065350516663,0.966362211280888,-0.0268234959035737,1.07452859831998,-0.0129856533956485,1.03608040314081,25,FALSE
CRKL,5,3,0.00262055163951655,0.0430827289355634,0.183946936772487,0.0555879070080832,0.147207920424752,0.00627009763396199,0.965913552332121,0.136352236561121,0.258741466677604,0.121055011327387,0.341902542921316,25,FALSE
EHMT1,48,4,0.000671013196881243,0.0269054095584087,0.895578695223574,0.218925513710405,0.16946397054867,0.0306262665370822,0.965802819226917,-0.0162079297169831,1.01809771693255,0.0118196847542009,0.986802181854884,25,FALSE
PPAPDC1A,18,9,0.00285152510582367,0.0440720760663499,0.408539006881275,0.182644948452374,0.372135703260094,0.0140473067378499,0.96561575149192,0.065496245861366,0.839681781278722,0.110637446735991,0.729187556457385,25,FALSE
WDR66,12,7,0.0032579283869998,0.0458788521200562,0.412532110916504,0.107130767495715,0.209487917080038,0.0143550472874564,0.965202594155484,0.0184779622098338,0.955208426881529,0.0116556067628232,0.97174618301366,25,FALSE
C10orf105,18,14,0.000181533009994447,0.017549675898727,0.474015796344654,0.115525251872864,0.377437076536284,0.016544235332216,0.965097713072442,0.0766709113845703,0.838252412734315,0.364215069887509,0.231639382703842,25,FALSE
DCTN1,14,10,0.00349656339700901,0.0469484569673772,0.478885079883263,0.115398962334325,0.238963166389135,0.0168269741581413,0.964862187474617,-0.000660938109466757,1.00138016016207,0.0467224674661064,0.902434906768246,25,FALSE
PTAFR,12,10,0.00357914566107962,0.0472727659974581,0.363862630949822,0.0943827047776769,0.228592577221613,0.0129661411162053,0.964365285101252,0.00692063511531182,0.980980088289786,0.00156596518325583,0.995696273675678,25,FALSE
AKIRIN1,7,3,0.000711605265112086,0.0275580207106006,0.21000158297099,0.130849026170511,0.184963050683237,0.0077592365333686,0.963051533118965,0.00400260364830927,0.980940126299609,0.000888794758084793,0.995767675912197,25,FALSE
ZMAT3,6,3,0.00148442907057645,0.0353347934956853,0.334546341435559,0.0715209598233969,0.120813408567845,0.0124556956386396,0.96276839978225,0.021844933180467,0.934702818489274,0.00961342221970446,0.971264303239866,25,FALSE
MATN2,22,9,0.000532498196247335,0.0248285029431898,0.489949935953663,0.171515387612417,0.302031282271423,0.0182922815624275,0.96266499856394,0.0335019020832003,0.931621784952394,0.114204792731868,0.76690517877184,25,FALSE
TMPRSS3,9,8,0.00270414351745143,0.0433448346319828,0.311790272966703,0.0813888653680441,0.277079985076748,0.0117313378998239,0.962374265918563,0.03742182588876,0.879977571036168,0.225876170794722,0.275550937989511,25,FALSE
ROR1,41,1,0.00122353468420664,0.0327165617646729,1.22975835600112,0.21655421461183,0.338727630150843,0.0468989125523573,0.961863310524792,-0.0127202611265252,1.01034370782231,0.0345450480210737,0.971909076403102,25,FALSE
DAPL1,5,3,0.00344785263050708,0.0467566796484773,0.262518744111501,0.0613942675946531,0.442135318576028,0.0102080244401895,0.961115064470011,-0.0106707528508103,1.04064758456363,0.0982527451031838,0.625730553314499,25,FALSE
PRSS3,6,4,0.00393392328858748,0.0490823272676204,0.651221759302916,0.0506056034811752,0.296740458597998,0.0255054524413813,0.96083445911162,0.010243400476428,0.984270488001825,0.027890075086518,0.957172691655186,25,FALSE
TRIM27,81,18,0.000269241479395558,0.0193997669439353,0.740715798400134,0.242328000508604,0.166843791805725,0.0291451007953639,0.960652789020682,-0.00986953522706457,1.01332432121521,0.011426371068185,0.98457387962716,25,FALSE
HSPD1,13,11,0.00402880537255309,0.0492160909802192,0.280089112663847,0.0957406568648695,0.213462931739224,0.0110429404596109,0.960573474796701,0.0378688079510999,0.864797286867238,0.0718232033659492,0.743570170640125,25,FALSE
COL9A1,19,10,0.000124867276099715,0.0144003320015542,0.614872997717219,0.102455832758055,0.313115560170066,0.0243026933144326,0.960475263339488,0.00779485758993361,0.987322816876212,0.0245923145263846,0.96000423726902,25,FALSE
TMEM90A,12,11,0.00134750993339817,0.0338661268428841,0.2468434129868,0.104367739161908,0.352825083026304,0.00980117257809069,0.960293967501516,0.00273325499626324,0.988927170617231,0.0326315813504704,0.867804528564773,25,FALSE
FHL3,15,11,0.00122298678390254,0.0327165617646729,0.682446873886469,0.123419515758385,0.23130030745296,0.0273528691014986,0.959919416223967,0.0568170207600667,0.916745137337212,0.101686520996641,0.850997161995121,25,FALSE
PHACTR1,47,10,0.00349810007625814,0.0469484569673772,0.968217485439115,0.202089177924132,0.26656465006572,0.0388370500439197,0.959888092677539,0.0454677288850852,0.953039756491834,0.0344694226014089,0.964399090989587,25,FALSE
ANO2,20,4,0.00016972202078902,0.0169933389030229,0.93049796985523,0.134420117015703,0.388202265778337,0.0376352034197056,0.959553696365871,0.301688018302122,0.675777886598657,0.498889111215145,0.463847179276744,25,FALSE
DNAJA3,6,4,0.0032385147318725,0.0458788521200562,0.257369334515235,0.0556620136559611,0.129869297291,0.0104566728700064,0.959370944911903,-0.0141529456333383,1.05499080012775,0.0371265600191827,0.8557459843104,25,FALSE
HMGA1,12,11,0.000814195025525355,0.0289730615025021,0.519428756092689,0.0750603051808055,0.236435890763492,0.0213733537710756,0.95885219383722,0.0293559603030223,0.943484144921342,0.14390904451908,0.722947482535218,25,FALSE
TMED8,6,3,0.00403055796384815,0.0492160909802192,0.359511645006865,0.0483178912957841,0.134654830818889,0.0148722315116041,0.95863212856062,0.131192967056228,0.635080062417107,0.13858681114984,0.614513707484515,25,FALSE
TSPAN10,6,3,0.00277379836754085,0.0437365247763649,0.43053315876203,0.0527637576161104,0.245392256458142,0.0180766292764793,0.95801338663796,0.229536577942083,0.466855053389847,0.318325445421154,0.260625020529248,25,FALSE
LAP3,7,3,0.000722153097202445,0.0276718800664789,0.203399056717599,0.0763718343281431,0.168559133159834,0.0090442703438447,0.955534354535371,0.0697542766417046,0.657057029824125,0.0801313127621754,0.606038916525407,25,FALSE
C1S,12,9,0.00219671070539122,0.0402638281917318,0.492875068732546,0.0888344907952602,0.249780526008315,0.0219631077117013,0.955438793509721,0.0102938472231749,0.979114692797008,0.000688562490963908,0.998602967496947,25,FALSE
TBC1D16,92,17,0.000335117236372498,0.0211691236979912,1.05110070734182,0.366399738081071,0.207462971742844,0.0468699775608781,0.955408670897568,-0.00760485272145821,1.00723513234112,0.105374681400065,0.899748253745778,25,FALSE
RERE,81,48,0.000335847247398008,0.0211691236979912,0.894153440343902,0.358645978303686,0.160327766185191,0.0398860749398026,0.955392359811911,0.193587076680122,0.783496804971565,0.466437247723711,0.478347645182337,25,FALSE
WDR51A,14,9,0.00379689076923037,0.0480959845189165,0.108706364076919,0.124939203610539,0.138565910445963,0.00490263370646646,0.954900214462169,0.00843403665765345,0.922414508761551,-0.00380542399558544,1.03500645089089,25,FALSE
SNHG3-RCC1,18,13,0.00137569097006613,0.0340316142956075,0.459214535925477,0.11500888310354,0.155064426949283,0.0207229156001502,0.954873127963194,-0.0123080247718604,1.02680234140902,-0.0070352160193468,1.01532010742031,25,FALSE
C3orf59,32,10,0.000806723489823852,0.0289730615025021,0.566639888507246,0.136126052114976,0.258878896047085,0.0259984482426795,0.95411821728405,0.0801610737274434,0.858532596533895,0.205196671641627,0.637871113905878,25,FALSE
ITSN1,11,8,0.00191630599391644,0.0389906849529557,0.293149069023076,0.112833045880829,0.180131871296263,0.013474850256142,0.954034135939619,0.124493621065818,0.575323157325059,0.289322977179306,0.0130516936537485,25,FALSE
P4HA2,12,9,0.000480862283351489,0.0248285029431898,0.616892519535655,0.0801430644719334,0.253735519370989,0.0284168807634894,0.953935442782028,0.0360671603012517,0.941534126028307,0.0209213292721209,0.966085941051986,25,FALSE
CLIP2,30,9,0.00233895962941129,0.0412630273513495,0.665574212851653,0.186768217705577,0.311758289446071,0.0308007947840751,0.953722974554394,-0.0196161779283759,1.02947256301342,0.027491109578127,0.958695650992335,25,FALSE
ABHD14A,10,6,0.000345732235381155,0.0214009078315897,0.352874297477145,0.0948065494806313,0.144979327990719,0.0165234701919201,0.95317462816064,0.00212266517000912,0.993984642165255,0.14909779203586,0.577476191658542,25,FALSE
NFATC2,26,12,0.000354911539482892,0.0216771164308969,0.92569000324198,0.128671456724554,0.232662485365086,0.0434522766784091,0.953059580932894,0.0662122697086915,0.92847252376411,0.0577098444318357,0.937657483358659,25,FALSE
NWD1,10,4,0.000210853115097725,0.0179601264200538,0.615034903745419,0.0754873909986557,0.30425026544801,0.0289981503299527,0.952851211933891,0.0916954598289462,0.850910152788822,0.298691578340643,0.514350199441234,25,FALSE
BTBD16,9,5,0.00278387720795982,0.0437807754920468,0.364678314428159,0.100074958194627,0.290599639838648,0.0172327415057697,0.952745362627905,0.0155437817531811,0.957376731387073,0.0064770566115142,0.9822389861002,25,FALSE
ARF3,9,6,0.00303514555464198,0.0449390104036227,0.231354711474156,0.0917090516228732,0.16389623697085,0.0109434614691533,0.952698341868971,0.0644619569948595,0.721371756018635,0.106533411374106,0.539523484543315,25,FALSE
TULP2,7,6,0.00373511268809426,0.0476455557293372,0.446705676099606,0.0570233630695934,0.25805879482438,0.0211817022297254,0.952582419783262,0.0495067532033727,0.889173664333887,0.170352763171197,0.618646522115803,25,FALSE
CLN6,7,4,0.00182667025428521,0.0381104389546786,0.457648951807017,0.0746821749983138,0.204860531107799,0.0220525358308091,0.951813424364384,0.171997579585984,0.624171367798712,0.311230237453051,0.319936741416833,25,FALSE
GCLC,17,7,0.00174232055793867,0.0374052961198877,0.389682936276146,0.0918232828177321,0.293938537994946,0.018867820437176,0.951581609866013,-0.0131983948140528,1.03386957340287,0.0486111053443815,0.875254724240906,25,FALSE
PALM2,8,2,0.000462389393284642,0.0242877735312646,0.32658924445453,0.0845823225034467,0.324017469426702,0.0158560072458219,0.95144969555778,0.056812005553756,0.826044468645489,0.255279685576199,0.218346317550759,25,FALSE
SPRED2,25,9,0.00339382355839716,0.0466914219732638,0.562832783612882,0.151362295278397,0.160945182485182,0.0276472439032191,0.950878405259643,-0.0180575685699618,1.0320833631155,0.0137743021751125,0.975526830390558,25,FALSE
EPHB6,15,9,0.000990646043571166,0.0301945848251343,0.407554324557703,0.106654802194874,0.468243446973481,0.020024598473276,0.950866431131586,-0.0126119071610506,1.03094534004697,0.315196090707728,0.226615762083266,25,FALSE
SNED1,49,7,0.000176891107243859,0.0173506815614986,0.663961233560164,0.228076773980886,0.250983563183935,0.0326463794428795,0.950830895249969,-0.00519956375180248,1.00783112550702,0.0341496850005731,0.948566748667746,25,FALSE
SV2C,23,16,0.00292526365707942,0.0442526728411686,0.240573934153888,0.166171728832433,0.301844382288219,0.0118396902878329,0.950785647956942,0.0669015897803448,0.721908402023513,0.257471689253175,-0.0702393430889245,25,FALSE
MSI1,16,5,0.00207606865456703,0.0395582706876266,0.525204162130261,0.0994132733440177,0.328542518098446,0.025910402686605,0.950666037029275,0.173836290868007,0.669011970196664,0.217719587985267,0.585457230380309,25,FALSE
GTF3C5,6,5,0.00133305035867603,0.0337349024671478,0.190755062485636,0.0658890055294674,0.138546093099879,0.00951219772797145,0.950133969688549,0.0665912492141185,0.650907040964469,0.0760973782714817,0.601072824595616,25,FALSE
LOC338651,13,2,0.0027187517909058,0.043363370696214,0.438829232460451,0.0874579304615368,0.226984292895554,0.0219027527029995,0.950088209529265,-0.0149490845527466,1.03406583574419,0.0234887664137109,0.9464740161406,25,FALSE
DNMT3B,11,10,0.00123448224745163,0.0327165617646729,0.312296987037918,0.0853646751729531,0.182699838213241,0.0158004202839292,0.949405786992076,-0.009632259438278,1.03084326726824,0.271298953446177,0.131278991771904,25,FALSE
FMN2,33,11,0.00352056020619475,0.0470710379560943,0.697252272112247,0.141261060756397,0.376369067305018,0.0353180300215941,0.949346841259331,0.010025892474535,0.985620853634277,0.181588462673009,0.739565620743111,25,FALSE
ASTN1,20,8,0.00144987132312412,0.0349316205193286,0.496839949981565,0.117098298696386,0.353485407713629,0.0252071173259834,0.949265115804559,0.0174359901010843,0.964906223620441,0.249836917377541,0.497148090875521,25,FALSE
NTNG1,30,18,0.00407709309041062,0.0494967896137832,0.531369269814814,0.169060918114893,0.334716482849959,0.0271138340901503,0.948973650471734,0.118471087015899,0.777045655919871,0.270093387157518,0.49170303496917,25,FALSE
EBNA1BP2,7,2,0.0013995504456793,0.0342847581280828,0.355881894432555,0.0618833006977568,0.166890315135778,0.0183692167215415,0.948383952628917,0.121077182570968,0.659782685028069,0.222860176853837,0.373780514433919,25,FALSE
APH1B,8,5,0.00125837220985878,0.0327986242092075,0.230922936860507,0.0823379936169888,0.191967701214336,0.0119990020193142,0.948038933756665,-0.00783037147731375,1.0339090242995,-0.0129159951864371,1.05593205838292,25,FALSE
SLC4A8,12,4,0.00202018155113509,0.0392682574879791,0.42554589084584,0.0828473269166536,0.290534704297595,0.0221318343477066,0.947991897410368,-0.00877314193476676,1.02061620643858,0.172341124327941,0.595011659058943,25,FALSE
CD1D,13,6,0.000509147897694238,0.0248285029431898,0.453043586283492,0.0968424370454382,0.456971939286041,0.0240273087753027,0.946964686174218,0.0376310729441565,0.916937190849869,0.0298847940820055,0.934035499040693,25,FALSE
HMGN4,12,10,0.00221435727079818,0.040386391056988,0.742407130855222,0.116883278041624,0.22010861996913,0.0393931552238552,0.946938608767839,0.0228477921103887,0.969224713555662,0.036422108091974,0.950940519590622,25,FALSE
COL19A1,14,11,0.00132463463849989,0.0336232083974824,0.503864498998958,0.112975976632878,0.39668549657521,0.0269878249512027,0.946438328152072,0.0695684943629644,0.861930152846295,0.16932761624993,0.663942157889,25,FALSE
CDON,7,5,0.000408243878125126,0.0231560296858997,0.499603699618308,0.0704523408290983,0.214025195739909,0.0268071655153583,0.946343140501484,-0.0249104943423861,1.0498605081616,0.252572966054605,0.494453371246915,25,FALSE
NME1-NME2,25,8,0.000248622992767077,0.0189265754590512,0.530113394689473,0.135827677121506,0.195125261512243,0.0285523531772842,0.946139159162335,-0.0171387783610141,1.03233040050054,-0.00374560161378122,1.00706566114213,25,FALSE
FLJ44817,17,11,0.00120643768199042,0.0327165617646729,0.509040916698477,0.101415810514321,0.388791917763152,0.0274330403731255,0.946108378573868,0.0817336290006889,0.839436032901256,0.156834687167368,0.691901609433359,25,FALSE
SLC25A29,15,4,0.00125736790082479,0.0327986242092075,0.754853579307873,0.142551238730427,0.168593019862215,0.0408846964467833,0.945837580204269,0.0695630690620915,0.907845612753305,0.0602331009063294,0.92020558349666,25,FALSE
C6orf48,17,16,0.000898238928463667,0.0295355261295899,0.370110027418593,0.172886434473937,0.208095083023517,0.0205398545808234,0.944503382618183,-0.00381631347971318,1.01031129447189,0.133658354442904,0.638868594360624,25,FALSE
C19orf20,11,5,0.00372334261810923,0.0476455557293372,0.315744071894942,0.106930762535422,0.139782167341476,0.0175926030443565,0.944282079664159,-0.000856733419200176,1.00271337926967,0.101503040903808,0.678527484951226,25,FALSE
RBMS2,9,4,0.00347979937218662,0.0469474987216753,0.498187307814706,0.125293298798746,0.1470560345813,0.0279137310118198,0.943969405534912,0.349491173576014,0.298474352730796,0.417221875622951,0.16252006207647,25,FALSE
HIST2H2BA,5,2,0.0000800297942560928,0.012126052864303,0.435488809048158,0.0603201015845944,0.363212601758997,0.0244129382835327,0.94394129590404,0.230723744564915,0.470195927493052,0.376245977930834,0.13603755110679,25,FALSE
ZNRF3,15,3,0.0033678097049056,0.0465525836227215,0.327057611439483,0.140879258485884,0.231763034335136,0.0185120603310668,0.943398166917475,-0.0211541064189195,1.06468006149074,0.0645524200066201,0.8026267613143,25,FALSE
ANKH,29,11,0.0012559775030901,0.0327986242092075,0.642608845755325,0.14387004598487,0.240527373516384,0.0364126512797137,0.943336212191548,0.227710282720369,0.645647139430959,0.262177802699043,0.592010280544959,25,FALSE
ABCB5,7,3,0.0019770051269852,0.0391832852215716,0.428180854556332,0.0984199877683398,0.492651070152657,0.0243458376130802,0.943141227932046,0.00135244045530627,0.996841427072428,-0.00574948219063439,1.01342769563247,25,FALSE
EPO,11,8,0.000230926466142725,0.0183766563692857,0.512814571815374,0.0891304367525233,0.672067321083069,0.0300591205952258,0.941384035775707,0.0358782819531324,0.930036539667501,0.0300466758085665,0.941408303390832,25,FALSE
SH3GL2,6,4,0.00169416001205735,0.0371818572005567,0.234155376788097,0.0504608690754827,0.33807360576185,0.0137686722007997,0.941198564860375,0.0219678074579282,0.906182775901796,0.225223586906438,0.0381447140107393,25,FALSE
CCDC88C,63,5,0.000534132662631131,0.0248285029431898,0.537361127983496,0.223206533242756,0.159037049230897,0.0318173339642844,0.940789662096173,-0.0205000843084319,1.0381495483035,0.0228913203852499,0.957400490669744,25,FALSE
NME2,16,11,0.000159118715370929,0.0169150999052999,0.399784944916292,0.117654251166386,0.272581735244499,0.0237713175960047,0.940539737930897,-0.00255885940228394,1.0064005897041,0.190946582562303,0.522376755327083,25,FALSE
PPAN,17,5,0.00246292928800031,0.0420032815616212,0.18805305719516,0.110982421852043,0.285999675313853,0.0112898987129641,0.939964290496764,-0.0279415796814969,1.14858349073527,0.014779539277247,0.921407609651839,25,FALSE
ZNF792,11,10,0.00289532961379686,0.0441562308334457,0.290535062406606,0.0834086381679748,0.245058727523512,0.0174504291184153,0.939936925430387,0.0341148153345146,0.882579351862287,0.134975769310523,0.535423476283825,25,FALSE
ITPR3,25,1,0.0000708398901009876,0.0117504735601196,0.590467555426533,0.134058907975201,0.235047439849698,0.0358490094589539,0.939287079993654,-0.00841172119181149,1.01424586518684,0.0202057237833223,0.96578012864953,25,FALSE
ASAP3,16,1,0.00263595113613617,0.0431417394206115,0.394138243967811,0.103860964397268,0.285510175275902,0.0245350939838121,0.937750029693095,-0.0183346210225133,1.04651824912482,0.00506705528114433,0.987143964437112,25,FALSE
ABCE1,12,11,0.00233815820439269,0.0412630273513495,0.415115391380016,0.092588034086013,0.239342865146688,0.0260360102646758,0.937280065241327,0.0320634384946609,0.922760179071972,0.0149726637632789,0.963931321087605,25,FALSE
RAB3GAP1,6,3,0.000539529079954009,0.0248898369608927,0.337942041999247,0.0805114546604639,0.275167370031787,0.0214124104328514,0.93663880851824,0.258383353034387,0.235421105033855,0.33016871033586,0.0230019668976397,25,FALSE
HYDIN,20,7,0.003298343224844,0.046053577896809,0.600717345149492,0.122741288453765,0.424557605044648,0.0382673303129667,0.936297277543328,0.0706280053062256,0.882427224922814,0.237050159475338,0.605388188988705,25,FALSE
F2R,17,11,0.00217116405513023,0.0400196400709278,0.410685951050115,0.104405386861206,0.342831339951142,0.026206975067162,0.936187310522429,0.0637800343567305,0.844698767528701,0.0972464660705325,0.763209659785353,25,FALSE
LRAT,18,14,0.00291974609501221,0.0442526728411686,0.379993970216701,0.094893105194849,0.385727591765913,0.0245527118430469,0.93538657513685,0.0439542418442255,0.884329107066727,0.113455748332753,0.701427503525774,25,FALSE
NR2F2,43,34,0.00391559195945914,0.049050534125258,0.842127180526184,0.16022047286716,0.380982748198986,0.0550768122248467,0.934597987692983,0.0426958799823774,0.949299962084468,0.0602074552140703,0.928505507711494,25,FALSE
OBFC2B,13,7,0.00113557157055649,0.0319541728729092,0.337985183059181,0.0948523499533756,0.146835809011477,0.0221870089451718,0.934355084017731,-0.0193543642126995,1.05726394286731,0.0804164317813857,0.762071132664698,25,FALSE
PAX8,26,4,0.00354182244112507,0.0471342612141354,0.526667254362163,0.116769348789798,0.292504694045525,0.0346790347327959,0.934153804996297,0.0651900132978674,0.876221631859725,0.0554172733143902,0.894777446565374,25,FALSE
MEIS2,57,20,0.00321958806505979,0.0458208686873976,1.3123212090235,0.23460077094515,0.231110604658488,0.0864741855226432,0.934105930066475,0.0171892596089518,0.986901636969091,0.300161438877006,0.771274412991957,25,FALSE
BFAR,11,9,0.000021984595424593,0.00791442740899841,0.541716806091544,0.0909940597554849,0.19452873745347,0.0360861922334383,0.933385503592185,0.0290000013549347,0.946466491294283,0.00484034706282709,0.991064801740692,25,FALSE
CRYM,13,12,0.00084112883168403,0.0291949518274823,0.423556872210613,0.0971265285237205,0.157176687126728,0.0283264130794517,0.933122527485833,0.0473498413117492,0.888209011780112,0.0828705682144637,0.804346066250918,25,FALSE
SUFU,16,2,0.00282615916047338,0.0440720760663499,0.6756813714702,0.143899016967868,0.151213350599629,0.0452987479752188,0.932958418142187,0.000443288398164496,0.999343938701166,0.0256350719107885,0.962060413394246,25,FALSE
CADPS2,32,10,0.00400833181876951,0.0492160909802192,0.684588992185442,0.165723012227754,0.350553304805392,0.0459051005096526,0.93294502097805,0.0416457146458484,0.939166835690856,0.142811877092098,0.791390339718736,25,FALSE
CAB39,14,7,0.00293359604068987,0.0442873318488862,0.548862039721218,0.119296500760909,0.140170551005626,0.0369492830006807,0.932680199528012,-0.00748368443691435,1.01363490985953,0.136546852846074,0.751218260757421,25,FALSE
GTSE1,6,3,0.00312353174875998,0.045634596549582,0.263776217927683,0.0663803398750235,0.169197089038447,0.0183623805178241,0.930386519823184,-0.0223100842027111,1.08457958938826,0.0767232142632057,0.709135209891287,25,FALSE
FMNL1,23,9,0.00182119282765673,0.0381104389546786,0.641121198547158,0.141084207913717,0.266047628313466,0.0447116012158698,0.930260298182012,0.0213836170848928,0.966646529340552,0.0371798276941611,0.942008113632158,25,FALSE
ATP6V1D,7,4,0.00158975929471158,0.0360710766061355,0.275854527648061,0.0684819228640598,0.172028812168474,0.0194218625132793,0.929593823676304,-0.0158284398829053,1.05737966317921,-0.00856409981607746,1.03104571053843,25,FALSE
FAM71D,9,6,0.00266519509532272,0.0432970559918509,0.290511863216577,0.0621544733022853,0.281243165511092,0.0207382435580044,0.928614813424869,0.00488399126757551,0.983188324175476,0.0133677247357281,0.953985614949699,25,FALSE
DENND2C,8,7,0.000934963843628595,0.0297564688994128,0.361429530296335,0.0895691721133791,0.305126580281949,0.0258997287079045,0.928340861670408,0.0780220741257489,0.784129221367776,0.125774448775689,0.652008377199928,25,FALSE
KCNK4,25,15,0.0026608408725771,0.0432709292776779,0.29408533706044,0.146978699975591,0.358754440059694,0.0210882971432833,0.928291912292964,0.0689718268593692,0.765470024623519,0.221643514725265,0.246329256192353,25,FALSE
KIAA0556,22,0,0.00311696975947575,0.045634596549582,0.422421885368062,0.135276455318328,0.242325679897846,0.0303713093626354,0.92810195111891,,,,,25,FALSE
ARHGEF10L,49,19,0.00231114071068616,0.0410585742040503,0.854975326550011,0.220127599429174,0.340171467060624,0.0625661940197616,0.926821053103102,-0.00509345499746,1.00595742922549,0.225748362371441,0.735959207989804,25,FALSE
ANAPC10,11,11,0.00214331168735997,0.0399399581202884,0.434324887766275,0.0900439885357406,0.262445638927459,0.0320634384946609,0.926176373038251,0.0320634384946609,0.926176373038251,,,25,FALSE
DPP6,76,17,0.00159318881316603,0.0360710766061355,0.69470365543503,0.32694384253418,0.416982953242555,0.0514161272295403,0.925988402641493,0.0141299152830069,0.979660513986847,0.245143091734994,0.647125663126843,25,FALSE
GPC6,49,8,0.00110957670861422,0.031560847968128,0.456396988710231,0.255249265131783,0.438255888570797,0.0340354074058799,0.925425872107388,0.0220496424736499,0.951687581164894,0.0636479470670081,0.86054257884813,25,FALSE
SPATA13,35,24,0.000502272258604986,0.0248285029431898,0.835834318593834,0.177510484501282,0.181488380046529,0.0623318286053382,0.925425616992848,0.03966451685947,0.952545000872662,0.416942821533347,0.501165706817601,25,FALSE
SEC14L2,6,3,0.000289698664947478,0.0197028602902187,0.339409506772908,0.0704005529678299,0.188827915937383,0.0253919567846355,0.925187844541948,0.042583014480641,0.874537944191609,0.0330930531072108,0.902498155040328,25,FALSE
TMEM116,6,6,0.00317842783419324,0.0457042316124032,0.257274829865444,0.0599035757637463,0.217533957196547,0.0192791051950502,0.925064161134094,0.0192791051950502,0.925064161134094,,,25,FALSE
PLEKHM3,23,6,0.00282608152501771,0.0440720760663499,0.494016500213609,0.114470055568277,0.168204104563591,0.0370309235278632,0.925041120060056,-0.00973520139913042,1.01970622721087,0.0453168082362727,0.908268634313473,25,FALSE
CLDN14,21,20,0.00336084254840525,0.0465519744287578,0.49202706410535,0.168532821171283,0.32343161943492,0.0371418599477066,0.924512567179122,0.0384359400851987,0.921882467674646,-0.000489190028783647,1.00099423398522,25,FALSE
HGS,34,1,0.0000150016093262745,0.00638906377739011,0.862638201915665,0.156769964025062,0.313885632719182,0.0652319440095172,0.924380877331127,0.0852903003582866,0.901128537817034,0.131753570560617,0.847266710113196,25,FALSE
REST,9,9,0.0024635674506984,0.0420032815616212,0.432878460246505,0.0936194281589954,0.278924345182072,0.0327376831971992,0.924372113182632,0.0327376831971992,0.924372113182632,,,25,FALSE
CCDC121,14,12,0.00405120651866212,0.0493727086783277,0.462342529378378,0.0951621290283546,0.244522343222159,0.0357982588245077,0.922571996842604,0.0374706396765804,0.918954806673399,0.0207685043116789,0.955079831527499,25,FALSE
CSRP3,7,5,0.0023428473205112,0.0412630273513495,0.376484736147952,0.0551366854977335,0.306427974924576,0.0294125155942891,0.921875941385495,0.016738557705008,0.95553987692497,0.0224328275698865,0.940415040993665,25,FALSE
CASP7,14,12,0.00111808166945007,0.0317060175624477,0.202128404613419,0.127802050245216,0.153184403198875,0.0159666680053316,0.921007302086668,-0.00487018595008324,1.02409451536214,0.0255194607897774,0.873746290935286,25,FALSE
EARS2,9,8,0.000447750025702873,0.0239987921939656,0.328342280375518,0.0947422931294672,0.171353402502997,0.0259619768377657,0.920930143970269,-0.0235843731203795,1.0718286207107,0.273383854619889,0.167381507166164,25,FALSE
KCNN1,24,12,0.00324736179376796,0.0458788521200562,0.635677620785954,0.127344698494763,0.262929418243063,0.0508827135820329,0.919955159788194,-0.0045248362809587,1.00711813053189,0.462856621925871,0.271868936720482,25,FALSE
GABPB2,10,9,0.00408225108453756,0.0495212568053448,0.259102868289282,0.074840511109127,0.400096952787853,0.020775698745467,0.91981679368261,0.0543652708558001,0.790178815021443,0.109495020064231,0.577407148029012,25,FALSE
GPR123,67,12,0.00123017622800416,0.0327165617646729,0.78401640832569,0.234531230039946,0.450243320339877,0.0631543250049173,0.91944769990237,-0.00193216472407352,1.0024644442432,0.275959467773458,0.648018249563444,25,FALSE
ADAMTS13,10,2,0.00310525085029084,0.0456299691646128,0.433491496212167,0.0761527336380424,0.163498626282731,0.035235832212065,0.91871620892231,0.0276777164168049,0.936151650819793,0.18582475920627,0.571330093369766,25,FALSE
VPS52,90,17,0.000000012947938389824,0.000068011204382282,0.718520363326021,0.285252751336946,0.18690207706801,0.0588130528025585,0.91814699234088,0.0650902235229324,0.909410746242973,0.0791067258341247,0.889903293112055,25,FALSE
CHST6,17,14,0.000194935926330912,0.0177560712550434,0.501351778048131,0.132992835583718,0.283210015006058,0.0410628264354522,0.918095779782973,0.048363453250021,0.903533895026143,0.032946892545293,0.93428388212053,25,FALSE
DCLK1,30,9,0.000301245511936757,0.0200296488485207,0.307194022370098,0.199821845085288,0.300755025163354,0.025335127544213,0.917527276902251,-0.0326020928800292,1.10612866952454,-0.0188009896945365,1.06120232922985,25,FALSE
TSSC1,82,12,0.00351242680376153,0.0470356334352628,0.505589058083793,0.250959579922188,0.183643027944671,0.0418589536766216,0.917207556201337,0.0374864591057334,0.925855873448273,0.0699693534981034,0.861608252039135,25,FALSE
VARS,67,6,0.0000275952459227039,0.00811368296626401,1.17437907141991,0.225979406192733,0.247960829139556,0.0972528076098984,0.917187891050959,-0.00145181819334277,1.00123624324434,0.161524472849362,0.862459680370438,25,FALSE
CDH23,81,11,0.000816898544975013,0.0289925389002618,0.333716238385511,0.289516187366586,0.256103462641842,0.0277069466088965,0.916974532785878,0.0166445604400662,0.950123612442142,0.149490246587066,0.552043834275833,25,FALSE
WDR65,8,6,0.00159948622363348,0.0361242059406545,0.404564467817446,0.0591397222815672,0.168420599685628,0.0341843955830572,0.915503218145983,0.00876705316596157,0.978329651110345,0.0245316780318692,0.939362746896154,25,FALSE
NAIF1,7,5,0.00406405144872772,0.0494711130475726,0.23705950880397,0.117743307404577,0.180008382834243,0.0200337594675865,0.915490588972101,0.00768852926893582,0.967567091876101,0.0333158380899236,0.859462131436908,25,FALSE
SRGAP3,43,9,0.00122639806778017,0.0327165617646729,0.777342435719698,0.197559240761304,0.323922663583905,0.065725290281533,0.91544872985008,0.0837267866929682,0.892290986770264,0.220597450815957,0.716215864875924,25,FALSE
LDHB,12,10,0.00095442601692853,0.0299002886178127,0.542831424574132,0.119163184645594,0.45383727898668,0.0460605652038018,0.915147570463634,0.0414003514649436,0.923732581441055,0.0311181365560377,0.942674401025234,25,FALSE
RPL28,7,4,0.00321230449527409,0.0458094970466327,0.299083998516257,0.092090608333592,0.162705603126764,0.0257050110951478,0.914054208106521,-0.00162795178542325,1.00544312565533,0.126087569799635,0.578420876993922,25,FALSE
RDH12,5,2,0.000650633171171508,0.0267664664127788,0.370892834447968,0.0558181425398655,0.143409213093619,0.0319045591161429,0.913979036117995,0.000507673728477674,0.998631211818278,0.0179707853221677,0.951547229676423,25,FALSE
TAX1BP1,6,5,0.00295584362544135,0.0444872816138537,0.282131409557409,0.0825463798201966,0.22402315113478,0.0243185111368358,0.91380431134915,0.0800299311078296,0.716338102044803,0.113313618638299,0.598365815362214,25,FALSE
PRM2,7,6,0.000942281887346553,0.0297564688994128,0.281318404157673,0.0731237879234293,0.415746335658319,0.0242672374382149,0.913737469431209,0.0109154368425913,0.961198994871045,0.0677238185819962,0.759262751454973,25,FALSE
CACNB3,10,6,0.00355847145688098,0.0472006676915239,0.227657992756006,0.0954768614711413,0.195816689659426,0.019743080628495,0.913277454529546,-0.0165936640869581,1.0728885636128,0.025774325743474,0.886784885382444,25,FALSE
ETV6,31,3,0.00332790980761354,0.0463035148511052,0.564074917047409,0.162128913030165,0.154999326638355,0.0489366832356104,0.913244355037511,-0.0163732330583716,1.02902669940382,0.0202209314278399,0.964152046445028,25,FALSE
NRXN2,70,24,0.00119358197993458,0.0327165617646729,0.436674814447596,0.284135812914046,0.306460588768163,0.0383807197340026,0.912106861984804,-0.000757125805258241,1.00173384353805,0.0113343882104594,0.974043870094048,25,FALSE
SLC22A5,8,4,0.000932890016221954,0.0297564688994128,0.61470918032963,0.0794676397445377,0.217479789705833,0.054160672265377,0.911892202038801,0.165848180347458,0.73020057995795,0.146943560054906,0.760954342708679,25,FALSE
PPARGC1A,14,5,0.00170779937254345,0.03732516387354,0.360256775814972,0.109332794581125,0.308919037352971,0.0317865661574321,0.911766916567982,0.146554020947042,0.593195657137861,0.169903000429279,0.528383609038512,25,FALSE
ZNF624,7,6,0.00297698956060782,0.044677525234341,0.193325989064581,0.0610810964543746,0.188195542008949,0.0170630696817819,0.911739390216791,0.0337452643372719,0.825448898513075,0.0489508912768906,0.746796116167608,25,FALSE
SLC19A3,15,10,0.00209728770716066,0.0396747415239348,0.372765845163593,0.13588414670183,0.343725972927992,0.033147285090676,0.911077461841685,0.104687167368506,0.719161053173844,0.350414034844605,0.0599620662917196,25,FALSE
CGN,8,4,0.00038616010322218,0.0225374478021301,0.403961679032361,0.0886466188768505,0.152982848410693,0.0359332839392668,0.911047790410862,-0.0197176721223323,1.04881074900363,0.0302737456657077,0.925057877424847,25,FALSE
CTBP2,74,46,0.00150481903404649,0.0355987045160122,0.453348083743972,0.198568136384346,0.227147740028321,0.0404267257387886,0.910826300610064,0.0566069345551031,0.875135824800195,0.0317095085900782,0.930054830433592,25,FALSE
KIAA1045,6,4,0.00128917256735358,0.0331940871182315,0.37731122764603,0.0442549725098425,0.250497560797818,0.0337598117707388,0.910525292392279,-0.00387869956908202,1.01027984137467,0.343563928221586,0.0894415457366226,25,FALSE
ZNF609,16,4,0.000587998078953256,0.0260666109361366,0.36043865342276,0.093689947213427,0.16402852328915,0.0323489904657561,0.910251050605791,0.0129715082852835,0.964011883403445,0.136319290672866,0.621796138182283,25,FALSE
NPAS1,13,6,0.000834242864312688,0.0290840687076092,0.419334718374293,0.106515925742854,0.359913040951336,0.0378310485142012,0.9097831711601,0.0495543929553199,0.88182616229003,0.0340626939863065,0.918769678507987,25,FALSE
CAMK1G,8,6,0.00105065394001396,0.0310041288141197,0.412937707591559,0.0608179401020247,0.293527795092711,0.0372826550272373,0.909713609724123,0.0874713765378898,0.788172949745707,0.204649564798098,0.50440572261684,25,FALSE
NCRNA00202,6,3,0.000888581548278455,0.0295355261295899,0.311128014850859,0.0836428201682052,0.389569220452807,0.0282111923362252,0.909326094116763,0.179817995807045,0.422044987195249,0.213982061620735,0.312237884707013,25,FALSE
ARHGDIB,9,8,0.00193270035199084,0.0390256713815937,0.353792234643335,0.100064893686694,0.513262388201722,0.032221900175154,0.908924230042422,0.0456745328943678,0.87090012605728,0.0434962450712064,0.877057095062994,25,FALSE
LOC285768,14,3,0.00165964591946233,0.0366284319312149,0.226496855682476,0.0969012808793173,0.599297280207293,0.0206304426946577,0.908915103335565,0.0707175119128874,0.687777070018024,0.0893454603628159,0.605533330281332,25,FALSE
HRNBP3,127,108,0.00300843236578364,0.04478198191885,0.854741623015837,0.491285470740111,0.427380152915296,0.078636676317884,0.907999477034445,0.0753138601389468,0.911886986533764,0.071794000706968,0.916005025643126,25,FALSE
BEND5,13,7,0.000229730549367731,0.0183766563692857,0.231600808684962,0.121420502925855,0.461166065616274,0.0213179543822143,0.907953886243927,0.148399091897938,0.359246227417969,0.208883086925033,0.098089993247089,25,FALSE
RRM2,10,5,0.000387745080283955,0.0225464464026368,0.48218185498062,0.0940024895507768,0.158555828182609,0.0444124420549181,0.907892755407183,-0.00220779844844723,1.00457876717185,0.0308865693213936,0.935944148452797,25,FALSE
BRCA2,12,10,0.00404114908734287,0.0492882564383506,0.408966654529698,0.0649876341463435,0.237638608382512,0.0376821057468953,0.907860200019904,-0.00579601276287982,1.01417233580949,0.0926253777104565,0.773513618568796,25,FALSE
MAN1C1,32,4,0.000619747920868082,0.0266272150289502,0.729595202774793,0.191954633949789,0.257075686669558,0.0673613488858618,0.907672982731145,-0.0183231488676818,1.02511413013407,0.100441471083291,0.862332604845409,25,FALSE
CAST,25,21,0.0000231034179980915,0.00791442740899841,0.698836735899574,0.133044306940413,0.242279853771755,0.0651372545971826,0.906791885355977,0.051341028081786,0.926533587253827,0.0689302355972835,0.90136432151273,25,FALSE
CA7,17,14,0.000908392803991391,0.0295355261295899,0.412339233411551,0.136911908175503,0.363663630907693,0.0386002342468416,0.906387190160207,0.0687954068769423,0.833158231614894,0.284470629624531,0.310105353616438,25,FALSE
GAS7,51,18,0.00291136181879148,0.044240346712166,0.736115773583185,0.207140692507916,0.408732591512879,0.0689377110736176,0.906349363038303,-0.0142275146296357,1.01932782198156,0.211006338960468,0.713351694756717,25,FALSE
AGBL4,36,12,0.000636176905941408,0.0267664664127788,0.323572944094246,0.197868830211911,0.439510477014714,0.0304515972577661,0.905889544186066,0.108911487631548,0.663409782494592,0.131870413343385,0.592455377526944,25,FALSE
ISG20L2,9,6,0.000941752923573962,0.0297564688994128,0.563871653935079,0.0632929464255219,0.303111335904057,0.0531269003699828,0.90578192750207,0.138756985128962,0.753920978008698,0.317585468401565,0.436777028628345,25,FALSE
SKI,94,4,0.00364753149917824,0.0474630894831137,0.869734345694022,0.265409620693518,0.205524766053253,0.0825652494675718,0.905068427070467,0.0163004752623335,0.981258098702166,0.078100640198486,0.910201729315215,25,FALSE
SLC4A4,26,15,0.0000554844771547223,0.0112462694777544,0.580009176059353,0.175121685660529,0.218111814211001,0.0553907329008978,0.904500247259486,-0.00388051641397211,1.00669043969328,0.200379281298038,0.654523946225408,25,FALSE
LOC100128977,21,6,0.00319672155955297,0.0457347643819384,0.233628874532538,0.172605122306966,0.385413014924644,0.0223253667826034,0.904440892302915,-0.0054404505417971,1.02328672152654,0.198697940912278,0.149514625236936,25,FALSE
ME2,5,4,0.000827698336431952,0.0290390889635771,0.79496017969424,0.062666197773381,0.159486260286297,0.0766309917825051,0.903603987042497,0.0529178181315879,0.933433372534532,0.080977205265509,0.898136777999805,25,FALSE
GATA6,25,8,0.0017800062644142,0.0378023432811845,0.426522871764008,0.13928931999782,0.270394627591279,0.0411866188003611,0.903436318361963,-0.00697138759226623,1.01634469814815,0.0237259941510759,0.944373453988645,25,FALSE
C14orf132,17,7,0.0000293601667146448,0.00811368296626401,0.539163508901718,0.132386351429879,0.496473432722975,0.0520750577004144,0.903415092378021,0.170680827221097,0.683434015093536,0.271069805409074,0.497240074794293,25,FALSE
HRK,25,12,0.00150303866730581,0.0355987045160122,0.676760371080692,0.149671043799375,0.333214925198325,0.0655210301991409,0.903184298314464,0.0985109891375057,0.854437414856019,0.0926614412919934,0.863080869903736,25,FALSE
PDE11A,22,14,0.00284244337669485,0.0440720760663499,0.129113810242022,0.1188148395279,0.268315731497498,0.0125215382591081,0.903019373096986,-0.00682707942525128,1.05287644607849,0.17253986545386,-0.336339351541377,25,FALSE
ZNF167,15,4,0.00198599928387239,0.0392180495590006,0.312449295669667,0.13176553815171,0.30037297870399,0.030317316864365,0.902968842354448,0.262180423231639,0.160886496256257,0.30173023622765,0.0343065565855817,25,FALSE
RHBDF1,18,8,0.00197662676535074,0.0391832852215716,0.630147551859502,0.111145652442127,0.249989904572554,0.0612688461400342,0.902770635291312,0.00713844050825203,0.988671795221314,0.0499069021303275,0.920801244116466,25,FALSE
HELLS,11,6,0.00276170751588191,0.0436061994341354,0.50164219331806,0.0550251635412975,0.257714810116144,0.0487949963305646,0.902729481330477,0.00600114410565582,0.988037002896503,0.0610373787508972,0.878324870666935,25,FALSE
SLC22A18AS,25,20,0.0000406908210253008,0.00942949937818662,0.591177490159077,0.157233271399327,0.231056269905884,0.0580786283342406,0.901757713544519,0.0265232069235344,0.955134951237069,0.0987980993972718,0.832879125064984,25,FALSE
DOCK3,14,4,0.0000327201487934939,0.00831543858323538,0.435078817733693,0.0923572756479244,0.217252651080213,0.0427623224540069,0.901713618978846,0.00861167528265259,0.980206631691448,0.163622818547751,0.623923730876958,25,FALSE
NDOR1,9,1,0.00118082638752659,0.0325874995002522,0.338465647485379,0.104888102275467,0.264986066834052,0.0333467755258615,0.901476632049337,-0.0241401676618816,1.07132235676273,0.0131289019146109,0.961210533440685,25,FALSE
KLHDC8A,18,14,0.00325374998621069,0.0458788521200562,0.455107728971065,0.148430819416215,0.292580037828715,0.0452659670082154,0.900537907561897,0.0380329194091546,0.916430952523831,0.021886311099421,0.951909603581326,25,FALSE
RAB11A,9,5,0.000127804978765722,0.0144003320015542,0.337867184326699,0.0889534512962411,0.328232000560208,0.0336175431199741,0.90050071543063,0.0600698105159842,0.822208804812781,0.0334527666250556,0.900988411491574,25,FALSE
RPL22L1,5,3,0.00173293369554635,0.0373536404979803,0.404376552845778,0.0633148146954999,0.115519818620589,0.0402680037433568,0.900419538521774,-0.00465339755736519,1.01150758500862,0.08360931899504,0.793238954121737,25,FALSE
HSPA7,7,2,0.00201248263160077,0.0392682574879791,0.363111280571846,0.0728528764624093,0.301141856171978,0.0361600814346323,0.900415978876543,0.13113786866417,0.638849367451083,0.163493430789406,0.54974290379542,25,FALSE
SCTR,8,2,0.000183164726492301,0.017599449756498,0.478529651191687,0.0764265412939072,0.30318667648203,0.0477413528387688,0.900233240051316,0.0201628276743195,0.957865040078273,0.238021476957023,0.502598268750378,25,FALSE
LASP1,21,5,0.00137943190184807,0.0340706707042663,0.549807684361738,0.107931631576568,0.184739002696154,0.0551682183694317,0.899659062725768,-0.0124616314770188,1.02266543708185,0.0429925342579444,0.921804413650832,25,FALSE
SUMF2,8,4,0.0019250382595126,0.0389906849529557,0.438024883764411,0.0860110927939974,0.338075929650154,0.0439633500869283,0.899632756684724,-0.0117775034100286,1.02688774963836,0.153054559103713,0.650580218666225,25,FALSE
FLJ23834,16,4,0.00257048223401963,0.0428631312631548,0.752146785477035,0.11307045615742,0.227130312259785,0.0758256461009391,0.899187701702603,0.0275662959145977,0.963349845473162,0.0910666995284542,0.878924298704944,25,FALSE
UNKL,48,22,0.000498199944211066,0.0248285029431898,0.704648259930586,0.245078550187023,0.232232218478929,0.0712254777909611,0.898920522704509,0.125371611260845,0.822079158652581,0.115703996410126,0.835798932617071,25,FALSE
ATF7,11,7,0.0000831813405167728,0.0122889005926055,0.654823411793281,0.104138231730032,0.146371308804684,0.0663352839235556,0.898697446168133,0.00784119397823634,0.988025483150087,0.0600268078909968,0.908331304577811,25,FALSE
ZNF662,10,9,0.0000106533144297689,0.00618405103817458,0.387948604895314,0.0911356025639945,0.374899208656149,0.039478389798685,0.89823809313778,0.105130105378918,0.729010224415456,0.494348391983498,-0.274262584645445,25,FALSE
PANK4,42,12,0.000580170829097987,0.0259725338776309,1.08869657063944,0.213052141191909,0.215769898026628,0.111407707216888,0.897668725867803,0.19093248251406,0.824622867690382,0.207150111626363,0.809726495689525,25,FALSE
RNF212,14,4,0.000883564705277933,0.0295355261295899,0.2965233921732,0.115731126354536,0.299708564830205,0.0305027639378565,0.897132014731439,-0.0115087914837734,1.03881242353066,0.0466204555185436,0.842776466379717,25,FALSE
PDCD7,7,5,0.000873541332256698,0.0295355261295899,0.280364742863278,0.0857911832076407,0.276086644656916,0.0291025619224867,0.896197497498183,0.110911751283737,0.604401929604167,0.158479349162385,0.434738663842376,25,FALSE
CELSR3,46,27,0.000379886107072148,0.0225374478021301,0.962911834909108,0.215041507507674,0.214223469673602,0.100103064767955,0.89604129771922,0.169997874867833,0.823454371724614,0.185523164268651,0.807331099751035,25,FALSE
FAM131B,17,14,0.0015910280193572,0.0360710766061355,0.276269255182869,0.11649078746356,0.390429950367405,0.0287239350593841,0.896029201510783,0.0487005059866568,0.823720862625771,0.144755984703803,0.476032957022359,25,FALSE
PPP1R16B,20,17,0.00161824580536172,0.0361515123622035,0.483039163748047,0.13602487530016,0.330656319581519,0.0503890320570483,0.895683340319521,0.11031212315318,0.771629028385122,0.27817433828897,0.424116388140184,25,FALSE
RPS15A,5,3,0.00248350163396597,0.0420032815616212,0.303155901021216,0.0695271709920802,0.190718223398373,0.0316274310409281,0.895672718444908,0.0534508347624296,0.823685323022332,0.360120087064027,-0.187903932765022,25,FALSE
CD44,22,6,0.00179322395872188,0.0378644003912555,0.570756649024058,0.143476616309709,0.222813701441543,0.0596241779143616,0.895534851821151,0.0812984873728723,0.857560157184528,0.0757113124585356,0.867349223897794,25,FALSE
SPATA5L1,8,6,0.000700072497029158,0.0275580207106006,0.355223529596125,0.0761751941869301,0.198844447234441,0.0374853418408546,0.894473933403359,0.164690968362173,0.536373706580136,0.37053021032715,-0.0430902782493821,25,FALSE
C14orf126,5,4,0.00369676264314342,0.0476455557293372,0.182211513476986,0.0583720144531044,0.254169169318209,0.0193256163737374,0.893938555226488,0.0101957555376072,0.944044394654046,0.0011350664506303,0.993770610709659,25,FALSE
ODZ2,64,5,0.00285895777373695,0.0440979977820875,1.16130585735641,0.256369753683713,0.385669151062748,0.12399343818441,0.893229300964117,0.0815927022128396,0.929740557411312,0.110508512887186,0.904841164636208,25,FALSE
LTBP4,44,12,0.00116808153354828,0.0325155953236037,0.638803090305404,0.153293843721585,0.168980359053439,0.068356061727319,0.89299353311732,-0.00667274406241114,1.01044569784285,0.26945501272476,0.578187681283858,25,FALSE
ZNF205,14,5,0.000281706405355794,0.0196333353531129,0.355488679292219,0.115370151736204,0.367397140905621,0.0381958857893515,0.892553861728031,0.0252849613723009,0.928872667836727,0.211050031958362,0.406310118289661,25,FALSE
SEC1,33,6,0.000645215784317767,0.0267664664127788,0.480434380733781,0.164565266286805,0.178444351588328,0.0520053487490524,0.891753482193295,0.0368610111866911,0.923275659143311,0.141740732286569,0.704973794610442,25,FALSE
CAMK1,10,8,0.000760290574363179,0.0279921936233995,0.402896895462491,0.109392430209025,0.332310447106376,0.0437718558996373,0.89135717749974,0.14424994288789,0.641968095280796,0.24620188646439,0.388920864774172,25,FALSE
CITED2,13,9,0.00183974502190771,0.0381959183863263,0.508418199342716,0.0876252832648294,0.27060559334298,0.055622632548886,0.890596692603068,0.058051205387904,0.885819969735637,0.0353097661726503,0.930549759591024,25,FALSE
ANKRD12,6,4,0.00171656351584382,0.03732516387354,0.351859599988861,0.0845099941765695,0.192041450190752,0.0386765236901096,0.890079669017602,0.0496821531812235,0.858801200300358,0.0365186996670261,0.896212296983848,25,FALSE
WWC2,34,4,0.00360399754986042,0.0473097427339876,0.502099614625739,0.182214685843245,0.230151249765586,0.0555484435560688,0.889367683348106,-0.00847969962706295,1.01688848065216,0.0422429650026464,0.915867362228242,25,FALSE
CDH22,29,6,0.00259075100561718,0.0429626295193824,0.177627591823826,0.177745997637393,0.411533439600286,0.0196515632611263,0.889366493913755,0.0371633969397734,0.790779143272782,0.0154509735463113,0.913014789044509,25,FALSE
RPL6,7,5,0.00349145696265832,0.0469484569673772,0.328366297494395,0.0776607955134258,0.189628781957326,0.0363523671297718,0.88929324535691,0.0134171304296224,0.95913974566817,0.225980315179483,0.311804174472747,25,FALSE
ANKS1A,33,8,0.00143646848493304,0.0348244159778074,0.726810898364893,0.178235407195898,0.135414044329493,0.0804769815284899,0.889273837652216,-0.0218410890158309,1.03005057995824,0.0518941850588082,0.928600155589914,25,FALSE
C10orf93,21,5,0.00159035624530932,0.0360710766061355,0.671185862462569,0.122512526538203,0.39899271891532,0.0743636901717585,0.889205517680424,0.0952228617213612,0.858127432285313,0.303791549482981,0.547380887361996,25,FALSE
UCP2,9,8,0.000940301314371585,0.0297564688994128,0.299872418254855,0.116451015752385,0.271586843343727,0.0332479826615777,0.889126239568585,0.0234762632751658,0.921712495561316,0.0123375696055795,0.958857271110896,25,FALSE
CBX5,21,21,0.00133479949780003,0.0337349024671478,0.310811236287141,0.163990393599164,0.239631797451047,0.0345859622610391,0.888723578097778,0.0345859622610391,0.888723578097778,,,25,FALSE
SNORD28,14,14,0.0000198703097712807,0.00745515098513907,0.571732396097237,0.131012899946408,0.244359682581546,0.0637048512691231,0.888575753789735,0.0637048512691231,0.888575753789735,,,25,FALSE
LYL1,12,7,0.000166119851023003,0.0169933389030229,0.608256959456495,0.0866473019869961,0.263992869929099,0.0684169474969559,0.887519663469055,-0.023584222820765,1.0387734533146,0.418920121014712,0.311277718237641,25,FALSE
C4orf34,9,9,0.00339819576278255,0.0466914219732638,0.166791026936387,0.121066081403904,0.215143700166899,0.0187805738678404,0.887400574162762,0.0187805738678404,0.887400574162762,,,25,FALSE
TBPL1,13,11,0.0015737267029142,0.036032680920859,0.515296893665828,0.0939977312450259,0.188352724670386,0.0580276521109198,0.887389866261156,0.0364079526301301,0.929345678039851,0.029504011087578,0.942743665932689,25,FALSE
PTGFRN,22,4,0.00253877177441774,0.0425311959842851,0.504032961832267,0.135199543076269,0.310244478077093,0.0569683835244502,0.886974884901658,0.127318602681543,0.747400244978597,0.235136158184884,0.533490513536825,25,FALSE
MYT1L,128,40,0.00201722520328853,0.0392682574879791,0.862994717359918,0.349925629140817,0.515272756520556,0.0997345242775357,0.884432057032001,0.107371784534503,0.875582338599967,0.0827807688821061,0.904077316793607,25,FALSE
PPAN-P2RY11,21,4,0.00304244206164744,0.0449744859356851,0.240665729105005,0.104017644201645,0.294988705875969,0.0278762071822486,0.884170433048712,-0.015699720735176,1.06523455081686,0.0635341218245688,0.736006775618442,25,FALSE
C6orf201,8,6,0.0000496666914721446,0.0107212017016172,0.543311748864493,0.0598670511111582,0.239331490924583,0.063577443776095,0.882981651125767,0.0327627803311489,0.939698008740613,0.0537647324018918,0.901042573597463,25,FALSE
RDBP,26,7,0.000263318998978153,0.019121570441925,1.02243226363827,0.185739670028728,0.247978893274255,0.119813268362344,0.882815446437502,0.0144397047430418,0.985877103788119,0.141475847530944,0.861628146369804,25,FALSE
TTC13,6,4,0.00112474069154768,0.0317060175624477,0.27684340510691,0.0796317479913164,0.134693438609028,0.0324789798875298,0.88268104174276,0.1186629028637,0.57137175502564,0.132274323428868,0.52220525759757,25,FALSE
RAB24,6,4,0.00237009208256143,0.0413451410980571,0.226440398307395,0.0706658878540649,0.172616316036463,0.0267543527606946,0.881848146529157,0.0500535358115408,0.778954920651603,0.0332846480312323,0.853009232098028,25,FALSE
NGDN,10,7,0.00368040357477269,0.0476155989583482,0.19134556748048,0.105129337961971,0.217502748463889,0.0227550842552769,0.881078592230269,0.0102798548719788,0.946275970709238,0.0451158032960738,0.764218194912322,25,FALSE
MARS2,7,7,0.00310058184755233,0.0456299691646128,0.423431867671568,0.0773441838087853,0.157358724084669,0.0504058234826201,0.880958833448698,0.0504058234826201,0.880958833448698,,,25,FALSE
GRB14,6,2,0.00100464713932033,0.030386237277178,0.578207551793856,0.0673812864726642,0.260326167067462,0.0689235286004892,0.880797944636562,0.267304683051218,0.537701155541949,0.312223967257792,0.46001402733476,25,FALSE
ABHD10,7,6,0.0017040436787015,0.0372948892902475,0.290047260794065,0.086242710977587,0.260242986151975,0.0347824136686624,0.880080185644787,0.0256946207399049,0.911412296501058,0.0147583105817428,0.949117566077546,25,FALSE
NTSR2,10,7,0.00359090626341905,0.0472727659974581,0.444950790372639,0.0611860505811919,0.309003172196947,0.0534714173051935,0.879826222444931,0.158620195595573,0.643510700446826,0.341169531470218,0.233242104852776,25,FALSE
PARD3B,41,7,0.00367184658037669,0.0475726772012834,0.730275604213188,0.185772258417266,0.322822979022901,0.0878862734913358,0.879653280235171,0.0953755174236348,0.869397913782983,0.174134825796919,0.761549167475566,25,FALSE
ZNF646,13,5,0.000197119698103912,0.017828004106366,0.407778728954668,0.114345693115633,0.183773441665916,0.0493080689674303,0.879081311833429,0.17154779949947,0.579311554726681,0.160590479836602,0.606182303210685,25,FALSE
ST18,17,13,0.00258024548321184,0.0429418924358423,0.703992815765614,0.0944599874027828,0.391967246168453,0.0851956065681353,0.878982278426403,0.14191112902483,0.798419634622979,0.250795723431347,0.643752439208348,25,FALSE
PLCD1,21,12,0.00241832633976206,0.0418309401338864,0.304785966847227,0.126024003695748,0.178299038487555,0.0371784660162493,0.878017789333178,0.0370659672812743,0.878386896664919,0.0253935249575051,0.916684074335242,25,FALSE
TBP,10,9,0.00287472575011768,0.0441562308334457,0.312316825297279,0.108472078450497,0.228112458976566,0.0380978473512175,0.878015386090858,0.0579756821211594,0.814369007926566,0.107037675306407,0.657278549740243,25,FALSE
PDZD2,23,3,0.000796422380256484,0.0288506295817969,0.359857737867513,0.130542883687852,0.265308072693264,0.0443076185632627,0.876874625995745,0.152876777525857,0.575174405219707,0.147561451041886,0.589945037957713,25,FALSE
KCNJ1,12,11,0.000210275424949332,0.0179601264200538,0.340301052184553,0.0901988154321897,0.373691227929011,0.0420593590003111,0.876405439447477,0.0110336111635199,0.967576911406268,0.315375749663484,0.0732448588126948,25,FALSE
TPM1,26,13,0.00141236512343874,0.0344158848017893,0.426509517305114,0.144990745139097,0.234419220400345,0.0536061735295603,0.87431423835916,0.0477408812505704,0.888066082200886,0.0354317136017947,0.916926323647667,25,FALSE
CREB3L1,19,6,0.000689810064264033,0.027380420636455,0.191992463728027,0.0954435998269965,0.293828393105824,0.0244028573328797,0.872896795743773,0.297231328477762,-0.548140602533304,0.28483441299253,-0.483570799924839,25,FALSE
ARV1,6,3,0.00112474069154768,0.0317060175624477,0.271735284002777,0.0835500251788638,0.145635985288705,0.0347812173852129,0.872003308245912,-0.0106192389698391,1.03907935257215,0.0408700330029131,0.849596149602363,25,FALSE
AFF1,35,11,0.000608592892199805,0.0264193024663486,0.374670696658913,0.17691428316735,0.144073329452313,0.0479717588008946,0.871962875056209,0.044804856475179,0.880415370418019,0.0503686961327999,0.865565424299371,25,FALSE
LRTM2,14,5,0.000663312799639635,0.0267664664127788,0.412630788913311,0.113945914701583,0.387856620914252,0.05310816200855,0.871293748708346,0.021663615666923,0.947498790083078,0.0460241093315994,0.888461766382468,25,FALSE
SLC1A3,24,19,0.00396337826364934,0.0492160909802192,0.40432539981247,0.130346716144585,0.379435166571709,0.0520826474147888,0.871186308258286,0.105625697625011,0.73876066733873,0.308182968723656,0.237784791985382,25,FALSE
GGA2,7,3,0.000259594165258908,0.019121570441925,0.436006274842727,0.0731135639533186,0.164171349836293,0.0564212578272177,0.870595307722189,-0.015254472763109,1.03498681932642,0.143476243486817,0.670930782960473,25,FALSE
TOP1MT,34,6,0.000772303967654406,0.0282365798661209,0.597933086899001,0.170157368611997,0.215918833429561,0.0774785664808755,0.87042268076735,-0.0117159161431887,1.01959402548528,0.0733846392455927,0.877269479054622,25,FALSE
LRFN4,17,12,0.00217647109663569,0.0400196400709278,0.51014704626345,0.150883069848116,0.278130146442571,0.0661389281763347,0.870353207647155,0.110741966491529,0.782921478615522,0.109208478874372,0.785927450380699,25,FALSE
MRO,11,10,0.0015256223692675,0.0357217790414818,0.39118495807536,0.0776441704783117,0.20995879835331,0.0507838707221691,0.870179387847562,-0.00263124661295375,1.00672634915693,0.255148879385393,0.347753858837692,25,FALSE
NOTCH2,7,1,0.0000132795474476693,0.00618405103817458,0.41473486033422,0.0704366116747396,0.111805719661962,0.0538542867480413,0.870147672889995,-0.0185270073312475,1.04467193164403,0.0324301119281541,0.921805194041273,25,FALSE
PGCP,29,17,0.00400073601388906,0.0492160909802192,0.324046515218696,0.19516035759504,0.351945750778834,0.042309543916013,0.869433732723653,-0.0112015094473539,1.03456759730866,0.163642857403352,0.495001952750792,25,FALSE
PUF60,17,8,0.00219741669278394,0.0402638281917318,0.667822503066258,0.115679704188265,0.343491196229686,0.0879541606435157,0.868297099544144,0.195718353996136,0.706930579461595,0.254546880706301,0.618840515949121,25,FALSE
COPG,6,3,0.00037913422342259,0.0225374478021301,0.385076423272869,0.0708672780048785,0.160539229608286,0.0507952122724324,0.868090567995023,0.0622640976735166,0.838307167329754,0.0500393414345046,0.870053479230936,25,FALSE
LCTL,7,5,0.00160565841362307,0.0361515123622035,0.311419199575542,0.0729305227009255,0.359691248582193,0.0414611920231146,0.866863725551843,-0.0102221901100589,1.03282453401714,0.32769273652621,-0.0522560489939217,25,FALSE
RAD17,11,9,0.0000679110928834009,0.0117504735601196,0.499142913763073,0.09928272771072,0.219748963843426,0.0665134884267265,0.866744600408575,0.0857426820746595,0.828220175604138,0.0724057968648659,0.854939747979204,25,FALSE
SLC7A6,6,4,0.00089168484925622,0.0295355261295899,0.223247750478085,0.0799619734328542,0.180896508655663,0.0298028311299355,0.866503330644484,0.0563543119638391,0.747570527169226,0.0296812682428472,0.867047850743021,25,FALSE
MPPED1,21,8,0.00286001737106825,0.0440979977820875,0.675944924615254,0.142341372898147,0.525980083941352,0.0902701146349461,0.866453447096555,0.0513091227760459,0.924092746453787,0.0920364363697625,0.863840332225071,25,FALSE
HLA-DOA,41,9,0.00182837237274635,0.0381104389546786,0.615776151162129,0.172233487925532,0.499463111666565,0.0832794701521965,0.86475690882957,0.0523458370375913,0.914992100719066,0.0691229236903728,0.887746669694953,25,FALSE
CTDSP2,18,4,0.000382330662482779,0.0225374478021301,0.33138786260742,0.117811724871374,0.247671776371939,0.0448438996923373,0.864678508924566,-0.0248438154433578,1.07496899629299,0.0154070512074339,0.953507496966822,25,FALSE
NAA25,9,5,0.000590700821717897,0.026073567363111,0.179625750073684,0.0939242506552343,0.185593217705867,0.0243832703758442,0.864255150690577,0.113512337502412,0.368061998595142,0.104525159686378,0.418094790732951,25,FALSE
CYP1A1,26,23,0.000413488083039646,0.0231877053827002,1.04547330553729,0.169201507658155,0.311762310658266,0.14267451718418,0.863531171548319,0.0772862006059223,0.926075395520306,0.320223704148737,0.693704561892981,25,FALSE
LEKR1,8,5,0.000820406560093169,0.0290390889635771,0.387979816297483,0.0629177707628345,0.153686963272382,0.0532939369628683,0.862637346778871,0.0476962103907852,0.877065227655517,0.0470660568756069,0.8786894191436,25,FALSE
ALAS1,8,6,0.00169712771189829,0.0371951856524245,0.369531537744268,0.0650967197332875,0.19825179186324,0.0507690600376286,0.862612375800078,-0.023489788385513,1.06356639687346,0.276869087295482,0.250756541686334,25,FALSE
SLC22A23,51,11,0.00000573428316673929,0.004113792280579,0.798985721114941,0.231682335247084,0.221536387675842,0.109793928286197,0.862583366154547,0.183164111052741,0.770754212231546,0.16689752926034,0.791113251651803,25,FALSE
SRM,10,3,0.0000453767695019335,0.0100710863917108,0.481245777449575,0.0672039243043022,0.239151330313685,0.0662274998060761,0.862383208519652,0.040399724369488,0.916051784218052,0.212025345996451,0.559423986803361,25,FALSE
MPP7,9,5,0.00325535588678124,0.0458788521200562,0.376527981130992,0.0987751019026719,0.264953639508862,0.0519496136404989,0.862029872296726,0.245249696403627,0.348654791426229,0.33871042277495,0.100437577686652,25,FALSE
C5orf56,10,3,0.0000642605694414904,0.0115070233324887,0.414725401395846,0.0754607096181273,0.244726801508326,0.0576037130999354,0.861103966851179,0.135150995545726,0.674119320661704,0.12239900992517,0.704867342310814,25,FALSE
EPM2AIP1,33,33,0.00199239932078921,0.0392180495590006,0.233047834018008,0.140970426297395,0.296415458091158,0.032370386988539,0.861099816160327,0.032370386988539,0.861099816160327,,,25,FALSE
MIR17HG,15,3,0.000262285318583088,0.019121570441925,0.406422348545092,0.136233484311725,0.225283446283529,0.057003034621091,0.859744340277669,0.0617426150640263,0.848082628120594,0.322564689545329,0.206331318393184,25,FALSE
DDX21,8,4,0.000112211928299858,0.0131957878070833,0.386375342928606,0.11869903427741,0.169294845381479,0.0543800184895749,0.859255981302039,0.0484345909047753,0.874643680578435,0.260564875742575,0.325617225551782,25,FALSE
GHR,17,15,0.00120660275784934,0.0327165617646729,0.422594881841656,0.1148129797807,0.356556738949641,0.05965327448116,0.858840518320542,0.0835388288530114,0.802319354912791,0.328595463037517,0.222433878977646,25,FALSE
LBH,15,8,0.00348668297751006,0.0469484569673772,0.269848397835309,0.111177804643457,0.237085498627812,0.0385964196112157,0.856969987886415,0.135710863008864,0.497084792433379,0.226967541123896,0.158907212551186,25,FALSE
FAM149A,15,11,0.00326827832968644,0.0459194489386704,0.282703627795877,0.113071726365055,0.23955570471667,0.0404829142548865,0.856800867500304,0.0880651726421319,0.688489414413464,0.0841250185716142,0.702426816282826,25,FALSE
KCNQ1OT1,49,26,0.000673992387674486,0.0269562742258237,0.538920741303785,0.180032680025801,0.338305185419917,0.0773171507480819,0.856533354865815,0.00319389561111077,0.994073533701108,0.197694526919774,0.63316585952602,25,FALSE
LRRFIP2,10,7,0.00318171989331174,0.0457042316124032,0.488058436348542,0.0891726234876496,0.188649670274388,0.0703037797300001,0.855952126847791,0.0774418720041651,0.841326639933623,0.0682057398336012,0.860250874170132,25,FALSE
CHCHD6,18,0,0.00214596554810574,0.0399399581202884,0.575676222960847,0.0963291955172304,0.176930634866967,0.0829871804489758,0.855844001994468,,,,,25,FALSE
POLR3H,6,2,0.00284343451859543,0.0440720760663499,0.346813161930395,0.0772766619469172,0.224880751816928,0.0500244582660399,0.855759631533017,0.0806113822802404,0.767565389296214,0.25342146252022,0.269285337645053,25,FALSE
PALMD,6,5,0.000665849399277148,0.0267664664127788,0.365445284285657,0.0421753726748923,0.615771589030885,0.0528281948891848,0.855441574537077,0.00775410459442606,0.978781763158928,0.317286028734102,0.131782397043903,25,FALSE
KRT80,15,7,0.00302559084255165,0.0448938422758276,0.501298538664804,0.106444477654394,0.395067560135557,0.0725410031588702,0.855293806855928,0.0000502522042283924,0.999899755933137,0.062542870092859,0.875238275660168,25,FALSE
DENND5A,8,2,0.0000775827649706833,0.011989849098394,0.404293852605381,0.0877027027270092,0.0938835988199231,0.0590073729024455,0.854048305404137,-0.013370767996725,1.03307190527524,0.0574855027442984,0.857812572776346,25,FALSE
TAF9,10,9,0.0000617373571667281,0.0114453796968624,0.487915090304521,0.0902911693876408,0.257574520108737,0.0712709239286909,0.853927608830035,0.0857426820746595,0.824267205957608,0.066638158157882,0.863422633400637,25,FALSE
MUC12,15,8,0.000626789611511882,0.0267664664127788,0.593095121224171,0.10233149350308,0.397461884116793,0.0872278555769004,0.852927713522818,0.132147878089939,0.777189402911997,0.190969781522981,0.678011545384471,25,FALSE
CDC14A,18,9,0.000759618651849795,0.0279921936233995,0.271432825182001,0.0868165338970101,0.195840784647056,0.0402480562805648,0.851720011190328,0.0901362153740205,0.66792441071347,0.076342973050815,0.718740822891905,25,FALSE
ADCY2,26,5,0.00361473094629528,0.0473097427339876,0.530900770860793,0.173461102465435,0.459606253618851,0.0787371215624779,0.851691453687636,0.0526243175079212,0.90087730062513,0.275669849801059,0.480750707228974,25,FALSE
ZNF366,15,8,0.00100088383269916,0.0303458328633543,0.464136814781367,0.082878828701447,0.333222991548886,0.0688424707922312,0.851676340682737,0.0354595679713108,0.923601044256715,0.0629985694470713,0.864267243104284,25,FALSE
CNTNAP5,24,8,0.00324091299915448,0.0458788521200562,0.458154709346568,0.131458020389499,0.392606541168169,0.0681846848735973,0.85117541415029,0.0503749859478193,0.890048088734774,0.284886401445358,0.378187333593776,25,FALSE
RPL27A,15,4,0.000244222640041342,0.0187729773744949,0.571001270538862,0.125350505827285,0.181911760846753,0.0850743238946811,0.851008520849008,-0.0139362453494104,1.02440668010468,0.11826161254607,0.792887304025673,25,FALSE
TSPAN9,50,25,0.00341884239907958,0.0467550566615481,0.490014705767338,0.175900179958011,0.336003121588972,0.0733175145442487,0.850376909751234,0.00824143744329143,0.983181244672268,0.0900076821434123,0.816316365439554,25,FALSE
IER2,13,10,0.00269366947308638,0.0433448346319828,0.328700976708331,0.121619397788356,0.258842621739033,0.0493879235817249,0.849748169061424,0.0704347659815154,0.785717807452654,0.0640823941146508,0.805043493462103,25,FALSE
TTC30A,7,7,0.00103973965965302,0.0309136180317213,0.550957636983168,0.0648868940586718,0.213966554088021,0.0836645690013513,0.848147001901151,0.0836645690013513,0.848147001901151,,,25,FALSE
ANKS1B,41,10,0.0000558845308741187,0.0112462694777544,0.687306505711435,0.203156301325903,0.359885932211835,0.104446667734664,0.848034804171466,-0.000950568696774368,1.00138303462702,0.290178174556227,0.577803829667141,25,FALSE
SH3BGR,8,7,0.00277551242393482,0.0437365247763649,0.414785498369816,0.0767848006496258,0.199311995314844,0.063076199565879,0.847930557327148,0.106431635368744,0.743405601721756,0.221334792599863,0.466387341240834,25,FALSE
UBXN11,20,13,0.000723493754752462,0.0276718800664789,0.259554166009913,0.11591207459838,0.214301417405238,0.0401810448008334,0.845192063689323,0.0108967758561005,0.95801733401696,0.0207227361217409,0.920160263885152,25,FALSE
ZNF37A,6,5,0.00162669939896496,0.0362567597296886,0.211374860558301,0.050806717834333,0.139282543506131,0.032733963620501,0.845137858238954,-0.0176867246642974,1.08367468400727,0.229262351763818,-0.0846244967744545,25,FALSE
CLEC12B,5,3,0.00300494087688224,0.04478198191885,0.184569800629217,0.0813973325493395,0.328696343285311,0.0288489375506764,0.843696328151585,0.118528327544881,0.357812994645896,0.140667930711174,0.237860526306995,25,FALSE
HTR3A,8,6,0.000878981124705422,0.0295355261295899,0.43069669772752,0.0846545796965932,0.358427503235155,0.067421782944378,0.843458788283925,-0.00148204307348567,1.00344103653756,0.228379201582468,0.469744711794954,25,FALSE
SLC1A2,23,10,0.000290957740316219,0.0197028602902187,0.736788925525624,0.108119881445804,0.326082425191578,0.115682651530897,0.842990784031709,0.193793960482305,0.73697492759673,0.228734869830252,0.689551699400106,25,FALSE
GNPNAT1,9,9,0.000104700377787948,0.0130870122543094,0.499359208858357,0.108224244595098,0.337645091770361,0.0787187316631209,0.842360508694555,0.0787187316631209,0.842360508694555,,,25,FALSE
DSG1,7,4,0.00155586753381668,0.036032680920859,0.522181718241411,0.0600765529957998,0.553092403911005,0.0829656725011777,0.841117240219387,0.0414258415533681,0.920667767357155,0.131876680013792,0.747450599270455,25,FALSE
IQGAP2,26,4,0.00000697049440920637,0.0047756978652293,0.647719031516113,0.145982765822047,0.35334875153373,0.102955577699337,0.841049015561038,0.349370555419585,0.460614034140984,0.506938472584467,0.217348189695958,25,FALSE
SLC39A11,25,8,0.00265686750922263,0.0432709292776779,0.726971267797864,0.14159018563099,0.152240227222546,0.116536697845617,0.839695593199125,-0.0223973065396681,1.03080906705916,0.111925624503102,0.846038448201473,25,FALSE
COL23A1,81,11,0.00238211506397834,0.0413862945735069,0.561902888314852,0.344071696153379,0.392855561796348,0.0904018335399881,0.839114844539947,0.00836907900657695,0.985105826681767,0.144146435002499,0.743467353522965,25,FALSE
ALPL,13,10,0.00334191469906584,0.0463981425796295,0.535224620174786,0.093845379831748,0.198730885899136,0.0863620838786027,0.838643289894998,0.273751392659726,0.488529895036726,0.456064763964403,0.147900252018548,25,FALSE
C7orf44,9,8,0.0013469677393963,0.0338661268428841,0.341478836836203,0.0788935970504575,0.166221594589351,0.0551250225738178,0.838569724892616,-0.0170341893318973,1.04988358719304,0.248051905478085,0.273595084906922,25,FALSE
EFR3A,16,5,0.000098951461030544,0.0130870122543094,0.722151107910181,0.0952681451799621,0.154548164789867,0.117692119783146,0.83702563287103,-0.00725823396679361,1.01005085208247,0.11591513147112,0.83948632052014,25,FALSE
COX7A1,5,3,0.00392516331589989,0.049050534125258,0.204938165391103,0.072823827732558,0.312830286515528,0.0334443462212155,0.83680762361959,-0.00983659895907196,1.04799788726663,0.11976498241821,0.415604300986833,25,FALSE
FKBP2,11,10,0.00284715686228397,0.0440720760663499,0.385853202877821,0.0928161463018831,0.205899088335779,0.0630825458747368,0.836511540129131,0.0438392607355263,0.886383576944396,0.104377733457985,0.729488487643744,25,FALSE
COL15A1,10,1,0.00171935661113749,0.03732516387354,0.335344809194968,0.0602689848125804,0.35333602853199,0.0550899490659738,0.835721479636965,0.0558713430451085,0.833391358645945,0.16741662329701,0.500762741194916,25,FALSE
C14orf64,7,4,0.00106992599118805,0.0311643138061763,0.352629755031613,0.0541892531562049,0.528054104486706,0.0580034336673823,0.835511800011935,0.22748206303066,0.354898275642491,0.36147695072625,-0.0250891921864167,25,FALSE
RPL18AP3,9,3,0.000920647716816069,0.0297012848982882,0.4025171057659,0.105800091839266,0.392239423599488,0.066394682974424,0.835051276024432,0.141722342230139,0.647909765324201,0.291274523510516,0.27636734106918,25,FALSE
WISP3,9,8,0.00109242172806961,0.0312621150814205,0.300044353083151,0.0963760666727055,0.350598233218104,0.0495264805732054,0.834936135060405,0.0839815890366989,0.720102750897547,0.0840198772562792,0.719975142365053,25,FALSE
C10orf11,41,8,0.0000263056512757239,0.00811368296626401,0.910066837818172,0.201809031047081,0.356650363117821,0.150551048741015,0.834571437519961,0.0495095232413054,0.945597926235834,0.144896844866811,0.840784392040708,25,FALSE
CDGAP,26,6,0.00133586617207134,0.0337349024671478,0.425632994673069,0.144907745456819,0.246526927655399,0.0706164363863822,0.834090784149328,0.0669854703338012,0.842621528001482,0.160013611306638,0.624057313908323,25,FALSE
ABHD6,10,8,0.001222069956707,0.0327165617646729,0.504138906381709,0.094490690223628,0.15480664011372,0.0837179960813918,0.83393863274261,0.231943488063902,0.539921467818066,0.373079540022395,0.259966776418723,25,FALSE
MLH1,37,34,0.00223390226876366,0.0405551059345367,0.130925996194951,0.164691809644444,0.258841571003751,0.0218078250761516,0.833433957274006,0.031687686449469,0.757972538912093,0.0493877557558288,0.622781134448734,25,FALSE
CCT7,6,5,0.00112410603257969,0.0317060175624477,0.260411480942383,0.0603442350794556,0.145550488948319,0.0437294200087407,0.83207568325908,0.0228913089851177,0.912095623041357,0.0205398942013938,0.921125235619168,25,FALSE
NR4A3,15,12,0.000831109856744084,0.0290390889635771,0.712002144262584,0.0937158332329271,0.205990918085863,0.119758446097299,0.831800441807192,0.0424323367567179,0.940404200888096,0.189747039278616,0.733502151913972,25,FALSE
RASSF5,29,20,0.000107170238220689,0.0130870122543094,0.795049812498589,0.143966485290246,0.18935651357845,0.133759148292915,0.83176004045262,0.0571428672802531,0.928126682904721,0.159065947976684,0.799929582428564,25,FALSE
CCDC40,44,7,0.00086610410382869,0.0295355261295899,0.416953866032276,0.154722107628603,0.211970482937979,0.0705970822581588,0.830683708655926,0.0148988046187278,0.964267498559242,0.112084139794512,0.731183354021629,25,FALSE
TBPL2,7,5,0.00396773844025468,0.0492160909802192,0.160710269986209,0.0539640629369855,0.312873307018918,0.0272344945554738,0.83053668842812,0.0254469760726967,0.841659303572321,-0.0000436709425706143,1.00027173709916,25,FALSE
ERP29,7,3,0.00370816580655878,0.0476455557293372,0.341527502072039,0.0881555181349911,0.205812235540019,0.0590792126885106,0.827014772368028,-0.00628954698225532,1.01841593120348,0.134599398501045,0.605890015637296,25,FALSE
RPL23A,18,7,0.000279278548661906,0.0195594283102859,0.602365561223102,0.140975976260872,0.236619528308554,0.104360286210706,0.826749248415194,0.0809202259491743,0.865662595675513,0.367740106213243,0.389506754890589,25,FALSE
HMG20A,11,9,0.00110172822976412,0.0313942738600777,0.500398721181828,0.0827009498910462,0.168647789192165,0.0872490669009621,0.825640907524904,0.252769761692709,0.494863294023365,0.410087362997448,0.18047879493194,25,FALSE
RAC1,11,3,0.000684550208462278,0.0272402580427995,0.56268646255499,0.116057958318354,0.170807070757769,0.100232169902227,0.821868524351728,-0.00374342533650834,1.00665277305502,0.202699932103293,0.639763979423117,25,FALSE
ATF4,5,4,0.00106895364654299,0.0311643138061763,0.28485967941184,0.0574600138806718,0.175705569320324,0.0513664759504827,0.819677968968648,0.136805518524859,0.519744181390199,0.113382596004079,0.601970358745807,25,FALSE
IL1A,5,4,0.0026827944963556,0.0433448346319828,0.213500961867755,0.0645572246520757,0.308776019144092,0.0386199284747691,0.819111220216934,0.0181648351359826,0.914919188292772,0.0761872985002329,0.643152434379082,25,FALSE
CDC7,8,6,0.00312317012515393,0.045634596549582,0.199472151865269,0.096330554201376,0.242058846849303,0.0362320276006935,0.818360471565144,0.0956132507702345,0.520668675420843,0.152918103341453,0.233386204983944,25,FALSE
PSMC6,6,2,0.00117728833240623,0.0325468588457146,0.221131833659714,0.0715819862927742,0.250205209503354,0.0403118837208534,0.817702032974199,-0.0157869705725125,1.07139166854107,0.0245731354535147,0.888875631125418,25,FALSE
RPL18A,10,3,0.00102294190757341,0.0305293912491322,0.388042440836922,0.104838167980227,0.411364042071518,0.0709635693015994,0.817124206443639,0.141722342230139,0.634776180861879,0.280081800010096,0.278218641739237,25,FALSE
PSD4,10,4,0.0000197072350956735,0.00745515098513907,0.65976315439462,0.0950489129626404,0.429951170490378,0.120755151733045,0.816971968002902,0.397262716035123,0.3978707155909,0.401959174544333,0.390752314877057,25,FALSE
C14orf49,8,4,0.00414189775132957,0.0498229196682835,0.40019271274617,0.0893552819407074,0.499617768110458,0.0736113384642053,0.816060272664448,0.119764883833758,0.70073197232424,0.115797339647798,0.710646056363238,25,FALSE
LONP2,12,3,0.00144655749353175,0.0349078912451352,0.379787724506206,0.105427618104727,0.151750534410146,0.0698881920453655,0.815980908450285,0.0551019841061124,0.854913730616872,0.149648006106382,0.605969344320035,25,FALSE
SNORD68,5,4,0.00192451705316906,0.0389906849529557,0.244034923091974,0.0695398066770536,0.229950182794847,0.0449071388836762,0.815980687048012,-0.018066485393136,1.07403237685914,0.28908000362121,-0.184584566661632,25,FALSE
TNNT3,30,9,0.000578651824485023,0.0259725338776309,0.809923889364503,0.133601991718428,0.549808388195876,0.149284763347935,0.815680503676624,0.108993103064537,0.86542796860819,0.146690600052427,0.818883475375043,25,FALSE
ANKRD45,9,8,0.000221227571963722,0.018347916205286,0.781251227887126,0.0822494777676782,0.484527723969151,0.144788893176237,0.814670508015949,0.182253892431996,0.76671538433943,0.375615277860019,0.519213199989636,25,FALSE
CYP1B1,29,20,0.0000996859582118065,0.0130870122543094,0.667314797750668,0.16108400286744,0.277892759884721,0.123839875714942,0.814420606088203,-0.00497238879904881,1.00745133903191,0.53330742806687,0.200815822061041,25,FALSE
CXCR5,14,13,0.00147925139590363,0.0352648161825256,0.544165311828381,0.100542267738269,0.246233781688877,0.10109288966489,0.814223936242426,0.100087124076536,0.816072208387842,0.0840686949966886,0.845508904795456,25,FALSE
NLRP4,15,11,0.000517247142491504,0.0248285029431898,0.322840116935196,0.128316340993125,0.425077266535901,0.0600233076082319,0.81407729566558,0.0351435428980811,0.89114257784408,0.101159278726105,0.686658276281039,25,FALSE
COQ4,5,2,0.00157548655631881,0.036032680920859,0.242371202413877,0.0713463890876528,0.1449189491387,0.0451889297590597,0.813554872406441,0.16565001915864,0.316544137633259,0.152767573450765,0.369695855244815,25,FALSE
NCOA2,30,21,0.00415562410559703,0.0498738192353374,0.527654766321255,0.160515234324358,0.159117710298846,0.0988743667516994,0.812615420038675,0.0569675159470822,0.89203638518372,0.0925433103341207,0.824613902420855,25,FALSE
FAM91A1,5,2,0.000231354986700831,0.0183766563692857,0.301158524772594,0.0705610162166129,0.164158285735649,0.0565420331250861,0.812251593516135,-0.0119525151838089,1.03968845043598,0.147549293692064,0.510061042424488,25,FALSE
MIR548H3,13,1,0.000638192788878807,0.0267664664127788,0.439695657196404,0.1134577164033,0.176223899591563,0.0825954624711207,0.81215310836189,0.0360702086193122,0.91796551085061,0.0577018174059483,0.868768734779262,25,FALSE
TMEM129,9,4,0.00119298130821309,0.0327165617646729,0.51031335316266,0.0781631689629572,0.275039487825608,0.0961268220141372,0.811631772089849,0.15164370238984,0.702841986301102,0.142267745584172,0.721214926667174,25,FALSE
EDNRB,47,44,0.00275031939931347,0.0435867929619545,0.751438590772908,0.245900725499478,0.506973563881447,0.141675504630534,0.811460967841948,0.161510963484442,0.785064321332876,0.250344322119812,0.666846599051674,25,FALSE
AZGP1,6,4,0.000814511121056507,0.0289730615025021,0.269898055780875,0.0897534198975977,0.405784376561393,0.0509418755526516,0.81125512221544,0.000361139583153755,0.998661940775717,0.158012987495863,0.414545662292022,25,FALSE
KLHL33,11,8,0.00049955025392597,0.0248285029431898,0.310258750862002,0.09903545213873,0.340228938591214,0.0585825470048089,0.811181644862402,-0.0121876396096206,1.0392821784261,0.278553548331554,0.102189551277312,25,FALSE
DIRC3,37,6,0.00287448398880115,0.0441562308334457,0.744179421955659,0.157792373824324,0.304126958834476,0.140598124021386,0.811069589035527,-0.0135257186347583,1.01817534620779,0.179645414590382,0.758599325256422,25,FALSE
EML1,20,4,0.00409116359025979,0.0495475827639428,0.375272634155306,0.117268993137287,0.380021906404113,0.0711626155790363,0.81037089011509,0.0403626085666682,0.892444572577162,0.124522279440826,0.66818182806985,25,FALSE
PLEKHA1,7,7,0.00337532748283538,0.0466156095306923,0.346913853896099,0.090328925519792,0.361557546546964,0.0667475128830366,0.807596289011198,0.0667475128830366,0.807596289011198,,,25,FALSE
GALNTL1,20,12,0.00339136358992817,0.0466914219732638,0.294604400042502,0.130700557620964,0.375298356485101,0.0569618813330078,0.806649590689107,0.0275669598713351,0.906427195699188,0.0982105142232933,0.666635955847487,25,FALSE
RINL,10,5,0.00109312256694141,0.0312621150814205,0.240438469556181,0.0913549270385814,0.316031129000111,0.0466956801966086,0.805789480016226,-0.0120043523387088,1.0499269204336,0.119493258522756,0.503019384779292,25,FALSE
FAM20C,52,5,0.0020594278873766,0.0394696887620498,0.72511081976334,0.150522725374597,0.506215221948781,0.141169091156835,0.805313770931029,0.0806351712813735,0.888796072153921,0.202109875047075,0.721270363731382,25,FALSE
GRM6,23,8,0.00180245438786707,0.0379213300988108,0.291530205091255,0.170432277423953,0.4364697987126,0.0570186263926039,0.804416059136116,-0.0129384319735234,1.04438110270417,0.133615920989389,0.541673834628682,25,FALSE
SERPINE1,14,9,0.000660242905913209,0.0267664664127788,0.349955841409262,0.113046034221988,0.38795851142471,0.0691645849443379,0.802361964681561,0.175569629287135,0.498309190724974,0.261820324347437,0.25184753798338,25,FALSE
BCL2L13,6,4,0.00072656194769828,0.0277219447259794,0.389719750246537,0.0684478550675239,0.216796059381588,0.0770981457295119,0.802170288570852,0.219217903584472,0.437498603943487,0.223828715016018,0.425667508833144,25,FALSE
ITGB4,27,4,0.00115334275075177,0.0322691639375048,0.330143386586053,0.170452878470319,0.353290945652977,0.0655628203162739,0.80141107476286,-0.00899626431521117,1.02724956694799,0.0526470227464928,0.84053285667508,25,FALSE
RGS12,99,9,0.000541770153419609,0.0248898369608927,0.48076153463352,0.347053798519326,0.302256756947298,0.0960681694986597,0.800175008651864,-0.0152628925392399,1.0317473246916,0.17422072714989,0.637615086484204,25,FALSE
ATP10D,15,13,0.000732326952446382,0.0278072484738556,0.317800856264972,0.13056546563785,0.214302456653619,0.0635839775398634,0.799925090551521,0.0795687565227046,0.749626991387453,0.0625116267265911,0.80329937602663,25,FALSE
PEX10,29,11,0.000000328942443468582,0.000518347502417792,1.09963038371862,0.200430603956045,0.291232197190512,0.220111265142102,0.799831590322422,0.498284832506038,0.546861527397063,0.478812387884636,0.56456969998825,25,FALSE
NARF,6,5,0.000189832019029593,0.0177560712550434,0.360002883542826,0.0781143371740883,0.179428685455707,0.0720937928394123,0.799741068377204,0.0500378258238097,0.861007152688939,0.0721265456180174,0.799650089165363,25,FALSE
FNIP2,13,5,0.0010207915176797,0.0305230222686844,0.431833243408536,0.114691404272134,0.179678910494979,0.0865063003666458,0.799676607377801,-0.017330204672412,1.04013170578444,0.150970481809028,0.65039634138078,25,FALSE
PIGY,8,6,0.0014398052509211,0.0348516914654603,0.447231583812526,0.0779214349661607,0.141372051195647,0.0900632821007413,0.798620479052538,0.188488743701932,0.578543308379258,0.232187040757602,0.48083487579685,25,FALSE
EYA3,6,6,0.000850738869912263,0.0293989980528014,0.222582638592186,0.0618854993425467,0.154096104370516,0.0449341203393635,0.798123876041871,0.0449341203393635,0.798123876041871,,,25,FALSE
ATP6V0E1,9,1,0.00130671164691705,0.0333544096607566,0.664234956356308,0.0871093875775761,0.154807932067988,0.135043027970143,0.796693885683272,-0.00632469744927078,1.00952177748061,0.174039707964824,0.7379847201666,25,FALSE
FAM188A,11,7,0.00182286431604375,0.0381104389546786,0.342525378113456,0.102596561195493,0.200178787732225,0.0701237168875026,0.795274390254741,0.0340971003936951,0.900453798251407,0.0786620572692138,0.770346776339714,25,FALSE
RPL13,6,2,0.00230942046380287,0.0410585742040503,0.247351869645493,0.071787782757656,0.229088257387984,0.0513072673631165,0.792573763696832,0.0306744034365619,0.875988794907737,0.218216150474861,0.117790575880385,25,FALSE
FAM196B,14,11,0.00329956145738655,0.046053577896809,0.492440300005752,0.0831475537205539,0.555678304203474,0.102424179685312,0.792006909905393,0.0935526397188054,0.810022372828315,0.0893643993079797,0.818527445241716,25,FALSE
STK16,7,5,0.00325619735672564,0.0458788521200562,0.282433494114854,0.0587034883330658,0.184072358390484,0.0588252949172239,0.791719834428341,0.0409215648434216,0.855110793527978,0.0450275091465235,0.840573054950017,25,FALSE
MGC26597,5,0,0.00211708743786975,0.0397935483408409,0.358149097339189,0.0498035085056522,0.400803119735022,0.0750232937563036,0.79052496763589,,,,,25,FALSE
CISD3,6,3,0.00130577674743844,0.0333544096607566,0.28203238274386,0.095138650507921,0.305207198530978,0.059450740164343,0.789205978455545,-0.00912082893639787,1.03233965138209,0.100907272073101,0.642213879514878,25,FALSE
TACC1,25,22,0.0000137353589501276,0.00618405103817458,0.87389969265963,0.176527318493753,0.190761340281789,0.184384825664898,0.789009165223826,0.234971050344769,0.731123546193663,0.351609278264889,0.597654878222008,25,FALSE
YDJC,7,4,0.00199256629535532,0.0392180495590006,0.469452284396083,0.0813768761185937,0.184100329203098,0.0991509976211556,0.78879430153651,-0.0134806921920501,1.02871578782366,0.144546256639229,0.692095956407631,25,FALSE
SCRN3,9,8,0.0010013855241112,0.0303458328633543,0.265871473641291,0.0881543418914946,0.280058035183659,0.0562578914931391,0.788401926981301,0.0855562134175779,0.678204614260314,0.0631445176470457,0.762499839556916,25,FALSE
SNORA9,9,8,0.0000262152033362592,0.00811368296626401,0.399065381882684,0.0821001312429973,0.246548775452618,0.0863583780105444,0.783598422887176,-0.0191886520128268,1.04808398043022,0.382054418917493,0.0426270073463599,25,FALSE
MNT,18,4,0.0022590098012738,0.0407717685601603,0.395780194982305,0.112106893159029,0.17516500032228,0.0857250187704339,0.783402454551152,0.0715037872605657,0.819334599944389,0.0887148408322113,0.775848205754263,25,FALSE
HIST2H2BF,15,11,0.000162013098119919,0.0169150999052999,0.50661375090076,0.124421390883533,0.332113354833824,0.110051545495035,0.782770315058834,0.129796639824857,0.74379566367064,0.13067066627011,0.742070431294497,25,FALSE
C2orf72,8,2,0.00163310468816456,0.0363358672470699,0.371379119946027,0.0762661692112225,0.249158464420302,0.0807919590142706,0.782454223527666,0.0683730062852135,0.815894317658057,0.0601784792843035,0.837959443457539,25,FALSE
SLC9A1,19,6,0.000783471837461975,0.0284468875915341,0.833493204525318,0.12340807477294,0.209628892060573,0.181959759525541,0.781690170312584,0.179189331079141,0.785014046777753,0.159171770352787,0.809030512200233,25,FALSE
CD59,15,12,0.00124797950642676,0.0327986242092075,0.277540455727891,0.0980111751765332,0.26880423245619,0.0607215928717928,0.781215344939384,0.0588802855430763,0.787849719462865,0.0489846107916067,0.823504610658878,25,FALSE
DNAJC18,6,4,0.00236262206483257,0.0413451410980571,0.346380420694868,0.0577687351090639,0.173688714400388,0.075970785763009,0.780672401717726,-0.013193000919357,1.03808818319722,0.190067682836422,0.451274750301619,25,FALSE
PLA2G5,6,5,0.0000980805360562741,0.0130870122543094,0.475491842091204,0.0692379804519222,0.609844447976519,0.104627723614428,0.779958951231893,0.0954397635426538,0.799282016862978,0.0952107623690563,0.799763625911391,25,FALSE
GTF2H3,11,5,0.000134809533812663,0.0148554449917478,0.639030399220136,0.0926424308802103,0.182604854934755,0.141135337644653,0.779141433933514,-0.0237134096357825,1.03710842186025,0.253534730084477,0.603250908886514,25,FALSE
C7orf40,10,7,0.0000291280037069547,0.00811368296626401,0.391175479357659,0.0965022256989816,0.221459079756031,0.086710826600283,0.778332663533336,-0.0262492339187172,1.067103474793,0.461856399477514,-0.180688524331634,25,FALSE
ZNF564,10,8,0.00223187935566287,0.0405551059345367,0.56765289639136,0.0670505497286689,0.311834626372568,0.125876996006233,0.778250059488027,0.20480397619696,0.63920914083426,0.24214501336634,0.573427679298941,25,FALSE
PADI4,7,3,0.00155669483011356,0.036032680920859,0.40298566121402,0.0727001131446985,0.48901175865242,0.0895497622991715,0.777784246641935,0.238603906734527,0.407909685878852,0.298662301271548,0.258876108961771,25,FALSE
SNHG1,22,8,0.0000312247724977268,0.00811368296626401,0.917940954441504,0.169017865973519,0.253773969846438,0.204466929783615,0.777254812747714,-0.00350466919836908,1.00381796800917,0.335053547538281,0.634994444994412,25,FALSE
UBFD1,11,7,0.000547250031414623,0.0250685057995105,0.319939166632586,0.124963318279936,0.145363700124895,0.0712821351873768,0.777200972492261,0.0798965739651378,0.750275732708619,0.0727077564819944,0.772745058858358,25,FALSE
EIF2B1,9,6,0.000110298709483088,0.0130870122543094,0.565368491003676,0.101152509494673,0.204113947798957,0.126415027865966,0.776402417401178,0.14615385177709,0.741489216143565,0.128849234858324,0.772096894488084,25,FALSE
CCR6,12,9,0.000197988368994419,0.017828004106366,0.432762848698644,0.0690604037287518,0.417997604804213,0.0968013849609437,0.776317710145328,0.105176781772779,0.75696439264818,0.0928919470921514,0.785351382699588,25,FALSE
ETF1,7,3,0.00200073534837839,0.0392180495590006,0.273624784056481,0.0705100017465697,0.15877899162819,0.0615514641563017,0.775051575212586,0.00224711504969424,0.991787604118381,0.0411759708813507,0.849516661937863,25,FALSE
TMEM229B,9,5,0.00155786897927966,0.036032680920859,0.256072305484786,0.0655725274621141,0.2191548956324,0.0576150714723167,0.775004675483191,0.0245660361161541,0.904066017331915,0.0347728774397482,0.864206801380112,25,FALSE
CIR1,9,5,0.0010013855241112,0.0303458328633543,0.277023739581129,0.0876470593187869,0.292900611104711,0.0624330383688539,0.774629284612015,0.146508261149432,0.471134634992081,0.151275144703504,0.453927143817211,25,FALSE
GPR177,28,7,0.000603334000613634,0.0262633623803029,0.543064628696123,0.172755103043506,0.26921078044331,0.12249071056264,0.774445426768568,0.316099800475906,0.41793336598841,0.303120124586838,0.441834160117153,25,FALSE
SNORA61,8,6,0.00211871982852935,0.0397935483408409,0.26514391801147,0.101974835871572,0.307646921494788,0.059923809373572,0.773995157712877,-0.00310650269121914,1.01171628870282,0.289287050177622,-0.0910567074184523,25,FALSE
SH2D7,8,7,0.00248693119031556,0.0420032815616212,0.331969381221072,0.104595516526718,0.425974193591736,0.0759638610976485,0.771172085756122,0.0554120808237848,0.833080747929329,0.0713140097273598,0.785178953959405,25,FALSE
COL5A1,50,3,0.000176970527905701,0.0173506815614986,0.890965976259699,0.20485710327126,0.584176205547376,0.204065632658172,0.770961363177026,0.0793708478099323,0.910915960962804,0.347891023298929,0.609535007431613,25,FALSE
ZNF3,6,2,0.000371794589773812,0.0224122624518463,0.368267354840765,0.0572731670580975,0.154617064163735,0.0845280914922885,0.770470853902222,0.242487879866175,0.341543917268954,0.232079222540339,0.369807778262921,25,FALSE
RPS18,31,13,0.00000000445984544538381,0.000035139122264179,1.11610146096311,0.180856992274521,0.251466505704179,0.25653806760749,0.770148076514372,0.0864338273338479,0.922557374614256,0.768156810280336,0.311750018123373,25,FALSE
SFRP4,19,14,0.00280558559162723,0.043992083027804,0.394853931548676,0.113198244140809,0.253438462018862,0.09115914409569,0.769131983216806,0.0845588189060836,0.78584784866031,0.0734312056970169,0.814029442713135,25,FALSE
TTC7B,40,4,0.00196596048605405,0.0391156633071209,0.427479327512748,0.255739697900549,0.302987207738626,0.0987107381014238,0.769086522438959,0.0351081066412872,0.917871802490285,0.093902152403982,0.780335220067029,25,FALSE
TPK1,17,7,0.000396777838185887,0.0227740395491239,0.39613322007483,0.144479865822735,0.377076293315942,0.0916027044025132,0.768757832566505,0.0683580214376163,0.827436786481317,0.28625303509976,0.277381899337586,25,FALSE
BCMO1,7,5,0.000660176392503631,0.0267664664127788,0.468224369867157,0.0637019048216453,0.462083506916777,0.10876069881903,0.767716706309226,0.244150837154461,0.478560167161461,0.3081719103377,0.341828554491656,25,FALSE
AQP1,17,13,0.00416186346672295,0.0499106883627246,0.536451671852357,0.13380422470223,0.603202000515239,0.125051125903106,0.766892093986198,0.174060172302033,0.67553429053356,0.410661967854065,0.234484690044757,25,FALSE
ZNF703,14,8,0.00128738220380559,0.0331940871182315,0.550044434253157,0.0797581233528726,0.302090079283213,0.128791689100769,0.765852209238984,0.303094044674229,0.448964436689981,0.283358759062409,0.484843875482261,25,FALSE
TLR4,5,3,0.000620141383146638,0.0266272150289502,0.273801666169335,0.0698510925459623,0.515268877308377,0.0641368900330608,0.765754201096079,-0.00023337757295112,1.00085235994439,0.183754315611384,0.328878022613129,25,FALSE
FRZB,10,9,0.00340273317707832,0.0466914219732638,0.557202947925247,0.114015552321656,0.60946578635223,0.130657567241329,0.765511708565373,0.144388346404731,0.74086937812809,0.166592605753447,0.701019877274955,25,FALSE
ANKS3,18,3,0.0000585222805670681,0.0112462694777544,0.615607353497042,0.145957184486642,0.280083963605104,0.147996091414945,0.759593366495328,0.0168420395826998,0.972641588039801,0.137003545069621,0.777449791183692,25,FALSE
NFU1,10,10,0.00329372832438896,0.046053577896809,0.340479560564057,0.121195855114641,0.236246821696374,0.0819860648944667,0.759204150878708,0.0819860648944667,0.759204150878708,,,25,FALSE
PSCA,9,5,0.00136756235049363,0.0339906112288305,0.311950419639181,0.0829032238501463,0.524068319708663,0.0757214387298711,0.757264507553942,-0.0149317982284736,1.04786593409858,0.265685588124694,0.148308284271581,25,FALSE
GJC3,6,5,0.000351339422290623,0.0215806143839727,0.534678745593405,0.0689205064298519,0.268192257726294,0.130713941297786,0.755528076672068,0.0484924811684794,0.909305388388572,0.313665846056433,0.413356433855781,25,FALSE
YPEL2,13,8,0.000927039572429579,0.0297564688994128,0.431610732161675,0.106399374365616,0.235777011039391,0.105574304306158,0.755394626594662,0.0836999681544744,0.806075331502365,0.0839993875986228,0.805381605832828,25,FALSE
AHI1,12,9,0.00196531450233669,0.0391156633071209,0.410975393359451,0.0985621346287524,0.256949480003135,0.100628191250488,0.755147892364262,0.202273547421046,0.507820782729608,0.185660579977764,0.548244048238235,25,FALSE
ACAN,14,8,0.00371670611409848,0.0476455557293372,0.193865124815464,0.125615605847568,0.4324501990298,0.0475999829234886,0.754468561744677,0.00683517712549012,0.964742616125534,0.043127253719145,0.777539906880122,25,FALSE
MLL5,15,8,0.00399059637631053,0.0492160909802192,0.180015170398348,0.117799869729485,0.193497089702838,0.0442764255502987,0.754040587510924,0.195834866897829,-0.0878797962664677,0.190253301353702,-0.0568737119915959,25,FALSE
GIT1,10,3,0.000000399669027492922,0.000572544048657588,0.596868217791278,0.0872515845443148,0.188768735573048,0.147156667562519,0.75345199630988,0.263029077644587,0.559318003867032,0.265132943054192,0.555793163128501,25,FALSE
C17orf50,6,3,0.00303675686067028,0.0449390104036227,0.300029437741175,0.0727088515919114,0.247056977328917,0.0743121238116014,0.752317224699438,0.203005267779935,0.32338216773562,0.210664152390105,0.297855057236625,25,FALSE
RPL3,24,1,0.000270843300397625,0.0193997669439353,0.728051978824206,0.165906987616603,0.398780722627463,0.180882682160661,0.751552516273929,0.134221513019656,0.815642952806169,0.366837178733168,0.49613875189845,25,FALSE
TIPARP,8,5,0.00150479720389191,0.0355987045160122,0.336277709660715,0.0877349971628108,0.249756993938445,0.0840460050052787,0.750069651984735,-0.00360693307755088,1.01072605460882,0.225941035532492,0.328111768810208,25,FALSE
LHFP,21,4,0.000232069718078935,0.0183766563692857,0.472876848163465,0.106547444903367,0.374114680653573,0.118309171683631,0.749809760949147,0.100121493627428,0.788271525628131,0.200873678258376,0.575209319215947,25,FALSE
SNORD76,9,9,0.0000000441868270696008,0.0000874719245567852,0.576894022536741,0.106532023522632,0.300075884870838,0.144525649163632,0.749476258172831,0.144525649163632,0.749476258172831,,,25,FALSE
MARCKSL1,12,10,0.00156402337161403,0.036032680920859,0.225336243922498,0.109806417851532,0.3767792753849,0.0565538468831941,0.749024631374236,0.0793732860832006,0.647756238847666,0.0969252507271303,0.569863910749899,25,FALSE
CACNA2D4,49,3,0.00232159479873872,0.0411515082548085,0.19210603821801,0.192835650313645,0.335608678121231,0.0488507116485535,0.745709650244748,0.0508372942250749,0.73536857718453,0.0453451662418112,0.763957621205265,25,FALSE
IFFO2,21,4,0.0000356183774637238,0.00863499064728245,0.563427826289565,0.135370187443488,0.173994716768383,0.143552209672311,0.74521632944956,0.0103375191984875,0.981652451802807,0.124727036695579,0.778628191800598,25,FALSE
ZNF207,11,8,0.00127524719560657,0.0330515547835004,0.353634195044191,0.0888569900196213,0.171259957986497,0.0906740584936229,0.743593634992532,0.119161849930026,0.663036404284559,0.108656628953253,0.692742866849527,25,FALSE
B4GALT6,6,4,0.00377132333031235,0.0478490443148648,0.267340485432054,0.0369407977803817,0.407268092930705,0.0691379732808114,0.741386071140418,0.0847884293038058,0.682844784370098,0.0731140449679007,0.726513382925374,25,FALSE
SERAC1,5,5,0.000435665599501755,0.0237550813735248,0.256849596699499,0.0696895397815547,0.313062399883439,0.066551485709078,0.740893166412327,0.066551485709078,0.740893166412327,,,25,FALSE
KIAA1161,13,5,0.00375576136105479,0.0478331455606869,0.248289405924789,0.118231201756854,0.276544072313567,0.0655256317011446,0.736091713389521,0.00173176850391537,0.993025201790366,0.107982209680779,0.565095380213328,25,FALSE
SMOC2,111,8,0.00130809907160475,0.0333544096607566,0.515276431103264,0.367598748695153,0.462577730517499,0.136183607759821,0.73570767157303,0.127143125037079,0.753252589556927,0.289462351805394,0.438238711625867,25,FALSE
GDAP1L1,12,9,0.00178844556992422,0.0378498906630447,0.248441057531009,0.0727932998908492,0.552417902315733,0.0660875891148345,0.733990871832503,0.0357353063435065,0.856161832916662,0.130411003145647,0.475082724080861,25,FALSE
ARID5A,15,4,0.00316237831429823,0.0457042316124032,0.547949388070806,0.141079753609224,0.2084300716957,0.145973274175433,0.733600808115931,-0.011160750591584,1.02036821435439,0.15083190015597,0.72473388338472,25,FALSE
SIGLEC12,10,10,0.00224677269526711,0.0407276378239571,0.447617582702919,0.109502273294974,0.614830467050911,0.119915263396446,0.732103322053742,0.119915263396446,0.732103322053742,,,25,FALSE
RPL4,11,5,0.000752640550831567,0.0279890213142297,0.362235998720786,0.101378157542814,0.234283077852623,0.0974497207809238,0.730977260335634,0.00331503474640132,0.990848411648461,0.285707522620598,0.211266898846177,25,FALSE
CLCN1,15,4,0.00261590865971185,0.0430827289355634,0.35976181024822,0.0974457526999606,0.370675650745249,0.0969597252206421,0.730489111243508,0.203237123094881,0.435078662310887,0.211213256843109,0.412908066319266,25,FALSE
IL1F10,6,5,0.00200059500177435,0.0392180495590006,0.289178200981238,0.0659737325322411,0.492613769409855,0.0784807556896108,0.72860763562637,0.180577096144859,0.375550800398766,0.33124236636197,-0.145461052174751,25,FALSE
BEST3,6,6,0.000383566630669632,0.0225374478021301,0.592729493087239,0.0916405879848648,0.190197835338854,0.16108959695637,0.728224090693829,0.16108959695637,0.728224090693829,,,25,FALSE
RPL30,9,4,0.00365464659382354,0.0474772638297373,0.238435867710023,0.0739246858442676,0.18469663462209,0.0649600190394048,0.727557688097469,0.0614486974871915,0.742284170257794,0.0709097778169195,0.702604400512605,25,FALSE
C10orf4,7,6,0.00367068442995791,0.0475726772012834,0.292218315157078,0.0729235798872799,0.222677534836659,0.0798255266902317,0.726829146053619,0.0807088551086533,0.723806308768602,0.0719607098906327,0.753743327648881,25,FALSE
MIR17,6,6,0.000104914127433235,0.0130870122543094,0.436935263553669,0.101482842886218,0.336383623001973,0.119612269820456,0.726247158795038,0.119612269820456,0.726247158795038,,,25,FALSE
MIR18A,6,6,0.000104914127433235,0.0130870122543094,0.436935263553669,0.101482842886218,0.336383623001973,0.119612269820456,0.726247158795038,0.119612269820456,0.726247158795038,,,25,FALSE
ZNF333,5,3,0.00262192772237627,0.0430827289355634,0.279553366059684,0.0795103227693215,0.20607675520351,0.0768884681303408,0.724959605337303,0.16660491886213,0.404031791101523,0.159162305965957,0.430655018720194,25,FALSE
SNORD37,7,6,0.00399232379875433,0.0492160909802192,0.423204212638942,0.115649699437856,0.683280068897492,0.11726668766842,0.722907560543432,0.117732235900074,0.721807504783706,0.0815008877699325,0.807419478975118,25,FALSE
C20orf202,5,3,0.000782226316603425,0.0284468875915341,0.431907729527913,0.0677136706689544,0.51215974165784,0.120221175148056,0.721650790367976,0.0270032942843438,0.93747902054483,0.177859850223635,0.588199427646177,25,FALSE
ABCC2,12,4,0.00114271356419543,0.0320978259261881,0.406996349831138,0.0937050270949128,0.350008520838641,0.113607844169747,0.720862744304998,0.156634812652071,0.615144428894612,0.149546259198007,0.632561178349502,25,FALSE
KCNK18,9,8,0.00342448648422798,0.0467550566615481,0.480121820173999,0.0740619836006208,0.699504332655527,0.13411076056194,0.72067347300871,0.11727534859923,0.755738348745056,0.195864931651298,0.592051593113774,25,FALSE
PCK1,7,5,0.00382953495415177,0.0483153016873688,0.171656243734114,0.0756916871579015,0.573250381894167,0.0480593792825454,0.720025451815276,0.0243161614236601,0.858343856916009,0.0705634896067701,0.588925587139906,25,FALSE
TRIM29,20,8,0.000594250929056219,0.0261570003912511,0.455455541128399,0.142681243179193,0.355974656044456,0.12866306480091,0.717506862509248,0.052627279066838,0.884451336487305,0.103501675359581,0.772751309374449,25,FALSE
RGMB,21,7,0.000485062542840505,0.0248285029431898,0.840063370280453,0.0976400561372249,0.217738955057416,0.238502376069306,0.716090018316496,0.0515018949216868,0.938692845392731,0.234448756136999,0.720915392301025,25,FALSE
PKMYT1,7,4,0.0000312766272362748,0.00811368296626401,0.407115472562842,0.0887620298850235,0.186286338331446,0.115929365739407,0.715242054030475,0.0487657744725062,0.880216356883909,0.101874019028453,0.749766280345123,25,FALSE
HIST1H2AG,12,12,0.00354748278969187,0.0471342612141354,0.248268297546419,0.0982524938664911,0.684863536592981,0.0707948053240239,0.714845568187025,0.0707948053240239,0.714845568187025,,,25,FALSE
VIPR2,52,2,0.00332922213011183,0.0463035148511052,0.31333186404442,0.266540681449969,0.39381031637784,0.0896801632111465,0.713785371032572,0.0135986454261381,0.956599864276139,0.118028689053277,0.623310928132912,25,FALSE
RTL1,35,35,0.00246402704911395,0.0420032815616212,0.552979497005422,0.169890833830081,0.682532224786694,0.159165170198315,0.712168044095214,0.159165170198315,0.712168044095214,,,25,FALSE
PRSS12,11,7,0.00145197432670137,0.0349316205193286,0.510204847881092,0.0763329738646241,0.406738328565341,0.147216624024912,0.711455850260322,0.139354190600368,0.726866196628446,0.138223360685949,0.729082619931978,25,FALSE
TRPV6,15,6,0.0000940380899032481,0.0129987036903104,0.584325375645995,0.108217673490603,0.565726180057787,0.168669623470045,0.711342976875557,-0.00726781579333277,1.01243796024655,0.375052173528149,0.358144983668536,25,FALSE
EIF4A2,11,4,0.00322737626598692,0.0458584266901911,0.245741882022232,0.0971484023695225,0.341533011071661,0.0709480826110499,0.711290228481967,0.0782854237430023,0.681432309792761,0.219965149100033,0.104893527753915,25,FALSE
IL28B,5,4,0.00120891697211504,0.0327165617646729,0.350827602551598,0.0508526364872894,0.741281521831126,0.101480219324049,0.710740493091266,0.135232171848352,0.614533831247035,0.209404651625008,0.403112383113556,25,FALSE
CAPSL,5,5,0.000161447531392606,0.0169150999052999,0.327168575564732,0.0633808197886633,0.545538319591098,0.0946434982457577,0.710719472118031,0.0946434982457577,0.710719472118031,,,25,FALSE
SLC36A3,5,3,0.00359487360524777,0.0472854910446531,0.257187042569967,0.046997865061242,0.5139611473184,0.0747011164166414,0.709545567808615,0.145092265909057,0.435849238518364,0.144883876438047,0.43665950278723,25,FALSE
KIAA0748,10,9,0.000748825958821728,0.0279890213142297,0.324690829832883,0.0991585674740138,0.511890650124955,0.0949671099009186,0.707515269372412,0.0967363687841906,0.702066212236482,0.0655538282466499,0.798103850729661,25,FALSE
PBX1,55,8,0.00011045644306531,0.0130870122543094,0.911244886699046,0.217691866867145,0.387524266401822,0.267558199737672,0.706381672322033,0.0874949155017915,0.903983093042378,0.283812395687088,0.688544320160535,25,FALSE
NRXN3,58,22,0.000186793108803539,0.0177109789894706,0.465091513021316,0.206974896639409,0.33637821124279,0.137950010490865,0.703391683940399,-0.00839211593777215,1.01804401005569,0.137015986189857,0.705399943121351,25,FALSE
EXPH5,23,18,0.00115485907890081,0.0322691639375048,0.697119312718185,0.143034085192213,0.318062931841886,0.209761585052773,0.699102318317826,0.210966215747252,0.697374306093086,0.180011611998788,0.741777901265004,25,FALSE
MIR632,7,5,0.000811520942658724,0.0289730615025021,0.36297090707704,0.0856743029332826,0.214149934096855,0.109751071514671,0.697631216786815,0.00806968027040816,0.977767694013296,0.212052559304497,0.415786347693456,25,FALSE
FKBP3,9,6,0.0000767077862233008,0.011989849098394,0.577220330937826,0.0752407852989639,0.345760290449995,0.174658621242931,0.697414294193071,0.265319054094925,0.540350469527203,0.338019130167411,0.414401898113634,25,FALSE
TMEM44,9,0,0.00254414191195781,0.042559010879651,0.210246960004034,0.0860924168863994,0.301285008276617,0.0638061374043922,0.696518145122442,,,,,25,FALSE
RNF165,13,10,0.00151648434709522,0.0356665934920122,0.411174626336201,0.0781606292630826,0.43506310545959,0.125393580321127,0.695035704322382,0.16689477071031,0.594102456668017,0.195555186763549,0.52439870011908,25,FALSE
TMEM98,10,8,0.00202168037026505,0.0392682574879791,0.34061353527038,0.0720640347266431,0.323654385590641,0.104111681278559,0.694340739583603,0.124588337327555,0.634223762632755,0.140258035585202,0.588219430346875,25,FALSE
FRMD6,24,19,0.00203496668221945,0.0392682574879791,0.398174700394163,0.162124131370895,0.38365402540538,0.121785329006368,0.694140966551089,0.0680909195338234,0.828992350678186,0.18632701082745,0.532047087263454,25,FALSE
BDKRB1,8,5,0.00106545783004949,0.0311567113744375,0.613008734618538,0.0709272827447665,0.448539897349051,0.187722212255855,0.693769106939936,0.182810816440774,0.701781057729083,0.17232780125436,0.718881980757426,25,FALSE
ZNF238,16,16,0.000261947702060808,0.019121570441925,0.413798954292002,0.123264178457537,0.432143698616173,0.127219687373905,0.692556769285282,0.127219687373905,0.692556769285282,,,25,FALSE
DTWD2,11,4,0.00164649901263136,0.0364352300311685,0.266216039901782,0.111824596970936,0.167845276656845,0.0823185991293696,0.69078272233431,-0.00998534296522351,1.0375084197365,0.137769691375506,0.482489141426882,25,FALSE
BRPF1,5,1,0.00227624786495766,0.0408205766030516,0.380198296004344,0.0602278648329491,0.227691395216997,0.118819892192095,0.687479156427527,0.0613084454734561,0.838746132958062,0.31560535259081,0.169892774618843,25,FALSE
CGB8,6,6,0.00154372099426039,0.035964702131969,0.37873677080448,0.0791288710154586,0.570246469357313,0.119284770446759,0.685045710789093,0.119284770446759,0.685045710789093,,,25,FALSE
CD52,7,2,0.000253222814163362,0.019121570441925,0.299982066427716,0.083944708685914,0.706297660354796,0.0946981680384349,0.68432056900557,-0.0171625822482626,1.05721202754765,0.193331708065322,0.355522447166331,25,FALSE
C10orf12,9,9,0.00163716624859879,0.0363358672470699,0.276527946951927,0.07240311958287,0.287739254038592,0.0876969380455408,0.682864104651287,0.0876969380455408,0.682864104651287,,,25,FALSE
ZCCHC14,52,4,0.0000314084694086879,0.00811368296626401,0.4719423279843,0.179307655585463,0.178628894152664,0.149701707383453,0.682796607749003,0.000594285290014916,0.998740767134507,0.252740520649299,0.464467360389623,25,FALSE
AGXT2L1,8,6,0.000809399032468102,0.0289730615025021,0.23751159941508,0.115291597744362,0.398641029315139,0.0760368237688451,0.679860588046642,0.108352199847907,0.543802491689894,0.0943157419224406,0.602900480840884,25,FALSE
ADCY3,28,11,0.00230380887457627,0.0410208138368055,0.630166201606362,0.168130204842825,0.182460416846963,0.201959502793432,0.679513908745637,0.207970890283098,0.669974540441938,0.214471359858024,0.659659056116761,25,FALSE
IGFN1,12,6,0.00212540012988717,0.0398313967999375,0.281151075520036,0.0814840614860871,0.481764416372183,0.0901107569588777,0.679493465240342,0.0989988995579604,0.647880061014011,0.0863936710789678,0.692714420817462,25,FALSE
CUL5,8,6,0.0028084804877504,0.043992083027804,0.432187181181947,0.0807715715114317,0.235144587742201,0.139120579159652,0.678101097817883,0.111411354635441,0.742215041337522,0.136515089246498,0.684129712331689,25,FALSE
LOC388796,22,6,0.000313181350666095,0.0203229402576248,0.534872098757202,0.216093891709459,0.233637945171688,0.172325968900098,0.677818361996251,-0.0130691074865139,1.02443407969285,0.217781395877024,0.592834630217115,25,FALSE
SNORD83A,8,7,0.0000902811001325416,0.0127022283561481,0.560123876115426,0.0761945584684288,0.513189861094328,0.180974490540713,0.676902738380289,0.205075183222673,0.633875305146941,0.178735456940796,0.680900128413802,25,FALSE
SORBS2,52,37,0.000826645067873442,0.0290390889635771,0.471897114944888,0.23837207845991,0.294004879565549,0.152735905002914,0.676336429772935,0.101901701349495,0.7840594949147,0.158301280210923,0.66454280986776,25,FALSE
CYP4X1,7,6,0.00292621431022323,0.0442526728411686,0.325292908389891,0.0762465828824813,0.475621140931205,0.105858186483266,0.674575793836901,0.120093523054326,0.630814198659432,0.1105338352235,0.66020213668164,25,FALSE
LOXHD1,29,21,0.00090164723685174,0.0295355261295899,0.609879288077167,0.212930746524818,0.574763560189185,0.198911854781535,0.67385045094962,0.196464820030571,0.677862777321088,0.183625041439103,0.69891576082533,25,FALSE
RPS3,16,4,0.00131995057101175,0.0336022311760955,0.519265498165276,0.119922930377692,0.256808385583539,0.169901810574941,0.672803582800597,0.0872421078497101,0.831989400108493,0.369346576298973,0.288713427708971,25,FALSE
NOLC1,7,5,0.00105475118645311,0.0310549472110177,0.289486724859806,0.0915428205842466,0.171772991387058,0.0947821937073295,0.672585353427757,0.0458236416613972,0.841707277998365,0.155106066732091,0.464203179585499,25,FALSE
CEP55,7,4,0.0000142788656017256,0.00625017678199979,0.382462166761643,0.0795444518958745,0.157749179371227,0.125255595620751,0.672501997566697,0.285935422951212,0.252382463415233,0.268366220807732,0.298319561696719,25,FALSE
CRBN,6,5,0.00151499850443834,0.0356665934920122,0.404734738693071,0.0546575209513987,0.223792937860532,0.132835921871256,0.67179510634497,0.0227449394828378,0.943802848363638,0.205042073341264,0.493391464238119,25,FALSE
SIPA1L2,16,7,0.00027239049378738,0.0194223049823599,0.606803016477134,0.0925739107858793,0.652736966993307,0.199573508485989,0.671106597912719,0.243863567300686,0.598117410957406,0.265768038739853,0.56201925250339,25,FALSE
C17orf54,7,0,0.000484574305624332,0.0248285029431898,0.326127328008789,0.0807517312112627,0.447611645192281,0.107620864504749,0.670003537692345,,,,,25,FALSE
TMEM100,9,8,0.00409652352721289,0.0495475827639428,0.258436842778125,0.0659771656181809,0.44245890487122,0.0857268335171347,0.668287104131149,0.0757641871568648,0.706836740681318,0.105876667504861,0.590318987158657,25,FALSE
C21orf84,7,6,0.000316327918841805,0.0203817337377146,0.373893016986499,0.0974187596849884,0.298617626256213,0.12542597072354,0.664540483439763,0.125058118496601,0.665524326973145,0.104767487769965,0.719792873869724,25,FALSE
C17orf74,7,3,0.00217645287885966,0.0400196400709278,0.360555372721886,0.0511979595357275,0.41393529636432,0.121412946211576,0.663261303541226,0.167371629195072,0.535794937871655,0.163667090571656,0.546069472391693,25,FALSE
FSTL4,39,15,0.000648214752187699,0.0267664664127788,0.253814278372493,0.107935320845203,0.2354037587511,0.0855028595617365,0.663128252240191,0.0536148709045948,0.788763377504277,0.0694571298990609,0.726346640762555,25,FALSE
LIPT2,6,5,0.0000650787792987957,0.0115226000470834,0.474678631193803,0.0771878303003642,0.278070001074525,0.160415631895294,0.66205423763894,0.0648038002364156,0.863478581133016,0.350903902969358,0.260754793012601,25,FALSE
RASGRP3,16,13,0.00360785197949044,0.0473097427339876,0.442638904583891,0.117620456184486,0.229809456545516,0.149888076433561,0.661376180716728,0.0904419736243916,0.795675498272315,0.204616093935568,0.537735856887862,25,FALSE
STXBP6,13,5,0.00209522375370222,0.0396747415239348,0.340204909778878,0.092542506880317,0.560021103642801,0.115612930966416,0.660166777012242,0.0322736646970739,0.905134629838086,0.339648578700937,0.00163528233117793,25,FALSE
ZMIZ2,12,10,0.000720419114144194,0.0276718800664789,0.329320456589641,0.0798136066623199,0.209047063631986,0.11221678094723,0.659247463369514,0.193284460969609,0.413080915254359,0.185488977412559,0.436752337424051,25,FALSE
PALM2-AKAP2,15,1,0.000866980112408704,0.0295355261295899,0.294676242363545,0.0750235523218967,0.206533783651291,0.101211970505811,0.65653162367618,0.0807033578827353,0.726128726104866,0.247332912679294,0.160662187438385,25,FALSE
KBTBD8,9,5,0.00139365386237595,0.0342074728400627,0.332619948988531,0.0689533085276276,0.442778579609569,0.1145899497907,0.655492852611041,0.132594266632465,0.601364058182099,0.121043446800491,0.636090838301871,25,FALSE
CRYGC,7,5,0.00124283783745811,0.0327986242092075,0.267724533391393,0.0545874356005708,0.433939428931335,0.0924907727544639,0.654530081413012,0.0751408478416059,0.719335217845891,0.0831583358468196,0.689388436713612,25,FALSE
MIR1236,6,6,0.0000607659228411122,0.0113993977634553,0.365139089808879,0.0549527745236486,0.447384752019164,0.126602080049524,0.65327711115293,0.126602080049524,0.65327711115293,,,25,FALSE
PHKG1,12,9,0.0032022975803801,0.0457347643819384,0.333406781600121,0.0987781611466871,0.481457380243378,0.115602186857729,0.653269839614783,0.178112540995142,0.465780089594082,0.21455001709367,0.35649174241754,25,FALSE
MYO3B,14,1,0.00253978013841936,0.0425311959842851,0.404095123346766,0.0932854561330503,0.296784495307473,0.140341283237204,0.652702358605864,0.0985431224146118,0.756138798215466,0.190860505872187,0.52768421382704,25,FALSE
NAA20,9,9,0.00125293754619103,0.0327986242092075,0.240612329565688,0.0755955627145711,0.290118774766752,0.0840863884125482,0.650531672402962,0.0840863884125482,0.650531672402962,,,25,FALSE
CCRL2,12,10,0.000412542265588114,0.0231877053827002,0.511501010708842,0.0843646545592566,0.623058038443883,0.178869695529644,0.650304316541301,0.172834108711113,0.66210407195169,0.149624327679688,0.707479898285367,25,FALSE
KIAA0776,5,2,0.0000704189533562519,0.0117504735601196,0.432355221058397,0.0618111586774313,0.287196245919964,0.151585714809237,0.649395433601661,0.143620944236311,0.66781725479172,0.14896877251937,0.65544819337512,25,FALSE
CHST2,18,12,0.00122488645417415,0.0327165617646729,0.498382691383041,0.108626314730948,0.443619063074716,0.175235409840538,0.648391862578034,0.102602121145077,0.794129846563592,0.240584603754475,0.517269343590486,25,FALSE
MIR19A,5,5,0.0000874284395276959,0.0126394252300682,0.44077324917058,0.100305041872966,0.462470504678369,0.155016472829999,0.648307892727839,0.155016472829999,0.648307892727839,,,25,FALSE
ADCY4,17,7,0.0000194723092803409,0.00745515098513907,0.45865056127175,0.134685530696597,0.25241100279515,0.161469907849636,0.647945687885106,0.363026864092836,0.208489218706651,0.444600027820701,0.0306345061741338,25,FALSE
SPATA18,20,10,0.00203811359434425,0.0392682574879791,0.279450021400897,0.118401132379378,0.455498236562012,0.0986870309578798,0.646852662729612,0.206043171798974,0.262683284953533,0.265642712697865,0.0494088661500745,25,FALSE
UTP15,9,8,0.0020529663267663,0.0394039505203208,0.29242394004224,0.118569023904328,0.276098914366322,0.103721543145195,0.645304200708694,0.108651118082224,0.628446569502725,0.094550045788027,0.676667902859221,25,FALSE
MIR548F3,7,4,0.0000627488316639181,0.0114976289460468,0.372999815458752,0.0978308942896095,0.637072166489726,0.132363904727445,0.645136809076832,0.0370300414433062,0.900723700364937,0.32623977186834,0.125362109182017,25,FALSE
C1orf66,6,5,0.00410014265288625,0.0495475827639428,0.201699512039786,0.0496715448721042,0.210473061179877,0.0718914530645522,0.643571507250988,0.0818552467111189,0.594172311656498,0.0664858147890858,0.670371960166314,25,FALSE
LDB2,28,5,0.000693718034237184,0.0274663537274109,0.430770997147445,0.18968005262877,0.499562146880197,0.153591565160818,0.643449614347537,-0.00387565145840519,1.00899701113601,0.36538091838644,0.15179777467382,25,FALSE
LOC390858,7,6,0.000829435776752527,0.0290390889635771,0.418986545523956,0.0666752667119401,0.265367847111969,0.149814435853492,0.642436165423536,0.249131612368674,0.405394719639201,0.419193066653436,-0.000492906351496458,25,FALSE
ZNF648,12,5,0.00066069559297745,0.0267664664127788,0.467572752885569,0.103017874970736,0.464178270387038,0.167255410930899,0.64229008234825,0.270216900810179,0.422085869754882,0.277622614045963,0.406247236750542,25,FALSE
FANCM,9,8,0.0000767077862233008,0.011989849098394,0.57162609596052,0.0644788663312663,0.27152513381931,0.204636088237304,0.642010591043,0.161152912255552,0.718079854306228,0.1840351126726,0.678049840668382,25,FALSE
STRN3,13,2,0.000703062911710111,0.0275580207106006,0.378355858457955,0.0724905720914718,0.187888131147828,0.135633965519682,0.641517469631689,0.0217487241485147,0.942517807872317,0.118108647871746,0.687837137362918,25,FALSE
TMEM37,8,1,0.000958949278649681,0.029982386374924,0.43622489141661,0.0925513048660525,0.318121720342708,0.156707233198249,0.640765035921373,0.0257877953284991,0.940884172737702,0.140155883864715,0.678707275484512,25,FALSE
CCNJL,16,6,0.00249794642434087,0.0420541023020976,0.208743061607353,0.118514495023047,0.225756303575515,0.075146198524487,0.640006245257447,0.00631898876347759,0.96972838898299,0.0836054992706877,0.599481301908131,25,FALSE
C1orf157,6,4,0.00314670001391575,0.0457042316124032,0.37391316185855,0.0590346816954842,0.622340737009654,0.134774736399802,0.639556051651407,0.110749369283964,0.703809920106905,0.116355821840512,0.688815923830655,25,FALSE
MYO1G,11,7,0.000000000175175349099993,0.0000027604131511177,1.38918627556077,0.0944809407915826,0.428525365878964,0.503662032868311,0.637440966896251,0.0330684488828087,0.976195813718747,1.15747607481674,0.166795630521543,25,FALSE
NUDCD2,11,8,0.00209366329896704,0.0396747415239348,0.37015729111761,0.101589409335397,0.31113434943128,0.134464882792111,0.636735825502388,0.121014849564323,0.673071819823015,0.118831180200586,0.678971121055591,25,FALSE
ANKRA2,8,8,0.0018248589571256,0.0381104389546786,0.298915594061084,0.117239560233443,0.338070357404158,0.108651118082224,0.636515724703139,0.108651118082224,0.636515724703139,,,25,FALSE
TM4SF18,5,3,0.00208903169820395,0.0396747415239348,0.422697312738164,0.0841893738445561,0.589178883448356,0.154297896148058,0.634968353244213,0.135824135829418,0.67867281921058,0.14378724640208,0.659834018175678,25,FALSE
RXRG,11,10,0.00188485289542785,0.0388763245106702,0.484526017622681,0.114800561651563,0.621755857129169,0.177079836748349,0.634529766601208,0.193468089027214,0.600706500805752,0.197497445512585,0.592390422125105,25,FALSE
CASQ2,8,5,0.000257842531399198,0.019121570441925,0.34867730815054,0.0837844954415168,0.283366746976115,0.127578451562584,0.634107386456297,0.119853410553007,0.656262659624351,0.118652960163892,0.659705528893599,25,FALSE
RPS10,6,3,0.00123480746227392,0.0327165617646729,0.302012784471647,0.0577082361498249,0.172153218189919,0.110917125999178,0.632740295437423,0.00735438694485234,0.975648756201767,0.192186427130661,0.363648040705032,25,FALSE
GABRP,9,7,0.00399683670020995,0.0492160909802192,0.353897698178671,0.0823322940460161,0.39806381382457,0.130856238378675,0.630242753620258,0.0701047969295647,0.801906603828287,0.190316898633629,0.4622262320069,25,FALSE
ZNF680,8,7,0.00303719038455757,0.0449390104036227,0.172769702502329,0.0872357978157329,0.383726905005231,0.0640761972460185,0.629123646577126,0.0757228731209914,0.561712082475972,0.0681817430311716,0.605360534609634,25,FALSE
TRIB3,9,4,0.00236715009310604,0.0413451410980571,0.604866632246886,0.0785422318654678,0.228157764531235,0.225635059912986,0.626967255451299,0.109163795327253,0.819524190114862,0.20756696623697,0.656838457982176,25,FALSE
EPHB3,23,4,0.0013619267492682,0.0339576609414055,0.414034729921954,0.178159178077714,0.2566566863929,0.155314165807378,0.624876478751783,0.0564947411587827,0.863550719116167,0.149906186198972,0.637938135703665,25,FALSE
SULF2,10,6,0.00122901159036093,0.0327165617646729,0.344559674220446,0.0749729665946857,0.313265049123672,0.129684292432558,0.623623127906757,0.227601810404236,0.339441532387163,0.439330223665746,-0.275048290719785,25,FALSE
PLIN1,9,3,0.00191079264859579,0.0389906849529557,0.359501554593773,0.0880741819308334,0.262800200007003,0.135331014957335,0.623559305299095,0.192541731188236,0.46442030993217,0.204909826478679,0.430016855670565,25,FALSE
GLYAT,5,2,0.00312764083472195,0.045634596549582,0.343013391580602,0.0710408449943968,0.868876536401857,0.129749484923184,0.621736386660299,0.203996048650738,0.405282552641088,0.292641069600083,0.146852348091727,25,FALSE
QARS,7,4,0.00172543698424344,0.03732516387354,0.212749105695621,0.0891440512290643,0.230905271572334,0.0810202925767346,0.619174462276472,0.178737349385657,0.159867916712303,0.175738820483844,0.173962118857167,25,FALSE
NLRP1,5,3,0.00301405978004665,0.04478198191885,0.255439292618013,0.0818456492276591,0.386843071630107,0.0978766662740919,0.616830029276436,0.158405141653474,0.379871671151412,0.141114644445649,0.447560933169849,25,FALSE
GAS5,15,6,0.000000073644711782668,0.000128943707585698,0.653783857049429,0.100313816106186,0.230760788200088,0.250727485022983,0.616497895566689,-0.00549020532213499,1.00839758471081,0.405289021755762,0.38008713830155,25,FALSE
NUCB1,6,4,0.00320152516122365,0.0457347643819384,0.20574209634218,0.0777384438291914,0.213254530248314,0.0789041178684621,0.616490162823884,0.20566512738108,0.000374104096671823,0.197112530991906,0.0419436056290661,25,FALSE
FAM69C,6,2,0.000338556309114625,0.021170517139001,0.382792299290365,0.0719184842173174,0.325297715745072,0.146930996522171,0.616159999052861,0.316026552951371,0.17441768411425,0.345842929568213,0.0965258961338845,25,FALSE
DNAH8,12,6,0.00000574333228663143,0.004113792280579,0.574657246226669,0.119194860711345,0.406420803082505,0.220873600039954,0.615642887146624,0.128623970005335,0.776172717128498,0.234429580035688,0.592053208107952,25,FALSE
CECR2,7,6,0.00063500109957882,0.0267664664127788,0.38676454132983,0.0752043519459956,0.522067084044621,0.14949135670242,0.61348225928774,0.190131579437499,0.508404832604973,0.403821841649041,-0.04410254430399,25,FALSE
HMGCS1,6,5,0.00315377158923443,0.0457042316124032,0.203407192116913,0.0606423477973113,0.153623873534733,0.0787629682665414,0.612781792783066,0.125950553671482,0.380795967140192,0.135246222665698,0.335096162244046,25,FALSE
ALB,10,1,0.00215332197856754,0.0399399581202884,0.319048633910707,0.119735367714843,0.475806965778366,0.123721108564258,0.612218654417168,0.0395854341221818,0.875926645925522,0.260781035612742,0.182629204782216,25,FALSE
HSPH1,10,8,0.00256159861135076,0.0428055895203236,0.138208772373266,0.105068975942303,0.28414088450413,0.0536471471526552,0.611839782443273,0.12443310010173,0.0996729226009768,0.119968795750418,0.131974087531769,25,FALSE
DYRK1A,9,5,0.00237442872191525,0.0413451410980571,0.290736296758434,0.118048314525469,0.166188313945768,0.113168015686725,0.610753741626027,0.000744665070985132,0.997438692453306,0.0951378318517526,0.672769334574003,25,FALSE
SLC2A13,13,5,0.00285063929674018,0.0440720760663499,0.236797445499263,0.140702679350567,0.222769244845389,0.0922474671388863,0.61043723700485,-0.0136027641875046,1.05744472521156,0.136613068197084,0.423080481678976,25,FALSE
RIOK2,9,7,0.000537514486575576,0.0248898369608927,0.219198898083218,0.107601496756384,0.372148676326407,0.0863662058712512,0.605991605676492,0.0615491060001997,0.719208871310874,0.0701090533848528,0.680157820144534,25,FALSE
CCL28,13,3,0.00274690056965999,0.0435867929619545,0.578023921543205,0.10472017408353,0.367311816235051,0.228228360129695,0.605157586695768,0.00977117715581203,0.983095548831742,0.208097448874847,0.639984711499016,25,FALSE
RAB36,11,8,0.0000130549683034385,0.00618405103817458,0.392824843891314,0.109824255877162,0.256093586546547,0.155600567194483,0.603893262826487,0.0791571632773707,0.7984924718782,0.318153772589072,0.190087446004056,25,FALSE
RPS27,5,4,0.00288429693404663,0.0441562308334457,0.16766309994539,0.0539787740678861,0.186359626730944,0.0664599246428,0.603610307429321,0.00527520894313,0.968536851908093,0.0675515262949872,0.597099622296202,25,FALSE
KNTC1,12,11,0.00339268896742389,0.0466914219732638,0.202999503153304,0.0877062563858839,0.259673609948899,0.0805602933238669,0.603150293116588,0.116870619410624,0.424281253918322,0.186844655697729,0.0795807241132765,25,FALSE
LOC257358,5,4,0.00118762915807704,0.0327165617646729,0.314471475558057,0.0416399535143791,0.307435166205914,0.125241942832965,0.60173830516516,0.0526522792530037,0.832568982100625,0.251209580325855,0.201168945831852,25,FALSE
HYAL2,22,15,0.0010491874726786,0.0310041288141197,0.23672564602096,0.116892163306403,0.288584139190926,0.0948087690099865,0.599499375738984,0.142278627920245,0.398972480118832,0.135899910302643,0.425918093003701,25,FALSE
ETV1,32,29,0.00127866433828588,0.0330857022047766,0.649477319116755,0.17802044351144,0.318035948783112,0.260297148402912,0.599220572079564,0.261028092997996,0.598095136943387,0.239865804977227,0.630678704371958,25,FALSE
SNORA68,6,5,0.000613765144544046,0.0265705904494198,0.370611787109844,0.0905868684477642,0.791421549356519,0.149509287996638,0.596587876595717,0.171225852448021,0.53799134727123,0.184721734339685,0.501576202472653,25,FALSE
MCART2,5,5,0.0011241874280897,0.0317060175624477,0.258532528764269,0.0421831748603826,0.537632309776107,0.104374781585908,0.596279887545303,0.104374781585908,0.596279887545303,,,25,FALSE
SNORD77,6,6,0.0000000294578847130672,0.0000773662245514188,0.556364368789572,0.0941965822646889,0.401483151105588,0.224687530291476,0.596150395503747,0.224687530291476,0.596150395503747,,,25,FALSE
TWSG1,7,5,0.00249158839712449,0.0420368843275029,0.325507488544956,0.0796903204426388,0.204177916161949,0.13149816567553,0.59602107385198,0.171212635836038,0.474013219783754,0.156797376370501,0.518298712354061,25,FALSE
NOP56,19,0,0.00285175969349636,0.0440720760663499,0.266999509669952,0.11525046713166,0.437548209478885,0.108254415243701,0.594552007314475,,,,,25,FALSE
TOX4,7,5,0.0000437989428218105,0.00985976772837272,0.560479694343068,0.0867251474424626,0.320086238158762,0.228248914660615,0.592761491693035,0.145950490523161,0.73959718434719,0.230610565901345,0.588547866713279,25,FALSE
LCP2,11,6,0.000145656459917349,0.0158293413474316,0.390003020707212,0.108381856671571,0.448454122469023,0.158851941739794,0.592690483648717,0.017772873444009,0.954428882597421,0.321799291887405,0.174880001432117,25,FALSE
SIN3B,6,1,0.000527335297841083,0.0248285029431898,0.280592255005148,0.0768906478635322,0.185558321031581,0.115103754009575,0.589782854101006,0.177104757673313,0.368818082059809,0.298582985509924,-0.0641169889184783,25,FALSE
C8orf34,7,0,0.00237659293547675,0.0413451410980571,0.209670185393443,0.0682485848910143,0.429930407311088,0.0860741722013924,0.589478246323504,,,,,25,FALSE
PROKR2,8,4,0.00199888634722038,0.0392180495590006,0.259494178067276,0.0796300848190182,0.478016105274023,0.106743286779423,0.588648625666858,-0.00652069214853725,1.02512847184898,0.291815925585496,-0.124556734794414,25,FALSE
SIRT5,7,5,0.00202631493151936,0.0392682574879791,0.149837482109867,0.0751075801238793,0.21249664364553,0.0617447800008633,0.587921665984821,0.0935556476293829,0.375619195464163,0.0741167945015207,0.505352109112624,25,FALSE
KRT28,7,3,0.00376096378662845,0.0478331455606869,0.289910141414811,0.0840665824430875,0.423414442184183,0.120035994117195,0.585954483925957,0.0507730756865081,0.824866162188302,0.134760478963463,0.535164660657234,25,FALSE
ATAD2,6,5,0.00247722026947559,0.0420032815616212,0.304106823067511,0.0985435661898551,0.236204536879959,0.126353343625889,0.584510000955028,0.214695584548882,0.294012602600434,0.194495504485456,0.360436893445569,25,FALSE
PGLYRP1,5,4,0.00197119636501131,0.039170381235622,0.389016380039476,0.0444188815510755,0.513722242658883,0.162945917425058,0.581133531167703,0.195359526842973,0.49781156561287,0.223449577734601,0.425603678405712,25,FALSE
GTF2H5,6,5,0.000522798719402106,0.0248285029431898,0.384505277251319,0.0749083714180649,0.264444174199853,0.161062831757816,0.581116719881733,0.066551485709078,0.826916586984634,0.154272087686332,0.598777710440897,25,FALSE
AGBL1,13,3,0.00117373717059907,0.0325468588457146,0.42893703764344,0.0657426605074314,0.637566383032261,0.180064712066685,0.58020712537217,0.105963442860023,0.752962711165766,0.219522245872009,0.488218021278707,25,FALSE
CPA2,8,1,0.00340452112243179,0.0466914219732638,0.127022221319304,0.0641120443783977,0.296938067205869,0.0534446232556777,0.579249813925624,-0.0142978124000641,1.11256150499937,0.122158389962651,0.0382911848504587,25,FALSE
MAPK4,19,9,0.00403210898943159,0.0492160909802192,0.327283078888315,0.129544111109616,0.412748400845497,0.137887544429669,0.578690273575913,0.0250228434130768,0.92354373010034,0.166679173752916,0.490718633181169,25,FALSE
KCNE4,8,5,0.00144353861467697,0.0348884685430669,0.277087741514431,0.0831303657753442,0.628348017032854,0.116979785090809,0.577824033457949,0.124088269175749,0.552169762193229,0.111459579340084,0.597746263580991,25,FALSE
SNORD12,7,6,0.00398610433786633,0.0492160909802192,0.292836125870172,0.0627514488010422,0.839674956446723,0.124071172282579,0.576311932436964,0.127783881179575,0.563633479988643,0.122230025103778,0.582599227671902,25,FALSE
PARVB,12,6,0.00029257959816672,0.0197028602902187,0.419404413831465,0.0830542699855008,0.239835703663886,0.178353847398222,0.574744944220134,0.100505341156336,0.760361746701302,0.14959030592203,0.643326820155636,25,FALSE
EMG1,5,3,0.00242454379193908,0.0418894999914852,0.302190003302758,0.0591422049643065,0.193288555525068,0.128781497498039,0.573839319333752,-0.0200422321467178,1.06632327981624,0.221679970873384,0.266421892019747,25,FALSE
EDEM2,5,2,0.00119598349264734,0.0327165617646729,0.236790541896943,0.0881303503525461,0.337740743393589,0.101066456234216,0.573182039178732,0.0310495753596231,0.868873245059185,0.0857088825402023,0.638039248301121,25,FALSE
BRIP1,6,5,0.000533253098079838,0.0248285029431898,0.211488419786474,0.0936077869849284,0.444530982614673,0.0903854666233094,0.572622147753689,0.112006536668211,0.470389268682906,0.0967984074381738,0.542299254323689,25,FALSE
GMCL1,8,2,0.000109518851500561,0.0130870122543094,0.546563650040267,0.0723857878605514,0.163162301544475,0.233777845056755,0.572276998224211,0.38090861473197,0.303084618408292,0.372197429698895,0.319022716436643,25,FALSE
GPR113,11,5,0.00171295258853201,0.03732516387354,0.492863359365251,0.0713804057711414,0.179829702403153,0.210969787503323,0.571950757761692,0.0933034026283552,0.810691136081776,0.205171110654052,0.583716040652144,25,FALSE
LARGE,8,4,0.00203813718028054,0.0392682574879791,0.315064753620134,0.075734019397794,0.353176321091646,0.134904154098108,0.571820863654084,-0.00333381164231084,1.01058135384553,0.276024666796837,0.123911311483501,25,FALSE
GML,9,9,0.00119802322753529,0.0327165617646729,0.273500354876094,0.0870001572525256,0.542528434137609,0.117169414795914,0.57159318916059,0.117169414795914,0.57159318916059,,,25,FALSE
MYO16,28,5,0.0039759346929853,0.0492160909802192,0.291349013605569,0.145369455813335,0.396722203335302,0.124995573634344,0.570976499671407,0.0400038238596727,0.862694493574534,0.121898234669408,0.581607525761404,25,FALSE
SFT2D3,8,8,0.00317175630916232,0.0457042316124032,0.365734219951704,0.0637865979306797,0.500870241803522,0.157609819046404,0.56905914063164,0.157609819046404,0.56905914063164,,,25,FALSE
CENPE,6,4,0.00361898256262325,0.0473144679229884,0.208021298766959,0.0891877348250615,0.320571108913569,0.0897626352967234,0.568493054178639,0.199323018954328,0.0418143712407785,0.176986903400679,0.149188547279705,25,FALSE
LYPD6,13,11,0.00195400778779524,0.0390256713815937,0.186305822591719,0.140794776725167,0.300982293034345,0.0806054797608239,0.567348574298362,0.00486254112971172,0.973900219209103,0.225539171542503,-0.21058573696197,25,FALSE
FAM24B,16,15,0.00244893105674591,0.0420032815616212,0.318342228614925,0.126228498396376,0.299713540700511,0.137924081871993,0.566742739497407,0.141216452839119,0.556400501895279,0.124970332129192,0.607434010018321,25,FALSE
MIR433,10,9,0.00070400772831827,0.0275580207106006,0.334285715304817,0.0941262933696453,0.709825733116448,0.145534617446129,0.564640034608049,0.158192726508668,0.526773896502217,0.22048473976477,0.340430267671707,25,FALSE
UPK1A,10,5,0.00327666396403759,0.0459719116246893,0.246783926566501,0.0947216282271832,0.383725379283092,0.107480883632513,0.564473727572569,0.0497165687842778,0.798542111409024,0.141740554711828,0.42564916328279,25,FALSE
TBC1D3C,10,3,0.00207584895354911,0.0395582706876266,0.354477898047653,0.0757093501529755,0.539704458833152,0.154899461309905,0.563020819737873,0.0756594577954155,0.786560859754239,0.199112689519182,0.438293076618235,25,FALSE
SMC3,6,5,0.0023000500627719,0.0410002136755198,0.179938239988958,0.0648726127398368,0.260156591904396,0.0788015367955033,0.562063423537215,0.108123158270611,0.399109615181043,0.129782804876351,0.27873694394079,25,FALSE
OPN3,10,4,0.00102704246971099,0.0305938284266649,0.453446160653864,0.0956451490451014,0.251723065148547,0.199095004434131,0.560929120786824,0.272033558652384,0.400075285100849,0.249848603867168,0.449000508667028,25,FALSE
GJA5,11,8,0.0014353849499016,0.0348244159778074,0.390837026436558,0.0591298017362117,0.629785938944894,0.172169779175543,0.559484471711152,0.150003139167537,0.616200285486805,0.18215309635215,0.533941044396627,25,FALSE
SNORD46,7,6,0.0000000259044494604855,0.0000773662245514188,0.827129353691706,0.111221701125311,0.337105857061701,0.365793056422561,0.557755924402966,0.33839381881274,0.590881622925852,0.377497529778438,0.543605207464151,25,FALSE
CC2D2A,10,5,0.00243747038282281,0.0419907947159037,0.262707918896776,0.092800819921511,0.412550802954824,0.116502702455105,0.556531440147103,0.203554728463431,0.225167138781941,0.203905115075885,0.223833389065048,25,FALSE
RAB2B,7,6,0.0000437989428218105,0.00985976772837272,0.629120757834684,0.0878978142180714,0.318871485349868,0.279966606009937,0.554987492427479,0.184106555031754,0.707358956545299,0.267333489755459,0.575068082834255,25,FALSE
BASP1,28,24,0.00208915677344469,0.0396747415239348,0.0961137726191379,0.16816261098182,0.368083738423657,0.0427903683931178,0.554794622798965,0.0148617294411989,0.845373570964795,0.123536439140282,-0.28531464090802,25,FALSE
TCTEX1D4,8,4,0.00022570118790039,0.0183766563692857,0.258639596876224,0.0818088208053726,0.388507575342657,0.115162068409144,0.554739220908016,0.210150407002322,0.187477828064769,0.213971404903159,0.172704382904069,25,FALSE
GALE,16,13,0.000397440086052104,0.0227740395491239,0.42401703479765,0.149391349086733,0.290515367837813,0.188818524459384,0.554691182278815,0.0753514509520003,0.822291453483798,0.2513110139788,0.407309156579686,25,FALSE
TRHR,7,6,0.00213188435238032,0.0398508109428341,0.345960264922017,0.102461595250822,0.646983173543543,0.154224765309964,0.554212489273218,0.121346359346202,0.649247697929835,0.182066291618098,0.473736408257354,25,FALSE
CD40,11,10,0.00353335503405018,0.0471342612141354,0.340303669894114,0.0786286413254082,0.581176403303328,0.151892260159594,0.553656708413238,0.170929797749046,0.497713915920356,0.213787462229508,0.371774443995776,25,FALSE
C6orf217,11,2,0.00180153829380863,0.0379213300988108,0.496218707755908,0.104512185456974,0.211330228326561,0.222647385445696,0.551311988109853,-0.0211538904568501,1.04263017521551,0.210133685883217,0.576530101346799,25,FALSE
MIR19B1,5,5,0.000469677311873613,0.0243459706595539,0.426628305376053,0.055799309842349,0.42323970699365,0.191514426616414,0.551097702137688,0.191514426616414,0.551097702137688,,,25,FALSE
PSMB11,9,9,0.000384633869459359,0.0225374478021301,0.261118375446249,0.0954163624148058,0.552666770962168,0.117850875631523,0.548668777407499,0.117850875631523,0.548668777407499,,,25,FALSE
RXFP4,7,7,0.00354352596927408,0.0471342612141354,0.239662438085775,0.0630109388618533,0.697632361957224,0.109157861594542,0.544534961479969,0.109157861594542,0.544534961479969,,,25,FALSE
UNC45B,7,6,0.000219101271815709,0.018347916205286,0.389722875905016,0.0637236046408271,0.613973590141289,0.178047952386447,0.543142157172623,0.151910919359455,0.610207845750171,0.178101979710055,0.543003527066596,25,FALSE
ANXA2,15,12,0.00175779136746667,0.0374821060467385,0.325742607898556,0.0914092747640468,0.23652782354478,0.148842923575589,0.543065844115969,0.199457679216922,0.387683175671516,0.192801396491396,0.408117354572664,25,FALSE
NAT14,10,5,0.00227961082692508,0.0408205766030516,0.246843352795254,0.0826418623663912,0.258305965128797,0.112802575674881,0.543019593610666,-0.0300792953016964,1.12185580434344,0.141851355488267,0.425338564389348,25,FALSE
TAS1R2,12,2,0.00362109711353751,0.0473144679229884,0.270448090992635,0.0908272606537232,0.573120191058103,0.123824560519489,0.542150362145242,0.057098074310932,0.788876031251088,0.107890406759394,0.601067967004684,25,FALSE
PIK3IP1,12,6,0.0019215722836882,0.0389906849529557,0.199928643738883,0.0976449241796816,0.227315712992269,0.0915499994673842,0.542086627732276,0.226052922238007,-0.130668012399685,0.245167753215448,-0.226276278528901,25,FALSE
RPS15,9,4,0.000512775027899934,0.0248285029431898,0.446668115197295,0.0828523700847242,0.245630643280067,0.204766341159578,0.541569379607202,0.00262612207903464,0.994120641277753,0.178220645509907,0.600999848777685,25,FALSE
ST3GAL4,15,14,0.000518266724002965,0.0248285029431898,0.545668909446695,0.120809621551448,0.245904939963585,0.250385854096975,0.541139599925411,0.265602354510008,0.513253641701289,0.274627917738868,0.49671327615616,25,FALSE
CAPN13,9,6,0.000566190817488407,0.0256893817475605,0.3027237696387,0.0609614424758851,0.421740673540743,0.139918867813959,0.537800193288581,0.0376042341305121,0.87578037173826,0.300040713667706,0.00886305021305833,25,FALSE
TEKT1,9,8,0.00247245908948271,0.0420032815616212,0.319905576647804,0.0909728986814709,0.63785961264677,0.148153470024099,0.536883753085658,0.15084177781487,0.528480311611017,0.139035663483212,0.565385308564715,25,FALSE
FAM107A,10,7,0.00294165942992381,0.0443585352121908,0.391121118647901,0.0995150202495518,0.412446369177229,0.1829404787516,0.532266425847773,0.1206700700732,0.691476465166713,0.21500390423823,0.450288174206765,25,FALSE
SLC2A9,18,4,0.00246678804662411,0.0420032815616212,0.370087422302589,0.108316762716805,0.255811712456218,0.173341643314576,0.531619739368367,0.0236337844852033,0.936139995414705,0.178304602031782,0.518209505952901,25,FALSE
FAM188B,8,0,0.000025094973942122,0.00811368296626401,0.552629592357846,0.112758577179768,0.151522957948736,0.260228104697165,0.529109355894466,,,,,25,FALSE
MTRF1L,7,6,0.00252036115261488,0.0422959010041591,0.178698980708374,0.0870966062222298,0.253852632492643,0.084197072924294,0.528832942468213,0.067914608023908,0.619949661969586,0.0907164020144465,0.492350758494307,25,FALSE
PSMB5,9,8,0.00260276779134922,0.0430371614439466,0.180064502661319,0.0738800707984448,0.232845892219568,0.0851577304567914,0.527070970690079,0.0761115336051834,0.577309616941322,0.0716431877836169,0.602124867895981,25,FALSE
HMMR,10,9,0.00190333027178822,0.0389906849529557,0.375796253537762,0.0976521957012934,0.358278223406507,0.177817487537914,0.526824746484477,0.166166729099352,0.557827605956549,0.161964275090427,0.569010405064744,25,FALSE
IPO8,6,3,0.00363256838055257,0.0474061189828877,0.183512328977148,0.0747977265328306,0.226231775723855,0.0871066012709978,0.525336516862336,0.0228388119956166,0.875546171077908,0.0892769095437699,0.513510018420139,25,FALSE
TCEB3B,10,10,0.00227949285668266,0.0408205766030516,0.338605428993716,0.0730532984504301,0.70200542330878,0.161228508284317,0.52384547181224,0.161228508284317,0.52384547181224,,,25,FALSE
TNFRSF13C,5,3,0.000905242441104658,0.0295355261295899,0.206584608898099,0.0658055157932095,0.251545243242688,0.0988289915456052,0.52160525378561,0.029955014277078,0.854998809268247,0.0696868853214333,0.662671456053112,25,FALSE
RPL13AP5,17,1,0.000654150522838073,0.0267664664127788,0.460190666843445,0.135031103912052,0.330503819585941,0.220189808261699,0.521524828454189,-0.00467880310051835,1.01016709689619,0.256384897894737,0.442872451861442,25,FALSE
RPL13A,17,1,0.000654150522838073,0.0267664664127788,0.460190666843445,0.135031103912052,0.330503819585941,0.220189808261699,0.521524828454189,-0.00467880310051835,1.01016709689619,0.256384897894737,0.442872451861442,25,FALSE
MIR133A2,5,4,0.0000844272599113005,0.0123185626081692,0.507796340897124,0.068039622204631,0.806876490842944,0.242984244756828,0.52149272220523,0.194120372370546,0.617720025261322,0.339511433429313,0.331402363338227,25,FALSE
MTMR3,8,6,0.000203354610568054,0.0179020220856503,0.414279021777387,0.105677263075998,0.15184921891269,0.198331845484622,0.521260225454534,0.000904657706194996,0.997816308191726,0.313218216416296,0.24394381575854,25,FALSE
MIR548I4,5,2,0.00003046661018261,0.00811368296626401,0.468263673507555,0.0592395429402218,0.670746062178295,0.224564788708096,0.520430899484514,0.125451136025866,0.732092957187631,0.260899822328013,0.4428356563008,25,FALSE
NLRP7,9,6,0.00146857445057221,0.0351165344341683,0.170479791701986,0.0628664129152676,0.603877574384159,0.0824081576407597,0.516610403977871,0.0449298713732351,0.736450455947432,0.116792700986597,0.314917622666027,25,FALSE
RWDD3,9,8,0.00184346331973408,0.0382227565689074,0.220171582571756,0.159788080443768,0.198929366032974,0.10673664470891,0.515211529743518,0.105678135790112,0.520019184330156,0.0733605566465984,0.666802791760424,25,FALSE
CCNB2,5,5,0.000571316371617058,0.0257222953826903,0.296933837723988,0.0475200005939005,0.33111981398005,0.144509742795441,0.513326793931216,0.144509742795441,0.513326793931216,,,25,FALSE
HLA-H,10,3,0.000000780062457662484,0.00102435201732045,0.707695572456169,0.0747266597186411,0.256374685894064,0.344592479162295,0.513078090956069,-0.0201051814071146,1.02840936440698,0.446895430192131,0.368520240078499,25,FALSE
PSMB1,13,6,0.00373714347515299,0.0476455557293372,0.253906104889916,0.112794208799908,0.263913636346727,0.123697102199103,0.512823442143175,0.159512545273525,0.37176561649558,0.146781456139107,0.42190655005028,25,FALSE
SUNC1,9,4,0.00315036411574225,0.0457042316124032,0.257485640323669,0.0619380615055454,0.362005786714457,0.125495070337449,0.512613324068489,0.225043037734609,0.125997716021282,0.214480962582879,0.167017771114269,25,FALSE
FHL5,5,4,0.00342019255602311,0.0467550566615481,0.187688227037809,0.0730650217767666,0.430158050818379,0.0915507672241977,0.512218913945226,0.081527912815561,0.565620528776494,0.0796714120291226,0.57551193654212,25,FALSE
COLQ,10,7,0.00269035990046495,0.0433448346319828,0.353362175981861,0.0818719712669807,0.423850607952933,0.172716600108171,0.511219332889107,0.0666808597943279,0.811295989422052,0.3058896070651,0.134345360492681,25,FALSE
ELOVL6,20,10,0.00125638606246875,0.0327986242092075,0.166334241088499,0.0966621858240967,0.310446944076808,0.0815018207327104,0.510011767875583,0.12499798519155,0.248513208263333,0.110978339072256,0.332799197892099,25,FALSE
PRR7,12,10,0.000207810842795427,0.0179079149204682,0.256878253133714,0.104114607555608,0.175730821785477,0.126119306162395,0.509030816646261,0.0830742751445228,0.676600591404366,0.274151425715118,-0.0672426426553627,25,FALSE
MIR153-2,5,5,0.00117642434234277,0.0325468588457146,0.376951992536637,0.0654643070473166,0.82264456865166,0.18593682374412,0.506736063409856,0.18593682374412,0.506736063409856,,,25,FALSE
RPS8,12,0,0.0000000444076276465466,0.0000874719245567852,0.852142500809074,0.148281275218497,0.327005524698006,0.422155743623923,0.504594896718444,,,,,25,FALSE
GCHFR,5,2,0.000629069912658827,0.0267664664127788,0.356536386441714,0.0569187550037615,0.24784543376877,0.177762332795104,0.501418818513311,0.046609445617248,0.869271559959371,0.152000212261456,0.573675456302117,25,FALSE
EIF3E,10,9,0.00134712269546714,0.0338661268428841,0.2804442765774,0.110953262343942,0.498316224374184,0.140297847119833,0.499730039664003,0.153165415819613,0.45384723949843,0.125870000222292,0.551176434197781,25,FALSE
MEG8,15,10,0.00107897084385892,0.0312621150814205,0.374405035239654,0.113376303828717,0.536317141109014,0.187576194299634,0.499001945367622,0.164615651458768,0.560327356833225,0.167960759998876,0.551392892215337,25,FALSE
CATSPER1,11,6,0.00245423846042006,0.0420032815616212,0.241977949957381,0.0995276337200396,0.32636036816448,0.121681340633522,0.497138724189729,0.135734629525201,0.439061990775989,0.112175859202773,0.536421152330075,25,FALSE
SLC22A6,6,4,0.00171905257202458,0.03732516387354,0.205061148858308,0.0559164532170711,0.615775816644405,0.103552558913335,0.495016196437643,0.0515042662519724,0.748834596223001,0.197354079434976,0.0375842497042568,25,FALSE
INS,18,14,0.00261308798066324,0.0430827289355634,0.340954614708402,0.124593315156549,0.606156568848569,0.172324989566391,0.494580855831001,0.165777453609902,0.513784396930126,0.160241313599234,0.530021572706152,25,FALSE
ALOX15,9,4,0.00317410000469602,0.0457042316124032,0.15563299552353,0.0935294033480072,0.25657515914556,0.0786701842517264,0.494514746136643,0.133343247889138,0.143219935845944,0.131525827242123,0.15489754084803,25,FALSE
THNSL2,9,8,0.000884170123587909,0.0295355261295899,0.232440373186857,0.0748554469833655,0.355847064454269,0.117861374145869,0.492939318028364,0.076060404781765,0.672774554011662,0.167837756429501,0.277931995511907,25,FALSE
LGI1,13,10,0.00347323667425583,0.0469367549970811,0.371275285852446,0.123702751277359,0.553217749245161,0.18878294727976,0.491528376723715,0.190175312833405,0.487778152545857,0.17375819394683,0.531996336497641,25,FALSE
FAM90A13,5,4,0.00310705399883421,0.0456299691646128,0.238938698143377,0.0661149745753752,0.737264538064426,0.121753894291214,0.490438781004177,0.0834167249671422,0.650886500950602,0.233527665969594,0.0226461105539959,25,FALSE
FAM90A14,5,4,0.00310705399883421,0.0456299691646128,0.238938698143377,0.0661149745753752,0.737264538064426,0.121753894291214,0.490438781004177,0.0834167249671422,0.650886500950602,0.233527665969594,0.0226461105539959,25,FALSE
FZD1,15,15,0.000207259801742877,0.0179079149204682,0.543800946769015,0.0887001409879069,0.223978165522726,0.27732305056805,0.49002837855329,0.27732305056805,0.49002837855329,,,25,FALSE
SNORD29,9,8,0.0000127737705672519,0.00618405103817458,0.523192768957171,0.124615113976098,0.443883414667575,0.267280681661552,0.489135367458735,0.23812774277561,0.544856586511608,0.290402665827662,0.444941361849299,25,FALSE
RCVRN,13,5,0.00393393700590205,0.0490823272676204,0.338188750955416,0.129368830069972,0.569977211212391,0.173872599521985,0.485871132523546,0.0814882388698141,0.759045093488172,0.28736718239314,0.150275751096687,25,FALSE
TMIGD2,6,4,0.000270790473069071,0.0193997669439353,0.227282048044026,0.0537112358743,0.304894965943644,0.117976814619242,0.480923303734094,0.174674093301025,0.231465508146118,0.159480237560749,0.298315731782492,25,FALSE
C3orf77,12,11,0.000275085738499481,0.0195261309336704,0.344756975030736,0.105489189572345,0.533143198089974,0.179004503012506,0.480780619459411,0.144470266054441,0.580950418649076,0.360000023871456,-0.0442138954240465,25,FALSE
C14orf138,5,3,0.000828151272958043,0.0290390889635771,0.311799124069743,0.0809131227881199,0.132409882015406,0.162162906141255,0.479912245985071,0.275020637000941,0.117955710037772,0.275895343408198,0.115150357681936,25,FALSE
SPATA3,5,4,0.000261637613883997,0.019121570441925,0.392285003207224,0.0390082476977963,0.622499130755146,0.204211536042393,0.479430683373541,0.197429402403959,0.496719474897523,0.183880591857914,0.531257656156742,25,FALSE
PPP1R1B,15,11,0.00191741809263061,0.0389906849529557,0.289300511765666,0.0850003207043864,0.351923307298099,0.150811341448074,0.478703509621748,0.15875091199758,0.451259484372538,0.136903192654712,0.526778601879545,25,FALSE
CRYBA4,7,5,0.0038727452681196,0.0487044851835823,0.160033260417932,0.0615359844678187,0.528083092242878,0.0837191426143173,0.476864106900764,0.0802562830942545,0.498502480767668,0.0687308151381922,0.570521684313001,25,FALSE
KCNK15,9,5,0.00401529884701472,0.0492160909802192,0.168952084724782,0.0809814546714331,0.397505831672288,0.0883923455734007,0.476820036181326,0.0884702809438155,0.47635874935825,0.0619001973939647,0.633622766509224,25,FALSE
ANKFN1,13,6,0.00051770812601938,0.0248285029431898,0.43187480626625,0.0638242985170866,0.672970338837929,0.226198052238092,0.476241612254083,0.165187790211642,0.617510010274126,0.235245670839131,0.455291979467535,25,FALSE
SAMD4B,6,4,0.00246281239973381,0.0420032815616212,0.238974409134132,0.0791296536894523,0.157991424655661,0.126402701781035,0.471061766659342,-0.00420811015219927,1.01760904093223,0.171885599787038,0.280736375037708,25,FALSE
FAM66D,7,2,0.000942137893323533,0.0297564688994128,0.202418651388536,0.0714756359390366,0.278814040880671,0.107137331292657,0.470714133516233,0.00227926310242645,0.988739856298857,0.0924642743940552,0.54320279401243,25,FALSE
NT5DC3,10,3,0.00308830198700035,0.0455669126508909,0.282081338308145,0.0921545800556107,0.186797377998712,0.149611689150955,0.469615076104328,0.0874097691076329,0.690125657968388,0.141191936654026,0.49946374509969,25,FALSE
KLHDC8B,6,4,0.00190298914764082,0.0389906849529557,0.240956952755207,0.062245170475451,0.241345569505297,0.127950350368936,0.468990834645375,0.136404318643727,0.433905861258535,0.109966507614499,0.543625920077863,25,FALSE
ACYP2,13,2,0.000105889600210068,0.0130870122543094,0.40089590486229,0.0727189675884973,0.327757274257564,0.213057121750223,0.468547522770507,0.0444239471230479,0.889188323990718,0.196899784682731,0.508850596140745,25,FALSE
AGPAT6,7,2,0.00347602443721244,0.0469367549970811,0.217281516644126,0.0447822357615782,0.182330601530268,0.116215719015563,0.465137574467933,0.0424784929745111,0.804500200336486,0.250180376118104,-0.151411219794923,25,FALSE
GPR31,6,6,0.000127937966760857,0.0144003320015542,0.354585274371072,0.0488594485663636,0.682349844742096,0.190161698780765,0.463706722965145,0.190161698780765,0.463706722965145,,,25,FALSE
MIR1469,14,14,0.0012748438937774,0.0330515547835004,0.357016592769113,0.0735609896902142,0.705609104019632,0.192518625018529,0.460757205917783,0.192518625018529,0.460757205917783,,,25,FALSE
ODC1,9,6,0.0000598407624913626,0.0113610931968541,0.488549432625114,0.100517708679322,0.252922674905815,0.263603810401559,0.460435745498381,0.261369310255758,0.465009489722777,0.271118760193447,0.445053576796417,25,FALSE
DNALI1,8,6,0.000287909256533356,0.0197028602902187,0.426012514740835,0.0654986480630504,0.514620300842832,0.231806151876265,0.455870088658583,0.27696019393313,0.349877798539277,0.35617034545141,0.163943937966033,25,FALSE
MED22,8,4,0.000601362459315605,0.0262633623803029,0.236080833616442,0.0715006296424514,0.211156995837566,0.129037966884069,0.453416167219591,0.208749689851092,0.115770278114804,0.212480839993712,0.0999657331821887,25,FALSE
LOC150568,6,1,0.00326580262034653,0.0459194489386704,0.245094145015744,0.0435672787647085,0.466943215730719,0.134256033643744,0.452226679527087,0.220561227985775,0.100095891839413,0.205868188158991,0.160044446815459,25,FALSE
DIDO1,23,15,0.000516892991551707,0.0248285029431898,0.492065247835012,0.137945076203296,0.170395601530686,0.269668020933273,0.451966945197291,0.330031063645148,0.329294102566238,0.322773132728064,0.344044038573745,25,FALSE
GPR115,7,6,0.00322182526371599,0.0458208686873976,0.271871925855577,0.0980310537645198,0.282976414982541,0.149480098119815,0.450181927944922,0.119700345294422,0.559717889525641,0.170991687116939,0.371057947307983,25,FALSE
FMO6P,5,3,0.000869977320689346,0.0295355261295899,0.293235856090618,0.0600096701293176,0.525812731274593,0.16128458762994,0.449983403188939,0.160565097401036,0.452437026147931,0.148272804482629,0.494356500397384,25,FALSE
C8ORFK29,13,6,0.00335551593298877,0.046545968373272,0.194494095124449,0.111703288810432,0.34685608955349,0.107076688067435,0.449460468201251,0.146141265167117,0.248608215721882,0.136211314970887,0.299663494237543,25,FALSE
TMPRSS2,13,10,0.000440917455291211,0.0238654497676279,0.283379759997293,0.101666531134428,0.233175431812435,0.156291995616211,0.448471564738059,0.138093239926574,0.512691944096878,0.132020878292629,0.534120297462703,25,FALSE
DCLK2,18,3,0.000973163692813553,0.0300562305803263,0.21627263178113,0.0775638402452165,0.200612259214636,0.11928529307709,0.448449431189203,-0.0306756426194242,1.14183783850408,0.0961261163513532,0.555532683170778,25,FALSE
SNORD35A,11,11,0.000423273867718753,0.0234877767939352,0.451868055597626,0.104652161010197,0.59641033525779,0.249862518182021,0.447045403881094,0.249862518182021,0.447045403881094,,,25,FALSE
CGRRF1,7,4,0.0038475012351552,0.0484643680763994,0.218267645678065,0.0747522201941841,0.305292874383931,0.121346629903756,0.444046644995034,0.130882913584827,0.400355865028784,0.125687122314258,0.424160544162184,25,FALSE
PLCE1,19,10,0.000881693424600925,0.0295355261295899,0.299420594968893,0.12293408209071,0.252189615667509,0.167063116528941,0.442045339111369,0.0739273719597121,0.753098573705685,0.153800929708241,0.486338173483961,25,FALSE
NPM1,12,4,0.00209042918166423,0.0396747415239348,0.272857478811881,0.0948813544580321,0.163531585658235,0.152932479106848,0.439515164573203,-0.0118844739822479,1.04355561018154,0.214987683625571,0.212087993476653,25,FALSE
NUPL1,6,4,0.00137293652316866,0.0340168769372513,0.25154293217657,0.103727983706322,0.25983055857753,0.142356360087153,0.43406734247963,0.193814524331978,0.229497236694648,0.178641278863535,0.289817935579531,25,FALSE
MIR494,6,5,0.00216231443807372,0.0400042488811731,0.198622610511396,0.0544734349382455,0.702861062684827,0.112961400386966,0.431276227333218,0.0709050663679883,0.64301613907184,0.232222230648068,-0.169163118187615,25,FALSE
MIR190,9,9,0.000636924305201594,0.0267664664127788,0.358245025593478,0.100539369461285,0.432675229551704,0.20384683100145,0.430984894587853,0.20384683100145,0.430984894587853,,,25,FALSE
DUSP13,16,14,0.00289606657668486,0.0441562308334457,0.276832337249433,0.113723503751007,0.305054078598011,0.157804110089402,0.4299650407271,0.123912891858097,0.552390110601681,0.226267214099758,0.182656129164977,25,FALSE
MGAM,6,6,0.00017727247946448,0.0173506815614986,0.383544509696365,0.0710662958726756,0.799606612915765,0.218903986944968,0.429260538448943,0.218903986944968,0.429260538448943,,,25,FALSE
SNORD34,10,10,0.000384794425198866,0.0225374478021301,0.453227872222299,0.098481824892111,0.580812133856436,0.259536768769869,0.427359205652358,0.259536768769869,0.427359205652358,,,25,FALSE
C12orf77,7,6,0.00167396268612847,0.0368710912911179,0.194618301149713,0.103698672906753,0.588126982149756,0.11180272631378,0.425528197228618,0.0760742975959901,0.609110257634668,0.182685801794142,0.0613123189601371,25,FALSE
SNORD83B,9,8,0.000101566237649109,0.0130870122543094,0.333915775391655,0.109620136027496,0.590362389167117,0.19188009824052,0.425363782182915,0.216744050791965,0.350902033491101,0.237591488319459,0.288468812110525,25,FALSE
LYRM1,11,9,0.00000429272406195637,0.00338223728841543,0.537631441772377,0.125037488124212,0.150083852321335,0.309048736391686,0.425166178204044,0.339012268591913,0.369433700762902,0.320809847341418,0.403290391120312,25,FALSE
GAB1,17,2,0.00000901742609672144,0.00568386401728546,0.581499465186322,0.139592746500709,0.166474839517187,0.335063351803596,0.423794221897976,0.124097319532261,0.786590827744788,0.354939617052685,0.389613166817005,25,FALSE
SNORD33,9,8,0.00034631498267898,0.0214009078315897,0.471271084919788,0.0959693581619035,0.593384047053216,0.271572696739718,0.423744198552005,0.287937413749441,0.389019562279215,0.277211778144749,0.411778513438966,25,FALSE
SERP2,14,7,0.000316888232373402,0.0203817337377146,0.526159856986975,0.110936084694293,0.286066094782963,0.304493410806622,0.421291064372934,0.339110060273024,0.355499938336385,0.322885420596951,0.386335889541373,25,FALSE
GSG1,18,9,0.00321655887746328,0.0458208686873976,0.28053432360181,0.14706188078846,0.195385457491447,0.162774282197423,0.41977052894082,0.156335615213432,0.442721969967088,0.153621823362814,0.452395623500014,25,FALSE
KRT71,7,5,0.000491490974840145,0.0248285029431898,0.282316958604199,0.0749097401599793,0.600306590304425,0.164669151617641,0.41672242279819,0.19345484643972,0.314760093066394,0.184720628212942,0.345697725258099,25,FALSE
RAD54B,6,4,0.000346092494608394,0.0214009078315897,0.301838399748867,0.0666681100388896,0.178978391103775,0.176235568219401,0.416126084798916,0.125505076743678,0.584197779844778,0.162647035654378,0.461145315540692,25,FALSE
GPR45,17,17,0.00145867121255122,0.0349757795954495,0.217488892571041,0.117563851873147,0.547904030213201,0.127165509596041,0.415301130587608,0.127165509596041,0.415301130587608,,,25,FALSE
ZNF716,5,3,0.0022071580774465,0.0403017346285075,0.203261434812607,0.056188934385085,0.738271799576487,0.11973151484691,0.410948196064371,0.0927762581949193,0.543561924176848,0.105914336679848,0.478925568062165,25,FALSE
C12orf73,6,4,0.00235563230828022,0.0413363629330508,0.210231126256968,0.0944311177480287,0.371659242881655,0.124253761902574,0.408965912351643,0.0657143844575599,0.687418387431191,0.108787109461717,0.482535667298166,25,FALSE
IL16,12,7,0.000129464929730586,0.0144688536361317,0.433021656520206,0.128045857248688,0.356853804412692,0.256727927121716,0.407124509234017,0.329835844662558,0.238292497162512,0.345753369236409,0.201533308946004,25,FALSE
KRT6A,7,5,0.000389589294714758,0.0225703974489528,0.314835503272066,0.0879251131409948,0.445754023993717,0.187604500203728,0.404118981963706,0.21726062692402,0.309923357861348,0.204464476138479,0.350567283506808,25,FALSE
CCDC114,10,5,0.000464003897893283,0.0242916060564862,0.469108712155718,0.0789175768668891,0.322075700894292,0.280703652695971,0.401623450125155,0.096947414319409,0.793336998850647,0.260473299696693,0.444748534940383,25,FALSE
REXO2,6,4,0.000890649000777087,0.0295355261295899,0.200780151107218,0.0716821070108552,0.20635491251955,0.121626534031469,0.394230289394892,0.196237566918964,0.0226246676437069,0.187126525709751,0.0680028644374111,25,FALSE
FGD5,14,7,0.000404942841446735,0.0231198887518755,0.347819643086542,0.131532067309111,0.401156414748203,0.211528953483003,0.391842991942891,0.237211101816846,0.318005447559428,0.192678239780274,0.446039797895101,25,FALSE
CYP11B1,8,3,0.00108348347771537,0.0312621150814205,0.288526598510864,0.0667267154483985,0.689121535933057,0.175649045200162,0.391220614991071,0.172603368536145,0.401776579951448,0.166001702820338,0.42465719390482,25,FALSE
ADAM6,8,3,0.00218684427027976,0.0401635105024107,0.183459559197876,0.0723745260076012,0.695054118321475,0.111847105763682,0.390344628251034,0.182848652000012,0.00332992840784296,0.195021576153835,-0.0630221559809194,25,FALSE
IL12B,10,9,0.00045153153141346,0.0241194368542824,0.268983642076271,0.111533952088178,0.228139607127812,0.16429075199533,0.389216568237467,0.114040466439684,0.576031964027956,0.19543711359886,0.273423795996328,25,FALSE
GPR61,6,5,0.00249547740873173,0.0420541023020976,0.247853308136139,0.0682152461789317,0.57097861470794,0.151662040209534,0.388097575335851,0.192214093628703,0.224484453832163,0.220009121753367,0.112341394965276,25,FALSE
SMARCAD1,8,8,0.00206626672208438,0.0395148434546186,0.196872310834126,0.0845428571578227,0.324940327552681,0.120669903378698,0.387065134414111,0.120669903378698,0.387065134414111,,,25,FALSE
SIDT1,13,6,0.000829015344653336,0.0290390889635771,0.316871455045622,0.0933024945427679,0.353445943386956,0.195143114622145,0.384156851256768,0.154771617237846,0.511563396533895,0.167894176925266,0.470150516078851,25,FALSE
GC,5,3,0.00167532055872829,0.0368710912911179,0.286280640064542,0.0452610734826934,0.664945946101885,0.176521294534273,0.383397722966957,0.183496363957527,0.359033276172087,0.174058743463897,0.391999600725164,25,FALSE
KRT76,5,4,0.000414999944860706,0.0231899614578547,0.360814039900416,0.0562054735706661,0.802158378985914,0.222855350975611,0.38235399310648,0.188574395997898,0.477364029265758,0.281698516474389,0.219269525786368,25,FALSE
KRT73,6,4,0.000192649994613481,0.0177560712550434,0.330755516386632,0.0757879491342183,0.620374382465677,0.204396213861384,0.382032335864482,0.24237641375053,0.267203714700232,0.257059616048806,0.222810797361515,25,FALSE
GTSF1,9,7,0.0000564497955857699,0.0112462694777544,0.366633114868761,0.0765944836813844,0.527174957144076,0.22693044345097,0.381042152910271,0.155571911137477,0.5756741417284,0.302068048594884,0.176102658640064,25,FALSE
NMUR2,5,4,0.0002393956061896,0.0187613709975843,0.26383810519644,0.0556946394399473,0.593148382634252,0.163337006665188,0.380919573601484,0.105449212164152,0.600326070846969,0.295616626903911,-0.120447050981551,25,FALSE
VCAM1,7,4,0.000661126310740337,0.0267664664127788,0.322702385256947,0.0748136760622249,0.593830410756401,0.200187449718929,0.379653021282962,0.114791651653587,0.644280126525296,0.243810711867459,0.244471925197181,25,FALSE
IL5,5,5,0.000305713331452942,0.0201534857865718,0.386279159189978,0.0577842853943528,0.404684114056159,0.240121237108313,0.378373822673104,0.240121237108313,0.378373822673104,,,25,FALSE
TTC26,8,6,0.00391956973744933,0.049050534125258,0.208230474420805,0.0829040581251023,0.347884656165258,0.129877832382557,0.376278459030488,0.133825020219166,0.357322598474592,0.111787235044079,0.463156219784752,25,FALSE
DMBT1,12,1,0.00299512033362605,0.04478198191885,0.353593533308423,0.0941153287283864,0.536533873471162,0.221001068120745,0.374985548935432,0.063794858815872,0.819581375770731,0.245123663821229,0.306764290829326,25,FALSE
SLC36A2,6,5,0.00320416168788298,0.0457347643819384,0.213440541937634,0.0642292506548195,0.56526017242033,0.133670249988281,0.373735426387089,0.155182874582237,0.272945649530909,0.14550642326742,0.318281232110366,25,FALSE
COL6A6,10,2,0.0015666791875172,0.036032680920859,0.174543988563909,0.106263338406374,0.472372168117466,0.109393350861546,0.373261996808951,0.145734280981185,0.165057002648794,0.132450330766737,0.241163606627219,25,FALSE
SNORD93,5,5,0.00000428921825572251,0.00338223728841543,0.507896254169772,0.0550299811749217,0.720788962682613,0.319772934179024,0.370397140058183,0.319772934179024,0.370397140058183,,,25,FALSE
SNORD42A,5,5,0.0000775773746283073,0.011989849098394,0.319744128623668,0.0872716134672912,0.597616223039332,0.20138571100364,0.370166039106016,0.20138571100364,0.370166039106016,,,25,FALSE
COMMD9,7,6,0.000241188167270033,0.0187613709975843,0.306765650960787,0.0691098587050153,0.282195365745118,0.193990489409438,0.367626431440868,0.26838598129525,0.125110714140687,0.276882376055055,0.0974140188516466,25,FALSE
MIR665,5,4,0.00272519482707117,0.0434212538776415,0.214028264152978,0.0664263398922176,0.667716269269416,0.135442543040075,0.367174501105766,0.106138977137278,0.504088969009185,0.170711622941702,0.202387480843722,25,FALSE
MPV17L,6,6,0.00193555347263351,0.0390256713815937,0.286344413500318,0.0709589304461073,0.795713877929385,0.181260968384594,0.366982696924895,0.181260968384594,0.366982696924895,,,25,FALSE
RPS2,7,1,0.0000133791941020836,0.00618405103817458,0.558604367730625,0.110370441651163,0.529260981626239,0.353990850611088,0.366294159049983,0.193126749152164,0.654269174555945,0.366202398913043,0.34443334125587,25,FALSE
ARL16,6,5,0.00000264734282228374,0.00258165955962265,0.611584960333603,0.0608827947445262,0.235710525898993,0.387721991798059,0.366037399633622,0.468683432886375,0.233657687346135,0.493075118469742,0.193774944693239,25,FALSE
PIPSL,8,2,0.0000511939025137141,0.0109015339974474,0.411675001944829,0.0587908617547601,0.385079098867889,0.261358222684884,0.365134580797524,0.298767513707812,0.274263649003756,0.295323109557181,0.28263045324098,25,FALSE
OR9Q1,6,4,0.000857942972912183,0.0294541729131812,0.267822728634984,0.0651496271201917,0.509471314436047,0.170368617855339,0.363875430873027,0.178674846884264,0.332861524505711,0.150399610523078,0.438435971100655,25,FALSE
KIAA1549,35,2,0.000328846088605551,0.0209795816366246,0.576080174277233,0.20461008833505,0.253540262521042,0.369520172555261,0.35856120544528,0.0242616129344833,0.957885006258161,0.371504863716555,0.355116040605535,25,FALSE
SPRY2,17,13,0.00245948527744021,0.0420032815616212,0.36679427032414,0.12694942853533,0.314500626554643,0.23574398792596,0.357285522160338,0.0256907927884808,0.929958576599963,0.24475928356985,0.332706905826109,25,FALSE
ACVR1,12,12,0.00211491560560109,0.0397935483408409,0.340515686821917,0.146540225538377,0.252993705875828,0.219344302903614,0.355846701364079,0.219344302903614,0.355846701364079,,,25,FALSE
MAPK10,12,11,0.00289097287993343,0.0441562308334457,0.272869509390731,0.0932764923435633,0.291825027312789,0.176598087200161,0.35281121150372,0.168299371203836,0.383223975519953,0.164138716059154,0.398471758806449,25,FALSE
MIR1185-2,5,5,0.00187563532218786,0.0387877446286567,0.199337176576911,0.0634287874192389,0.779303371533235,0.129236423170545,0.351669240079353,0.129236423170545,0.351669240079353,,,25,FALSE
SNORD99,6,6,0.00158903987139701,0.0360710766061355,0.231058499651501,0.0864317568354954,0.781714736417846,0.1502959726951,0.349532811293299,0.1502959726951,0.349532811293299,,,25,FALSE
C9orf167,17,6,0.00319118223292272,0.0457347643819384,0.240466271578396,0.103499362749527,0.302282597102641,0.156691770677276,0.348383581411365,0.0349871690411594,0.85450280069838,0.146990751046201,0.388726119129435,25,FALSE
H1FNT,7,7,0.00217489206338251,0.0400196400709278,0.246617822884581,0.0720163443699744,0.617283760094107,0.161064132999412,0.346907976416647,0.161064132999412,0.346907976416647,,,25,FALSE
SNORD18A,5,5,0.000550196356059322,0.0251304179095154,0.191346437023757,0.0784583309666598,0.271072630432673,0.125306167473178,0.345134566275616,0.125306167473178,0.345134566275616,,,25,FALSE
ACSBG1,8,4,0.00175352295329139,0.0374821060467385,0.3297721987789,0.0625101738419407,0.355698159857726,0.216422399020116,0.343721514968521,0.315114617750361,0.0444475946814622,0.294284420813184,0.107613007091326,25,FALSE
ANKRD1,5,4,0.000756499948214202,0.0279890213142297,0.244339755492211,0.0532199037426977,0.412881907264604,0.161132650749772,0.340538544678586,0.143567789269982,0.412425583463604,0.143304828421539,0.413501793300651,25,FALSE
SALL2,9,5,0.0000228131873617049,0.00791442740899841,0.396170654514398,0.12082566493069,0.297588346628399,0.261880864840374,0.338969553003941,0.337818040603113,0.147291610941782,0.348375766231192,0.120642172100783,25,FALSE
MED18,7,6,0.0012955272375399,0.0333032923477223,0.202793417021608,0.0696590620724286,0.168788858160554,0.134089719862869,0.338786624180299,0.124867190580306,0.384264083054523,0.123769761084354,0.389675646763393,25,FALSE
CA8,10,5,0.000722616695343246,0.0276718800664789,0.268694722232054,0.0926863345526741,0.463433740257167,0.178200903363638,0.336790459137722,0.271983348280907,-0.0122392655186312,0.247604305258831,0.0784921147614098,25,FALSE
SPATA8,8,6,0.000120769306382702,0.0140969091109528,0.333913786388163,0.0625284226000847,0.695538243541335,0.221549741735295,0.336506155880156,0.243895410813207,0.269585681228246,0.243937990504908,0.26945816420608,25,FALSE
SPINLW1,5,4,0.00147190084989654,0.0351427478676814,0.289975888793788,0.0379303298099991,0.684837869581338,0.192464121863492,0.336275430815699,0.14865243064098,0.487362789853567,0.231091834510888,0.203065346321863,25,FALSE
CCL11,5,5,0.000162087833843145,0.0169150999052999,0.351209338619715,0.0667739907178177,0.717778844728205,0.233790159554269,0.33432818024405,0.233790159554269,0.33432818024405,,,25,FALSE
PDYN,7,5,0.0000703613204245318,0.0117504735601196,0.246241150661169,0.0951480148855418,0.517609300381094,0.164214752350465,0.333114096041457,0.0905177377931141,0.632402067850682,0.253175307694401,-0.0281600253028935,25,FALSE
SNORD32A,8,8,0.000328601226269301,0.0209795816366246,0.385505551053396,0.091238585806375,0.600765692687937,0.258409090706137,0.329687756765026,0.258409090706137,0.329687756765026,,,25,FALSE
MIR193B,8,7,0.00098552157070609,0.0301945848251343,0.367634281082192,0.108417110524844,0.859914374694765,0.246461818498335,0.329600553645775,0.24229378361554,0.340938002565189,0.227439316462652,0.381343557534551,25,FALSE
ADIPOQ,10,8,0.0040242542606781,0.0492160909802192,0.278384596481833,0.113545612664025,0.410352179107767,0.186736568173113,0.329213718959124,0.154317075206688,0.445669490492952,0.194146789335402,0.302595072468127,25,FALSE
RCAN1,9,7,0.00316938013614516,0.0457042316124032,0.384006702818989,0.0687292171020032,0.137976685179242,0.259152340241473,0.32513589388144,0.375712502447679,0.0215991031157069,0.369443628784618,0.0379240099911371,25,FALSE
DDX49,5,3,0.00106571058705558,0.0311567113744375,0.236113923449022,0.0794731515528316,0.185431765544312,0.160501461278586,0.320237201880899,0.177428494703219,0.248547090694856,0.14765821221714,0.374631491187684,25,FALSE
CD80,5,4,0.00224857500360723,0.0407276378239571,0.126358245017775,0.0630156580652247,0.311572170752187,0.0866389882065787,0.314338465254953,0.0902224898219296,0.285978609395552,0.0665421001161279,0.473385372622364,25,FALSE
ZNF618,12,0,0.000843480725763369,0.0292122401683059,0.359359285694334,0.0913760112855488,0.405474486260178,0.246557875566648,0.31389591035539,,,,,25,FALSE
ZNF397OS,8,7,0.00271245272024689,0.0433497261314913,0.234581966593538,0.0559658377274408,0.273544401055479,0.160996776005697,0.313686476656334,0.165594930852095,0.294084991882507,0.156449751778921,0.333069996595251,25,FALSE
LOC154822,23,7,0.00392245427034138,0.049050534125258,0.29706147179631,0.0872692095712558,0.462640311293631,0.204124071409136,0.312855786464625,0.248306844005654,0.164123026442441,0.238398173922415,0.197478648170569,25,FALSE
GRM2,22,18,0.00315731612940188,0.0457042316124032,0.246176581845211,0.11771962449268,0.369545225989831,0.169797543507254,0.310261186362486,0.134219856952143,0.454782189491375,0.23184177274517,0.0582297836479616,25,FALSE
TPM4,20,11,0.0000638366448207439,0.0115070233324887,0.334911230764569,0.12562016784863,0.251811382630667,0.231149620680012,0.309818246010085,0.192112590748491,0.426377579784599,0.218421876452821,0.347821582590154,25,FALSE
TK2,14,5,0.00314013754045864,0.0457042316124032,0.329902539156817,0.130168464439751,0.219257599748326,0.228548625812642,0.30722380495531,0.20153078011331,0.389120251610086,0.232183412347079,0.296206046365978,25,FALSE
TACC3,12,5,0.00159064174428412,0.0360710766061355,0.214651815122439,0.104044264901563,0.171183218474166,0.14873921020041,0.307067540446523,0.143528185307339,0.331344180688761,0.153745916440804,0.283742761023913,25,FALSE
SNORA10,5,3,0.000224830413607003,0.0183766563692857,0.363367905065403,0.0788116773963856,0.690555288936842,0.252339997551541,0.30555232304812,0.197041283044836,0.457736139328623,0.245334098762984,0.324832778726493,25,FALSE
CRYZL1,8,5,0.00349317826542726,0.0469484569673772,0.172705873109711,0.128050714704581,0.209680934218093,0.120475135751737,0.302425947754511,0.116778417022902,0.32383065543626,0.106794348744973,0.381640318177647,25,FALSE
MPEG1,6,6,0.00301521023073359,0.04478198191885,0.213416230259433,0.0519441099190443,0.667646122071631,0.149031780389415,0.301684880253723,0.149031780389415,0.301684880253723,,,25,FALSE
MIR431,7,6,0.00028506120550393,0.0196333353531129,0.346782816628399,0.0667034197570894,0.785741983844879,0.242853859608029,0.299694656242833,0.253722015724923,0.268354706292141,0.256665498006949,0.259866735894289,25,FALSE
TGM3,12,4,0.0017894509800716,0.0378498906630447,0.283334002392493,0.0926942718411726,0.71651551839628,0.19875919586024,0.298498612302431,0.264162081147221,0.0676654446108918,0.259597984146615,0.0837739842216234,25,FALSE
LCE2B,5,5,0.000663763164762744,0.0267664664127788,0.222063566129378,0.0628380259097044,0.770951646838303,0.155877508061259,0.298050054863828,0.155877508061259,0.298050054863828,,,25,FALSE
PIK3R1,25,20,0.000100072321577202,0.0130870122543094,0.539908714314155,0.164587672797836,0.192301865474939,0.384451377135797,0.287932632048429,0.363952614911435,0.325899721078288,0.370977450454743,0.312888566864504,25,FALSE
CCDC144B,6,5,0.000366637138930036,0.0222210309048443,0.315746523687352,0.0756599010050365,0.207991517234215,0.225542160093403,0.285686007055672,0.142573000638234,0.548457417762711,0.233138292069297,0.261628317085929,25,FALSE
ZNF334,7,7,0.000765978220629052,0.0281358620062298,0.197367207864451,0.0947926555139988,0.659050855449611,0.141599339736436,0.282558935354224,0.141599339736436,0.282558935354224,,,25,FALSE
MYH2,6,4,0.000242881056194137,0.0187613709975843,0.233306664219078,0.0551931806256412,0.591605915333114,0.167799627252236,0.280776535835813,0.102364451698826,0.561245058980808,0.225788174157203,0.0322257835499077,25,FALSE
REG1B,5,3,0.000285317540034449,0.0196333353531129,0.354310483842078,0.0595181244772473,0.706936946607993,0.255333062071316,0.279352224347045,0.19711818245468,0.44365692960263,0.285054416766126,0.195467168583192,25,FALSE
TSPAN31,10,9,0.00366408093620519,0.0475606156447458,0.330683425777831,0.076998765646361,0.415691187840599,0.238636384797083,0.278353959725184,0.251693939828898,0.238867387330148,0.245623943200489,0.257223301643456,25,FALSE
SNORA80B,5,4,0.000033244868050757,0.00831543858323538,0.446188974835921,0.0868276745386899,0.241406149846841,0.322074407580544,0.278165921291574,0.323949199528351,0.273964132243566,0.309781200548059,0.305717491872191,25,FALSE
OR5V1,5,5,0.00136542187718692,0.0339906112288305,0.224165043978694,0.0604181258565705,0.758466063817988,0.163881795636459,0.268923500614864,0.163881795636459,0.268923500614864,,,25,FALSE
CENPH,5,4,0.00201922879254155,0.0392682574879791,0.244686632712416,0.07520478480426,0.158930527343601,0.179021562274144,0.268363946613497,0.178092132032299,0.27216239784699,0.16716209478089,0.316831929362655,25,FALSE
CD302,7,1,0.00311993713154916,0.045634596549582,0.278893266044701,0.100217526652749,0.375775552186262,0.204779380970117,0.265742827446771,0.230206517980685,0.174571257149724,0.22730284481014,0.184982670848324,25,FALSE
HN1,7,6,0.000306944827311666,0.0201534857865718,0.417097716122894,0.0630755054482966,0.186217212318304,0.30671779076101,0.264638047860616,0.293327160552736,0.296742347861934,0.298629172544215,0.284030669551241,25,FALSE
SPRR4,6,5,0.00268446089600763,0.0433448346319828,0.201287239214566,0.066497444129035,0.758891409923823,0.148987437211391,0.259826714337439,0.127929682700872,0.364442161360747,0.233722954611195,-0.161141439085729,25,FALSE
LOC100216545,8,3,0.00212831806736562,0.0398313967999375,0.186577824950176,0.0641852561113525,0.294336757001546,0.138141818668246,0.259602159553871,0.0399470196553995,0.785896208908712,0.132588127333418,0.289368244222892,25,FALSE
SNORD30,9,8,0.0000127737705672519,0.00618405103817458,0.494768202741933,0.123559694968896,0.784897563398262,0.367959974928081,0.256298256660593,0.364339643161934,0.263615484700074,0.345290984109392,0.302115652954577,25,FALSE
SNORD31,9,8,0.0000127737705672519,0.00618405103817458,0.491750477044403,0.111497067540053,0.789127048052609,0.367431437018371,0.252809190492776,0.369269318111701,0.24907176434044,0.353802053568314,0.280525245862921,25,FALSE
USP15,9,7,0.00329367717690257,0.046053577896809,0.157700595262008,0.0909558797302893,0.221642377023811,0.117876622464677,0.252528994777516,0.193318876083883,-0.225860154571376,0.183357991779811,-0.162696890745245,25,FALSE
FMO3,5,3,0.000514515983045274,0.0248285029431898,0.297070050862084,0.059532289303163,0.731606210813628,0.222279514418575,0.251760607393679,0.170192738010863,0.427095604161472,0.224156194708862,0.245443308545004,25,FALSE
CD1E,5,3,0.000855786360715693,0.0294442826903011,0.262673705187083,0.0615654797899205,0.770560637651283,0.197617444416413,0.247669483035368,0.16813505273802,0.359909083331087,0.20274346829751,0.228154686617333,25,FALSE
RTP2,5,3,0.00372084143854477,0.0476455557293372,0.214718430356586,0.0519466316560513,0.326704378477265,0.161962719573055,0.245697170456761,0.0284368141603092,0.867562304208894,0.177502486476563,0.173324403583884,25,FALSE
RPL17,9,5,0.0000124690332529155,0.00618405103817458,0.441936972562749,0.0655327540808621,0.276879209339191,0.336756606657679,0.237998566390904,0.0917745006733831,0.792335771001028,0.348315940473377,0.211842497690277,25,FALSE
B9D1,14,1,0.00116996716261475,0.0325155953236037,0.259403064023629,0.105646875814075,0.295395900185113,0.198489026673971,0.234823892998079,0.0250345736612563,0.903491603865651,0.227762422591771,0.121974817648941,25,FALSE
MMAA,5,5,0.0024382267524465,0.0419907947159037,0.22407987824619,0.0533758511898167,0.23481829674898,0.171955033165531,0.232617250101285,0.171955033165531,0.232617250101285,,,25,FALSE
MOXD2,5,3,0.000751631253212208,0.0279890213142297,0.197931766320904,0.0483589310584716,0.633244451309241,0.15194615639681,0.232330619682029,0.172072893116397,0.130645392021524,0.157739739028781,0.203060014262491,25,FALSE
S100A8,5,4,0.00251580132342219,0.0422959010041591,0.20300459796141,0.0567801349270311,0.631507468889855,0.15605501167775,0.231273511807771,0.166574310941181,0.179455477294926,0.156902610603508,0.227098242211567,25,FALSE
PCP4L1,9,4,0.00269112506397952,0.0433448346319828,0.179285215889947,0.0708063501068355,0.412611328158276,0.138913189256866,0.225183244656732,0.148052322104373,0.174207859976285,0.121411125690539,0.322804587718677,25,FALSE
PNLIP,7,6,0.00202112297262595,0.0392682574879791,0.253000337642745,0.0830268209187838,0.734311749860688,0.196731776455282,0.222405083375492,0.178895366567707,0.292904633114281,0.200851871227092,0.20612014553629,25,FALSE
DBH,9,5,0.00189245409620192,0.0389311901409268,0.238085980582126,0.0706484164806315,0.57135121500863,0.186135814146938,0.218199182951337,0.185257280065522,0.221889169565703,0.166121893599859,0.302260917700037,25,FALSE
KLF9,8,7,0.00225589486841672,0.0407717685601603,0.356097498972121,0.0695664197475044,0.316031278856288,0.281464281149529,0.209586470104454,0.174856559838206,0.508964369750051,0.246930744176422,0.306564227805053,25,FALSE
METTL7A,5,4,0.0039881945204642,0.0492160909802192,0.174795837174123,0.0789634989003847,0.261831124430732,0.13881889771567,0.205822633079157,0.118211730579147,0.323715412848247,0.111741421234702,0.360731794067898,25,FALSE
EDAR,13,11,0.00136187618133254,0.0339576609414055,0.277666467747026,0.0807488264760569,0.359494903028806,0.22113945203955,0.203578833865444,0.209067589333352,0.247054961192405,0.208976809465252,0.247381899727105,25,FALSE
CD1C,6,3,0.000754132439417329,0.0279890213142297,0.256737761125146,0.0677115274919489,0.649159741249979,0.204818173209115,0.20222809332174,0.197494927777412,0.230752317415651,0.181326369271978,0.293729257132569,25,FALSE
PHC1,6,5,0.00343968011532334,0.0467566796484773,0.213877414521397,0.0789796202210409,0.219121671753855,0.173142874969379,0.190457415258979,0.250961068042114,-0.173387421966459,0.257773885423123,-0.205241264020113,25,FALSE
APLNR,6,6,0.00158499762243245,0.0360710766061355,0.218759952449848,0.0805845708433325,0.62530260620316,0.177516275064536,0.18853394747728,0.177516275064536,0.18853394747728,,,25,FALSE
PMS2L3,5,3,0.00226136094184415,0.0407717685601603,0.272234766304315,0.0736314682249282,0.292278698987457,0.221094664883656,0.187852940735323,0.266553929534844,0.0208674183925544,0.25765296002385,0.0535633507741072,25,FALSE
TIGIT,7,6,0.00236569790801235,0.0413451410980571,0.258256249037953,0.0770834051684249,0.416274934495927,0.210687331759915,0.184192705714731,0.126864372007845,0.50876552849956,0.263563231918011,-0.0205492912555927,25,FALSE
DOK5,8,5,0.00176794991625762,0.0376477767302536,0.279420960859818,0.0860421235575537,0.534742517583573,0.228963059440593,0.180580230144362,0.188474845565498,0.325480647602334,0.21403048948497,0.23402135320712,25,FALSE
TNFAIP8L2,7,6,0.000966145045537598,0.030048333641836,0.269289765044213,0.0985043361474266,0.231020574421487,0.226462433855519,0.159038094825707,0.236182506872643,0.122942875924505,0.226976472989802,0.157129224898184,25,FALSE
PIRT,9,7,0.000615450280114115,0.0265705904494198,0.345527012678813,0.0647252869465548,0.548126280271189,0.291290931017909,0.156966256387369,0.302716387082154,0.123899504310113,0.295367328691843,0.145168632686894,25,FALSE
RASA1,8,7,0.00178332842763719,0.0378219237721492,0.333309025883732,0.0699940007565787,0.228488186806697,0.28261504352288,0.152093038064129,0.244392173064583,0.26677001195331,0.260700106834366,0.217842642745275,25,FALSE
KRT38,5,4,0.00207218068495639,0.0395582706876266,0.258362139911782,0.0620579331442639,0.710648800456013,0.219376976442817,0.150893484170231,0.192063258420143,0.256612216922639,0.222458854950001,0.138964962025942,25,FALSE
CYBA,15,10,0.000738577871267469,0.0279771877294057,0.238686264993333,0.133894535696838,0.61902746483448,0.204120822008942,0.14481538342961,0.21203886494476,0.111641949943442,0.176457916424316,0.260711895469792,25,FALSE
ICOS,6,4,0.00318126136516248,0.0457042316124032,0.209624892697119,0.0540021530610119,0.436803794834237,0.179747310737907,0.142528788326589,0.103076480907736,0.508281294356255,0.166373321897048,0.206328409968768,25,FALSE
LRP3,11,1,0.000921686020768051,0.0297012848982882,0.265832817807463,0.0919167064805384,0.474867493446686,0.228656710309969,0.139847697527023,-0.00746813341388651,1.02809334632,0.217568084752255,0.181560476442622,25,FALSE
CACNA1E,34,12,0.00344643701176281,0.0467566796484773,0.0455876214439385,0.143624870638322,0.405492463196173,0.0393080722239549,0.137746805406505,0.00715535830824681,0.84304163977833,0.278044533863636,-5.09912351328885,25,FALSE
NECAB2,8,2,0.00160012030375535,0.0361242059406545,0.210237624739277,0.0769795713144611,0.376932970602002,0.181319358499046,0.137550385075431,0.172356756482831,0.180181203547288,0.164738401255326,0.216418081874623,25,FALSE
CHRNB3,9,5,0.00354209000718414,0.0471342612141354,0.119124451772179,0.109322339659175,0.626204398319167,0.102879064599958,0.136373237656445,0.0750057592905935,0.370357989692669,0.0898744810052332,0.245541283353692,25,FALSE
TMEM173,6,4,0.00343016406898806,0.0467566796484773,0.1372266970508,0.083236036234915,0.464363947068209,0.118556025304149,0.136057138646562,0.138047844794537,-0.00598387749166074,0.127586417778469,0.0702507564454613,25,FALSE
SIRPB1,6,4,0.000601669390384233,0.0262633623803029,0.299026282720796,0.075929828411808,0.604141118537723,0.258453812170245,0.135681954714443,0.304885932143195,-0.0195957671983977,0.298059803047032,0.00323208938348174,25,FALSE
PDE6C,6,5,0.0015210020831725,0.0356665934920122,0.254025449531083,0.0803730486654293,0.503132166883054,0.219620432961367,0.135439250804303,0.216239410255545,0.148749030245941,0.18411699215792,0.275202573215441,25,FALSE
ASPRV1,8,8,0.0000899748582719136,0.0127022283561481,0.283608335299945,0.0983776971589839,0.434990559715837,0.247956841879342,0.125706789904104,0.247956841879342,0.125706789904104,,,25,FALSE
KRT1,8,4,0.000903103885718378,0.0295355261295899,0.223664647387676,0.0652026513221188,0.672859836342796,0.195765791296076,0.12473520700499,0.178746683469897,0.200827285144994,0.179711390634626,0.196514099418074,25,FALSE
TSPYL6,6,6,0.0000488721231738775,0.0106962071801939,0.330407673904772,0.0468176773999099,0.611480570315284,0.290264225160544,0.121496720308613,0.290264225160544,0.121496720308613,,,25,FALSE
LOC100134229,5,3,0.00300239171324654,0.04478198191885,0.212897312751632,0.0488903424235039,0.385096144588708,0.188477403810109,0.114702757991181,0.107182877679925,0.496551289001165,0.217298667692751,-0.0206736049611553,25,FALSE
SNORD38A,6,5,0.0000000222038138232733,0.0000773662245514188,0.649977638594663,0.0974374311433657,0.567227057219295,0.578789295478183,0.109524295744079,0.621939027993916,0.043137808035011,0.622774070150526,0.0418530835967755,25,FALSE
PYHIN1,7,6,0.000200618568702549,0.0178554671032107,0.291733291990543,0.0695925680004638,0.727138927279053,0.260757845018989,0.106177278431967,0.247899022092789,0.150254602752622,0.254709895145859,0.126908370971537,25,FALSE
SLC7A13,5,4,0.00097466263653679,0.0300562305803263,0.237676170537866,0.0421071810132711,0.582460739252381,0.214231371730539,0.0986417727712075,0.215325902501984,0.0940366381084942,0.205341209934125,0.136046287394175,25,FALSE
MSMB,5,3,0.00258065567564048,0.0429418924358423,0.201423484408727,0.0545295813442948,0.584338626188695,0.183269540832926,0.0901282371769693,0.18836757266507,0.06481822008979,0.173010832793146,0.141059279651456,25,FALSE
KCNE2,5,3,0.000431807967160965,0.0237125729368321,0.261331193081372,0.0394927156447012,0.269035470625743,0.237963195753186,0.0894190894422257,0.134548692861608,0.485141091367103,0.234157567243925,0.103981562694607,25,FALSE
GRIP2,7,2,0.00356805251206526,0.0472727659974581,0.124997929743039,0.0677230658650425,0.481152077525917,0.114600255612441,0.0831827707224636,0.201458179222672,-0.611692126716131,0.192537540569885,-0.540325835521344,25,FALSE
LRSAM1,5,3,0.0000267229251703276,0.00811368296626401,0.320585125703168,0.0911667230045704,0.190067024179071,0.296855837152265,0.0740186822419011,0.319358238057888,0.00382702610605956,0.307421579739748,0.0410610003647168,25,FALSE
NUDT9P1,7,6,0.00193838685303577,0.0390256713815937,0.237181038396802,0.0672936225458977,0.702200875420494,0.219997489864806,0.0724490821363545,0.227422758437356,0.0411427491228022,0.218913511289612,0.077019340292406,25,FALSE
CTSG,7,3,0.000499726681247856,0.0248285029431898,0.227858424268195,0.0514127188556765,0.643851567673154,0.211659099637218,0.0710938148677329,0.0895035344178379,0.607196728822761,0.26545198259084,-0.164986475454586,25,FALSE
XIRP2,6,1,0.00135853241850277,0.0339576609414055,0.219278411382166,0.0553427460510205,0.735880193307532,0.204931616406671,0.0654273026015778,0.080930992398498,0.630921293672414,0.250526446705406,-0.142503929713266,25,FALSE
KRT2,7,6,0.000351962044465097,0.0215806143839727,0.287891080552708,0.0694650771458086,0.701488944416195,0.269664031739217,0.0633123081774463,0.269176203371004,0.0650067975213901,0.25342020897279,0.119735809507327,25,FALSE
MAP3K3,9,3,0.000217905202223816,0.018347916205286,0.253845999512878,0.120760060258699,0.121365843938336,0.23887451187323,0.0589786235291396,-0.0114803526096434,1.04522565898881,0.254345593046767,-0.0019680969361251,25,FALSE
SNORD15B,7,6,0.00115495674963528,0.0322691639375048,0.258509620364058,0.0711334642567742,0.594450119543921,0.244027861359693,0.0560201936932588,0.220564438404928,0.146784409437807,0.230786253135791,0.107243077411293,25,FALSE
P2RX7,9,6,0.000259893172466769,0.019121570441925,0.251974856805778,0.0882944838026843,0.368009680071141,0.238488481010797,0.0535227044711715,0.305985685043576,-0.214350070171599,0.341738327790841,-0.3562397936166,25,FALSE
FAM99B,6,4,0.00179494270162888,0.0378644003912555,0.206661668235031,0.0734121830278873,0.589531756727569,0.199038353753478,0.0368878977251055,0.166686290429275,0.193433925832311,0.184590926203703,0.106796496030544,25,FALSE
TPO,40,5,0.00270331279840299,0.0433448346319828,0.180344454191877,0.219620189435032,0.548164252293563,0.173718655036277,0.0367396889762394,0.0635053224908487,0.647866507592839,0.169861750827243,0.0581260089843452,25,FALSE
LOC100292680,12,9,0.00275282782398113,0.0435867929619545,0.234014474202346,0.118498187737936,0.545958882878717,0.226151180647092,0.0336017401575547,0.184854039931298,0.210074331678048,0.239972609078065,-0.0254605399774006,25,FALSE
MIR185,5,5,0.00203149504016711,0.0392682574879791,0.186631932892086,0.057694432632213,0.532436526620302,0.180719861872618,0.0316777034232764,0.180719861872618,0.0316777034232764,,,25,FALSE
ZBTB7C,6,2,0.00139154297466215,0.0342074728400627,0.285683098004296,0.0923920327843796,0.377676682969078,0.277424177113172,0.0289093787795615,0.15299189256379,0.464469919177757,0.268766650889255,0.0592140285274665,25,FALSE
CMAH,7,4,0.00124223260486891,0.0327986242092075,0.170221083510917,0.0810750730100689,0.423405568745692,0.165309070942399,0.0288566637410839,0.217232385341375,-0.276177902647665,0.187489037428906,-0.101444272130262,25,FALSE
RNU86,6,6,0.000168426909175321,0.0169933389030229,0.262610000993536,0.0741626449851866,0.781019290714524,0.256326655242569,0.0239265287962948,0.256326655242569,0.0239265287962948,,,25,FALSE
TLN2,37,2,0.001745644392034,0.0374256657546554,0.229747173215542,0.189613362214628,0.31370893298883,0.224800327954167,0.0215316915204591,0.124105662935443,0.459816365971078,0.228369035161686,0.0059984984126995,25,FALSE
HCG4,8,0,0.000134407458953515,0.0148554449917478,0.361092689234873,0.0589378114170342,0.793513330603234,0.355480848124561,0.0155412759039892,,,,,25,FALSE
GNB3,8,5,0.00101072329812305,0.0304698688377194,0.172449356693055,0.0771687539446921,0.443693903713445,0.17082199514817,0.009436750452955,0.177600359566523,-0.0298696554875335,0.164827411909346,0.0441981630425865,25,FALSE
TTC1,7,5,0.000664922273647053,0.0267664664127788,0.289861731300399,0.0673188412152032,0.233776443382628,0.288794868598576,0.00368059176710711,0.122164117255895,0.57854347758211,0.282124947258271,0.0266912917666612,25,FALSE
RBCK1,11,4,0.00319097716754422,0.0457347643819384,0.141686480601633,0.115081819251708,0.221645464698625,0.141742426912507,-0.000394859909263134,-0.0189362155209554,1.13364871115824,0.207475038966239,-0.464324881846548,25,FALSE
CDC42EP1,10,7,0.0000769666088212687,0.011989849098394,0.438002693891047,0.0831756576381044,0.279199547458879,0.438941870688009,-0.0021442260745459,0.426474256950563,0.0263204704018357,0.433334985418815,0.010656803114077,25,FALSE
CCL1,5,4,0.00050984968282382,0.0248285029431898,0.240599808196487,0.115735758208669,0.577113904453442,0.241243822677817,-0.00267670405125187,0.246311107046639,-0.0237377531302432,0.221646756121726,0.0787741778217986,25,FALSE
NCKAP1L,6,4,0.00260188619322712,0.0430371614439466,0.218787049986835,0.0589541737206977,0.443019707459806,0.21943814018471,-0.00297590829948247,0.245237681054493,-0.120896694156487,0.224804302425552,-0.0275027815361082,25,FALSE
OR11A1,8,8,0.00284759052923553,0.0440720760663499,0.191035837645089,0.0621293283982138,0.794778251830792,0.192124613169505,-0.00569932604184054,0.192124613169505,-0.00569932604184054,,,25,FALSE
TMEM123,6,3,0.0040122005635189,0.0492160909802192,0.168717160708645,0.0826700174053588,0.19692238048986,0.170404514338668,-0.0100010788643881,0.232341172784734,-0.377104568431898,0.213878441141617,-0.26767449288078,25,FALSE
SPRR1A,5,4,0.00350072578605585,0.0469484569673772,0.180047615267845,0.0526587299754634,0.763430821729282,0.182375099309756,-0.0129270473171685,0.170855961018788,0.0510512412807188,0.174814244614609,0.0290665924425064,25,FALSE
SOS2,8,3,0.00132504203673287,0.0336232083974824,0.379536392552882,0.0848711026140704,0.255954606009613,0.386323481341712,-0.0178825770650817,0.149278587789562,0.606681755113214,0.374702008271384,0.0127376040252175,25,FALSE
FAM81B,5,2,0.000588889040059945,0.0260666109361366,0.207729503136097,0.0588280236163287,0.456156746273738,0.217296771067629,-0.0460563751758651,0.0493662424807287,0.762353244313179,0.235221969385446,-0.132347431800948,25,FALSE
RAB38,9,6,0.00231756531066537,0.041126344780929,0.167859601324002,0.101581123235734,0.588371061488527,0.17870357791733,-0.0646014675824009,0.203098880177383,-0.209933054620818,0.196130856127112,-0.168422029959073,25,FALSE
NUPR1,6,5,0.00262634754279904,0.0431104006035701,0.211755952811479,0.0631675145032413,0.588853730102628,0.226703624585652,-0.0705891455503969,0.226987962220675,-0.071931906550728,0.209971477818027,0.00842703579172166,25,FALSE
TMEM178,13,11,0.00201659051759426,0.0392682574879791,0.18305999165857,0.113762158002457,0.379731434118241,0.199512284547812,-0.0898737771163458,0.206673827958725,-0.128995069245925,0.185145872175537,-0.0113945188026565,25,FALSE
CXXC5,34,28,0.00271881014391798,0.043363370696214,0.119321810057472,0.149547452528016,0.193042289124746,0.130434317988212,-0.0931305678768009,0.153429470159391,-0.285845983106454,0.18050827619657,-0.512785266244518,25,FALSE
IL1F9,7,6,0.00195110794174911,0.0390256713815937,0.226919440128647,0.0613795923132087,0.575388447283454,0.249929712711334,-0.101402826349484,0.236882534193484,-0.0439058639453214,0.248346126174094,-0.0944241975623585,25,FALSE
IMP5,9,9,0.0013700235255227,0.0339981586065933,0.164060149295495,0.106494536690558,0.762813152056567,0.181078955129989,-0.10373515998599,0.181078955129989,-0.10373515998599,,,25,FALSE
ACER1,5,4,0.00192390456626865,0.0389906849529557,0.223679477333614,0.0664478945699614,0.671516639945478,0.250908442833624,-0.121732068693089,0.203912739981826,0.0883708133952147,0.259542328052452,-0.160331431145781,25,FALSE
WBSCR28,7,6,0.00202397190170599,0.0392682574879791,0.12709318942795,0.0854770344241132,0.708081292839274,0.142666977644295,-0.122538338100125,0.144894867075113,-0.140067911799909,0.125250514620513,0.0144986117330975,25,FALSE
LOC286094,5,3,0.00125881188826576,0.0327986242092075,0.184974226153306,0.0413907408395359,0.850420514486587,0.208566307265217,-0.12754253174903,0.224687057332531,-0.214693863059122,0.201346808698945,-0.0885127776237797,25,FALSE
MGC27382,5,2,0.00251907415816234,0.0422959010041591,0.290256443808997,0.052308921846723,0.360195953348066,0.327354668289785,-0.127811889355335,0.201260505710068,0.30661141207081,0.318673866920506,-0.097904538271713,25,FALSE
C9orf144,5,3,0.00247207631826266,0.0420032815616212,0.171514803857906,0.0470452328016507,0.633900083798193,0.19492973568159,-0.136518430462026,0.160149985750051,0.0662614412996718,0.180981346625232,-0.0551937357848664,25,FALSE
MIR1180,9,8,0.000752121747395199,0.0279890213142297,0.168714960828067,0.0944572121430107,0.559216791441908,0.194808256383652,-0.154659049959271,0.160403951459447,0.0492606543476024,0.261279706026262,-0.548645743945167,25,FALSE
C7orf34,5,4,0.000411375794206567,0.0231877053827002,0.244934339289846,0.0472523621905465,0.799862375770735,0.285070561470673,-0.163865231380772,0.28853745142568,-0.178019596036456,0.270043602908543,-0.102514264400405,25,FALSE
MYLK4,18,5,0.000756652054820528,0.0279890213142297,0.220390894122541,0.100434686957877,0.387136331610279,0.256710301900874,-0.164795410095931,0.175851992987879,0.202090477975451,0.235908279794917,-0.0704084700693133,25,FALSE
ODF1,8,6,0.00358660224339643,0.0472727659974581,0.208055683771637,0.0548443419304337,0.451182930772784,0.244116938449422,-0.173325015803782,0.175505046908472,0.156451562740732,0.24974351321737,-0.200368616180128,25,FALSE
OR1A1,5,5,0.00161686299433315,0.0361515123622035,0.20556007661995,0.0569671266344735,0.597363091827577,0.241550690266552,-0.17508562089682,0.241550690266552,-0.17508562089682,,,25,FALSE
RPL7A,6,2,0.000225510922243352,0.0183766563692857,0.270090646038672,0.0683284878575995,0.278838417444003,0.317524752270064,-0.175622913740598,-0.0133486345470412,1.04942279469068,0.341791255254163,-0.265468687150406,25,FALSE
PAX4,10,8,0.00211755625414688,0.0397935483408409,0.15124388454393,0.0856264259010549,0.643111885383933,0.180960699539428,-0.196482754229086,0.182601287609354,-0.207330056087763,0.165714200226051,-0.0956753770623906,25,FALSE
C3orf30,9,8,0.00161831444506074,0.0361515123622035,0.179538705444509,0.0869074736230968,0.50475600039672,0.216043132085867,-0.203323436865493,0.197791591935832,-0.101665467878538,0.221851897866955,-0.235677272584127,25,FALSE
FAM110C,10,9,0.00393796677971765,0.0490937345844863,0.147245808838715,0.12908835965205,0.54969945297373,0.180563683525797,-0.226273840660395,0.17956281356819,-0.21947656768196,0.155855401577308,-0.0584708848862641,25,FALSE
C4orf11,5,4,0.00346140282348488,0.0468597815227446,0.195816133443745,0.0366240943223542,0.547784823509032,0.241384807269024,-0.232711539258176,0.250248537784391,-0.277977117530427,0.226733182054119,-0.157888157970677,25,FALSE
BPESC1,6,3,0.0034196674139333,0.0467550566615481,0.167219697715872,0.0676085983370045,0.492196386223951,0.206468364839415,-0.234713180681807,0.201888201049313,-0.207323083386666,0.1888927576134,-0.129608294917227,25,FALSE
CEACAM21,6,4,0.00395948779978478,0.0492160909802192,0.159024042884264,0.0711688837591867,0.49938162236004,0.199410100056916,-0.253961957199426,0.152693130154624,0.0398110412414023,0.20332626011397,-0.278588170858848,25,FALSE
VMO1,10,7,0.000653431275723465,0.0267664664127788,0.18398007591372,0.0890981111865947,0.455834070600833,0.23186157641666,-0.260253727286176,0.231406837295691,-0.257782051379368,0.211982591019754,-0.152204063222401,25,FALSE
KEL,7,5,0.000518129846090041,0.0248285029431898,0.227642091691423,0.0625181751302159,0.797018263750919,0.292044259796402,-0.282909753756253,0.296018728676489,-0.30036904193339,0.280615839117097,-0.232706293603564,25,FALSE
LAX1,6,6,0.00372188059303811,0.0476455557293372,0.143594471616706,0.0737223434395297,0.453595057954578,0.197369762681075,-0.374494160248111,0.197369762681075,-0.374494160248111,,,25,FALSE
VNN2,5,5,0.00333991334457779,0.0463981425796295,0.200277297838522,0.0638296391103433,0.434849349085953,0.275320425990507,-0.374696128627071,0.275320425990507,-0.374696128627071,,,25,FALSE
DNAJB6,57,8,0.000909211348515805,0.0295355261295899,0.105288398548308,0.238446360891182,0.181646321667466,0.145562310134754,-0.382510439343112,-0.0243558770966126,1.23132536378581,0.133659489123483,-0.269460747493066,25,FALSE
SNORD22,6,6,0.0000824473609786493,0.0122889005926055,0.218016909823517,0.0925236531626432,0.834836215181915,0.305049390735716,-0.399200598626277,0.305049390735716,-0.399200598626277,,,25,FALSE
MIR432,11,10,0.00301153833296746,0.04478198191885,0.137525476301957,0.0762666631749618,0.688374916685705,0.193135523343881,-0.404361784719976,0.186166175152316,-0.353685005558976,0.190247247653479,-0.383360034585618,25,FALSE
SLC35F4,5,4,0.00194649132523462,0.0390256713815937,0.16324395860633,0.0614242687113453,0.758252786248012,0.233796270576965,-0.432189421115266,0.234996136145828,-0.439539558781044,0.208943030729936,-0.27994342034924,25,FALSE
MIR136,11,11,0.00301153833296746,0.04478198191885,0.129964499323491,0.0692680559080224,0.692137229246682,0.196305203640932,-0.510452505590112,0.196305203640932,-0.510452505590112,,,25,FALSE
DPF3,38,5,0.00415377794998475,0.0498738192353374,0.0160080162225977,0.20418768564804,0.34996737541891,0.0292511391671808,-0.827280704893875,0.0238503225048228,-0.489898696576439,0.114908791622825,-6.17820309680938,25,FALSE
